store_id,store_url,landing_page_url,name,phone,pharmacy_phone,street_address,city,state,zip,country,latitude,longitude,google_maps_url,store_hours,pharmacy_hours,amenities,services,same_as,parse_status,raw_jsonld
16428,https://www.cvs.com/store-locator/aberdeen-md-pharmacies/1025-middleton-rd-aberdeen-md-21001/storeid=16428,https://www.cvs.com/store-locator/aberdeen-md-pharmacies/1025-middleton-rd-aberdeen-md-21001/storeid=16428,CVS Pharmacy,+14102978722,+14102978722,1025 Middleton Rd,Aberdeen,MD,21001,US,39.52063,-76.17845,https://www.google.com/maps?daddr=1025+MIDDLETON+RD+ABERDEEN+MD+21001,,CVS Pharmacy Counter: Mon: 09:00-18:00 | Tue: 09:00-18:00 | Wed: 09:00-18:00 | Thu: 09:00-18:00 | Fri: 09:00-18:00 | Sat: 09:00-18:00 | Sun: 10:00-18:00,Wheelchair Accessible,"COVID-19 vaccine, Flu shots, COVID-19 testing, Immunizations, Rx delivery, Accepts SNAP","https://www.facebook.com/CVS, https://twitter.com/cvspharmacy, https://www.youtube.com/user/CVSPharmacyVideos, https://www.instagram.com/cvspharmacy",ok,"{""@context"": ""https://schema.org"", ""@type"": [""Pharmacy""], ""name"": ""CVS Pharmacy"", ""alternateName"": [""CVS"", ""CVS Drug Store""], ""url"": ""https://www.cvs.com/store-locator/aberdeen-md-pharmacies/1025-middleton-rd-aberdeen-md-21001/storeid=16428"", ""logo"": ""https://www.cvs.com/content/dam/enterprise/headless/retail/nav/en/assets/logos/cvs-logo.svg"", ""image"": ""https://www.cvs.com/mobilelanding/storepickup/Landingpage-mobile-640_01.png"", ""telephone"": ""+14102978722"", ""priceRange"": ""$$"", ""paymentAccepted"": [""Cash"", ""Credit Card"", ""Debit Card"", ""Apple Pay"", ""Google Pay"", ""FSA"", ""HSA""], ""address"": {""@type"": ""PostalAddress"", ""streetAddress"": ""1025 Middleton Rd"", ""addressLocality"": ""Aberdeen"", ""addressRegion"": ""MD"", ""postalCode"": ""21001"", ""addressCountry"": ""US""}, ""geo"": {""@type"": ""GeoCoordinates"", ""latitude"": 39.52063, ""longitude"": -76.17845}, ""hasMap"": ""https://www.google.com/maps?daddr=1025+MIDDLETON+RD+ABERDEEN+MD+21001"", ""department"": [{""@context"": ""https://schema.org"", ""@type"": ""Pharmacy"", ""name"": ""CVS Pharmacy Counter"", ""telephone"": ""+14102978722"", ""openingHoursSpecification"": [{""@type"": ""OpeningHoursSpecification"", ""dayOfWeek"": [""Monday"", ""Tuesday"", ""Wednesday"", ""Thursday"", ""Friday""], ""opens"": ""09:00"", ""closes"": ""18:00""}, {""@type"": ""OpeningHoursSpecification"", ""dayOfWeek"": ""Saturday"", ""opens"": ""09:00"", ""closes"": ""18:00""}, {""@type"": ""OpeningHoursSpecification"", ""dayOfWeek"": ""Sunday"", ""opens"": ""10:00"", ""closes"": ""18:00""}]}], ""amenityFeature"": [{""@type"": ""LocationFeatureSpecification"", ""name"": ""Wheelchair Accessible"", ""value"": true}], ""makesOffer"": [{""@type"": ""Offer"", ""itemOffered"": {""@type"": ""Service"", ""name"": ""COVID-19 vaccine""}}, {""@type"": ""Offer"", ""itemOffered"": {""@type"": ""Service"", ""name"": ""Flu shots""}}, {""@type"": ""Offer"", ""itemOffered"": {""@type"": ""Service"", ""name"": ""COVID-19 testing""}}, {""@type"": ""Offer"", ""itemOffered"": {""@type"": ""Service"", ""name"": ""Immunizations""}}, {""@type"": ""Offer"", ""itemOffered"": {""@type"": ""Service"", ""name"": ""Rx delivery""}}, {""@type"": ""Offer"", ""itemOffered"": {""@type"": ""Service"", ""name"": ""Accepts SNAP""}}], ""sameAs"": [""https://www.facebook.com/CVS"", ""https://twitter.com/cvspharmacy"", ""https://www.youtube.com/user/CVSPharmacyVideos"", ""https://www.instagram.com/cvspharmacy""]}"
7271,https://www.cvs.com/store-locator/abilene-tx-pharmacies/4580-buffalo-gap-rd-abilene-tx-79606/storeid=7271,https://www.cvs.com/store-locator/abilene-tx-pharmacies/4580-buffalo-gap-rd-abilene-tx-79606/storeid=7271,CVS Pharmacy,+13256980651,+13256980651,4580 Buffalo Gap Rd,Abilene,TX,79606,US,32.39514,-99.76299,https://www.google.com/maps?daddr=4580+BUFFALO+GAP+RD+ABILENE+TX+79606,Mon: 07:00-23:00 | Tue: 07:00-23:00 | Wed: 07:00-23:00 | Thu: 07:00-23:00 | Fri: 07:00-23:00 | Sat: 07:00-23:00 | Sun: 07:00-23:00,CVS Pharmacy Counter: Mon: 08:00-18:00 | Tue: 08:00-18:00 | Wed: 08:00-18:00 | Thu: 08:00-18:00 | Fri: 08:00-18:00 | Sat: 09:00-18:00 | Sun: 10:00-18:00,Wheelchair Accessible,"COVID-19 vaccine, Flu shots, COVID-19 testing, In-store pickup, Immunizations, Photo, Drug disposal, Rx in-store pickup, Pharmacy, Rx delivery, Accepts SNAP, OTC Health Solutions","https://www.facebook.com/CVS, https://twitter.com/cvspharmacy, https://www.youtube.com/user/CVSPharmacyVideos, https://www.instagram.com/cvspharmacy",ok,"{""@context"": ""https://schema.org"", ""@type"": [""Pharmacy"", ""HealthAndBeautyBusiness"", ""Store""], ""name"": ""CVS Pharmacy"", ""alternateName"": [""CVS"", ""CVS Drug Store""], ""url"": ""https://www.cvs.com/store-locator/abilene-tx-pharmacies/4580-buffalo-gap-rd-abilene-tx-79606/storeid=7271"", ""logo"": ""https://www.cvs.com/content/dam/enterprise/headless/retail/nav/en/assets/logos/cvs-logo.svg"", ""image"": ""https://www.cvs.com/mobilelanding/storepickup/Landingpage-mobile-640_01.png"", ""telephone"": ""+13256980651"", ""priceRange"": ""$$"", ""paymentAccepted"": [""Cash"", ""Credit Card"", ""Debit Card"", ""Apple Pay"", ""Google Pay"", ""FSA"", ""HSA""], ""address"": {""@type"": ""PostalAddress"", ""streetAddress"": ""4580 Buffalo Gap Rd"", ""addressLocality"": ""Abilene"", ""addressRegion"": ""TX"", ""postalCode"": ""79606"", ""addressCountry"": ""US""}, ""geo"": {""@type"": ""GeoCoordinates"", ""latitude"": 32.39514, ""longitude"": -99.76299}, ""hasMap"": ""https://www.google.com/maps?daddr=4580+BUFFALO+GAP+RD+ABILENE+TX+79606"", ""openingHoursSpecification"": [{""@type"": ""OpeningHoursSpecification"", ""dayOfWeek"": [""Monday"", ""Tuesday"", ""Wednesday"", ""Thursday"", ""Friday""], ""opens"": ""07:00"", ""closes"": ""23:00""}, {""@type"": ""OpeningHoursSpecification"", ""dayOfWeek"": ""Saturday"", ""opens"": ""07:00"", ""closes"": ""23:00""}, {""@type"": ""OpeningHoursSpecification"", ""dayOfWeek"": ""Sunday"", ""opens"": ""07:00"", ""closes"": ""23:00""}], ""department"": [{""@context"": ""https://schema.org"", ""@type"": ""Pharmacy"", ""name"": ""CVS Pharmacy Counter"", ""telephone"": ""+13256980651"", ""openingHoursSpecification"": [{""@type"": ""OpeningHoursSpecification"", ""dayOfWeek"": [""Monday"", ""Tuesday"", ""Wednesday"", ""Thursday"", ""Friday""], ""opens"": ""08:00"", ""closes"": ""18:00""}, {""@type"": ""OpeningHoursSpecification"", ""dayOfWeek"": ""Saturday"", ""opens"": ""09:00"", ""closes"": ""18:00""}, {""@type"": ""OpeningHoursSpecification"", ""dayOfWeek"": ""Sunday"", ""opens"": ""10:00"", ""closes"": ""18:00""}]}], ""amenityFeature"": [{""@type"": ""LocationFeatureSpecification"", ""name"": ""Wheelchair Accessible"", ""value"": true}], ""makesOffer"": [{""@type"": ""Offer"", ""itemOffered"": {""@type"": ""Service"", ""name"": ""COVID-19 vaccine""}}, {""@type"": ""Offer"", ""itemOffered"": {""@type"": ""Service"", ""name"": ""Flu shots""}}, {""@type"": ""Offer"", ""itemOffered"": {""@type"": ""Service"", ""name"": ""COVID-19 testing""}}, {""@type"": ""Offer"", ""itemOffered"": {""@type"": ""Service"", ""name"": ""In-store pickup""}}, {""@type"": ""Offer"", ""itemOffered"": {""@type"": ""Service"", ""name"": ""Immunizations""}}, {""@type"": ""Offer"", ""itemOffered"": {""@type"": ""Service"", ""name"": ""Photo""}}, {""@type"": ""Offer"", ""itemOffered"": {""@type"": ""Service"", ""name"": ""Drug disposal""}}, {""@type"": ""Offer"", ""itemOffered"": {""@type"": ""Service"", ""name"": ""Rx in-store pickup""}}, {""@type"": ""Offer"", ""itemOffered"": {""@type"": ""Service"", ""name"": ""Pharmacy""}}, {""@type"": ""Offer"", ""itemOffered"": {""@type"": ""Service"", ""name"": ""Rx delivery""}}, {""@type"": ""Offer"", ""itemOffered"": {""@type"": ""Service"", ""name"": ""Accepts SNAP""}}, {""@type"": ""Offer"", ""itemOffered"": {""@type"": ""Service"", ""name"": ""OTC Health Solutions""}}], ""sameAs"": [""https://www.facebook.com/CVS"", ""https://twitter.com/cvspharmacy"", ""https://www.youtube.com/user/CVSPharmacyVideos"", ""https://www.instagram.com/cvspharmacy""]}"
3543,https://www.cvs.com/store-locator/abbeville-sc-pharmacies/902-w-greenwood-st-abbeville-sc-29620/storeid=3543,https://www.cvs.com/store-locator/abbeville-sc-pharmacies/902-w-greenwood-st-abbeville-sc-29620/storeid=3543,CVS Pharmacy,+18644595406,+18644595406,902 W. Greenwood St.,Abbeville,SC,29620,US,34.16113,-82.38437,https://www.google.com/maps?daddr=902+W.+GREENWOOD+ST.+ABBEVILLE+SC+29620,Mon: 08:00-21:00 | Tue: 08:00-21:00 | Wed: 08:00-21:00 | Thu: 08:00-21:00 | Fri: 08:00-21:00 | Sat: 09:00-21:00 | Sun: 10:00-19:00,CVS Pharmacy Counter: Mon: 08:00-18:00 | Tue: 08:00-18:00 | Wed: 08:00-18:00 | Thu: 08:00-18:00 | Fri: 08:00-18:00 | Sat: 10:00-18:00 | Sun: 11:00-18:00,"Wheelchair Accessible, UPS Access Point","COVID-19 Vaccinations, Flu Shots, Photo Printing","https://www.facebook.com/CVS, https://twitter.com/cvspharmacy, https://www.youtube.com/user/CVSPharmacyVideos, https://www.instagram.com/cvspharmacy",ok,"{""@context"": ""https://schema.org"", ""@type"": [""Pharmacy"", ""HealthAndBeautyBusiness"", ""Store""], ""name"": ""CVS Pharmacy"", ""alternateName"": [""CVS"", ""CVS Drug Store""], ""url"": ""https://www.cvs.com/store-locator/abbeville-sc-pharmacies/902-w-greenwood-st-abbeville-sc-29620/storeid=3543"", ""logo"": ""https://www.cvs.com/content/dam/enterprise/headless/retail/nav/en/assets/logos/cvs-logo.svg"", ""image"": ""https://www.cvs.com/mobilelanding/storepickup/Landingpage-mobile-640_01.png"", ""telephone"": ""+18644595406"", ""priceRange"": ""$$"", ""paymentAccepted"": [""Cash"", ""Credit Card"", ""Debit Card"", ""Apple Pay"", ""Google Pay"", ""FSA"", ""HSA""], ""address"": {""@type"": ""PostalAddress"", ""streetAddress"": ""902 W. Greenwood St."", ""addressLocality"": ""Abbeville"", ""addressRegion"": ""SC"", ""postalCode"": ""29620"", ""addressCountry"": ""US""}, ""geo"": {""@type"": ""GeoCoordinates"", ""latitude"": 34.16113, ""longitude"": -82.38437}, ""hasMap"": ""https://www.google.com/maps?daddr=902+W.+GREENWOOD+ST.+ABBEVILLE+SC+29620"", ""openingHoursSpecification"": [{""@type"": ""OpeningHoursSpecification"", ""dayOfWeek"": [""Monday"", ""Tuesday"", ""Wednesday"", ""Thursday"", ""Friday""], ""opens"": ""08:00"", ""closes"": ""21:00""}, {""@type"": ""OpeningHoursSpecification"", ""dayOfWeek"": ""Saturday"", ""opens"": ""09:00"", ""closes"": ""21:00""}, {""@type"": ""OpeningHoursSpecification"", ""dayOfWeek"": ""Sunday"", ""opens"": ""10:00"", ""closes"": ""19:00""}], ""department"": [{""@context"": ""https://schema.org"", ""@type"": ""Pharmacy"", ""name"": ""CVS Pharmacy Counter"", ""telephone"": ""+18644595406"", ""openingHoursSpecification"": [{""@type"": ""OpeningHoursSpecification"", ""dayOfWeek"": [""Monday"", ""Tuesday"", ""Wednesday"", ""Thursday"", ""Friday""], ""opens"": ""08:00"", ""closes"": ""18:00""}, {""@type"": ""OpeningHoursSpecification"", ""dayOfWeek"": ""Saturday"", ""opens"": ""10:00"", ""closes"": ""18:00""}, {""@type"": ""OpeningHoursSpecification"", ""dayOfWeek"": ""Sunday"", ""opens"": ""11:00"", ""closes"": ""18:00""}]}], ""amenityFeature"": [{""@type"": ""LocationFeatureSpecification"", ""name"": ""Wheelchair Accessible"", ""value"": true}, {""@type"": ""LocationFeatureSpecification"", ""name"": ""UPS Access Point"", ""value"": true}], ""makesOffer"": [{""@type"": ""Offer"", ""itemOffered"": {""@type"": ""Service"", ""name"": ""COVID-19 Vaccinations"", ""serviceType"": ""Immunization""}}, {""@type"": ""Offer"", ""itemOffered"": {""@type"": ""Service"", ""name"": ""Flu Shots"", ""serviceType"": ""Immunization""}}, {""@type"": ""Offer"", ""itemOffered"": {""@type"": ""Service"", ""name"": ""Photo Printing"", ""serviceType"": ""Photo Service""}}], ""sameAs"": [""https://www.facebook.com/CVS"", ""https://twitter.com/cvspharmacy"", ""https://www.youtube.com/user/CVSPharmacyVideos"", ""https://www.instagram.com/cvspharmacy""]}"
10156,https://www.cvs.com/store-locator/aberdeen-nc-pharmacies/1550-n-sandhills-blvd-aberdeen-nc-28315/storeid=10156,https://www.cvs.com/store-locator/aberdeen-nc-pharmacies/1550-n-sandhills-blvd-aberdeen-nc-28315/storeid=10156,CVS Pharmacy,+19109440438,+19109440438,1550 N. Sandhills Blvd.,Aberdeen,NC,28315,US,35.15239,-79.41635,https://www.google.com/maps?daddr=1550+N.+SANDHILLS+BLVD.+ABERDEEN+NC+28315,Mon: 08:00-22:00 | Tue: 08:00-22:00 | Wed: 08:00-22:00 | Thu: 08:00-22:00 | Fri: 08:00-22:00 | Sat: 08:00-22:00 | Sun: 08:00-22:00,CVS Pharmacy Counter: Mon: 08:00-18:00 | Tue: 08:00-18:00 | Wed: 08:00-18:00 | Thu: 08:00-18:00 | Fri: 08:00-18:00 | Sat: 09:00-18:00 | Sun: 10:00-18:00,"Wheelchair Accessible, UPS Access Point","COVID-19 vaccine, Flu shots, COVID-19 testing, In-store pickup, Immunizations, Photo, UPS access point, Drug disposal, Rx in-store pickup, Pharmacy, Rx delivery, Accepts SNAP, OTC Health Solutions, ATM inside","https://www.facebook.com/CVS, https://twitter.com/cvspharmacy, https://www.youtube.com/user/CVSPharmacyVideos, https://www.instagram.com/cvspharmacy",ok,"{""@context"": ""https://schema.org"", ""@type"": [""Pharmacy"", ""HealthAndBeautyBusiness"", ""Store""], ""name"": ""CVS Pharmacy"", ""alternateName"": [""CVS"", ""CVS Drug Store""], ""url"": ""https://www.cvs.com/store-locator/aberdeen-nc-pharmacies/1550-n-sandhills-blvd-aberdeen-nc-28315/storeid=10156"", ""logo"": ""https://www.cvs.com/content/dam/enterprise/headless/retail/nav/en/assets/logos/cvs-logo.svg"", ""image"": ""https://www.cvs.com/mobilelanding/storepickup/Landingpage-mobile-640_01.png"", ""telephone"": ""+19109440438"", ""priceRange"": ""$$"", ""paymentAccepted"": [""Cash"", ""Credit Card"", ""Debit Card"", ""Apple Pay"", ""Google Pay"", ""FSA"", ""HSA""], ""address"": {""@type"": ""PostalAddress"", ""streetAddress"": ""1550 N. Sandhills Blvd."", ""addressLocality"": ""Aberdeen"", ""addressRegion"": ""NC"", ""postalCode"": ""28315"", ""addressCountry"": ""US""}, ""geo"": {""@type"": ""GeoCoordinates"", ""latitude"": 35.15239, ""longitude"": -79.41635}, ""hasMap"": ""https://www.google.com/maps?daddr=1550+N.+SANDHILLS+BLVD.+ABERDEEN+NC+28315"", ""openingHoursSpecification"": [{""@type"": ""OpeningHoursSpecification"", ""dayOfWeek"": [""Monday"", ""Tuesday"", ""Wednesday"", ""Thursday"", ""Friday""], ""opens"": ""08:00"", ""closes"": ""22:00""}, {""@type"": ""OpeningHoursSpecification"", ""dayOfWeek"": ""Saturday"", ""opens"": ""08:00"", ""closes"": ""22:00""}, {""@type"": ""OpeningHoursSpecification"", ""dayOfWeek"": ""Sunday"", ""opens"": ""08:00"", ""closes"": ""22:00""}], ""department"": [{""@context"": ""https://schema.org"", ""@type"": ""Pharmacy"", ""name"": ""CVS Pharmacy Counter"", ""telephone"": ""+19109440438"", ""openingHoursSpecification"": [{""@type"": ""OpeningHoursSpecification"", ""dayOfWeek"": [""Monday"", ""Tuesday"", ""Wednesday"", ""Thursday"", ""Friday""], ""opens"": ""08:00"", ""closes"": ""18:00""}, {""@type"": ""OpeningHoursSpecification"", ""dayOfWeek"": ""Saturday"", ""opens"": ""09:00"", ""closes"": ""18:00""}, {""@type"": ""OpeningHoursSpecification"", ""dayOfWeek"": ""Sunday"", ""opens"": ""10:00"", ""closes"": ""18:00""}]}], ""amenityFeature"": [{""@type"": ""LocationFeatureSpecification"", ""name"": ""Wheelchair Accessible"", ""value"": true}, {""@type"": ""LocationFeatureSpecification"", ""name"": ""UPS Access Point"", ""value"": true}], ""makesOffer"": [{""@type"": ""Offer"", ""itemOffered"": {""@type"": ""Service"", ""name"": ""COVID-19 vaccine""}}, {""@type"": ""Offer"", ""itemOffered"": {""@type"": ""Service"", ""name"": ""Flu shots""}}, {""@type"": ""Offer"", ""itemOffered"": {""@type"": ""Service"", ""name"": ""COVID-19 testing""}}, {""@type"": ""Offer"", ""itemOffered"": {""@type"": ""Service"", ""name"": ""In-store pickup""}}, {""@type"": ""Offer"", ""itemOffered"": {""@type"": ""Service"", ""name"": ""Immunizations""}}, {""@type"": ""Offer"", ""itemOffered"": {""@type"": ""Service"", ""name"": ""Photo""}}, {""@type"": ""Offer"", ""itemOffered"": {""@type"": ""Service"", ""name"": ""UPS access point""}}, {""@type"": ""Offer"", ""itemOffered"": {""@type"": ""Service"", ""name"": ""Drug disposal""}}, {""@type"": ""Offer"", ""itemOffered"": {""@type"": ""Service"", ""name"": ""Rx in-store pickup""}}, {""@type"": ""Offer"", ""itemOffered"": {""@type"": ""Service"", ""name"": ""Pharmacy""}}, {""@type"": ""Offer"", ""itemOffered"": {""@type"": ""Service"", ""name"": ""Rx delivery""}}, {""@type"": ""Offer"", ""itemOffered"": {""@type"": ""Service"", ""name"": ""Accepts SNAP""}}, {""@type"": ""Offer"", ""itemOffered"": {""@type"": ""Service"", ""name"": ""OTC Health Solutions""}}, {""@type"": ""Offer"", ""itemOffered"": {""@type"": ""Service"", ""name"": ""ATM inside""}}], ""sameAs"": [""https://www.facebook.com/CVS"", ""https://twitter.com/cvspharmacy"", ""https://www.youtube.com/user/CVSPharmacyVideos"", ""https://www.instagram.com/cvspharmacy""]}"
5275,https://www.cvs.com/store-locator/abbeville-la-pharmacies/1100-veterans-memorial-dr-abbeville-la-70510/storeid=5275,https://www.cvs.com/store-locator/abbeville-la-pharmacies/1100-veterans-memorial-dr-abbeville-la-70510/storeid=5275,CVS Pharmacy,+13378930592,+13378930592,1100 Veterans Memorial Dr.,Abbeville,LA,70510,US,29.98108,-92.1237,https://www.google.com/maps?daddr=1100+VETERANS+MEMORIAL+DR.+ABBEVILLE+LA+70510,Mon: 08:00-21:00 | Tue: 08:00-21:00 | Wed: 08:00-21:00 | Thu: 08:00-21:00 | Fri: 08:00-21:00 | Sat: 08:00-21:00 | Sun: 08:00-21:00,CVS Pharmacy Counter: Mon: 09:00-18:00 | Tue: 09:00-18:00 | Wed: 09:00-18:00 | Thu: 09:00-18:00 | Fri: 09:00-18:00 | Sat: 10:00-18:00 | Sun: 11:00-17:00,"Wheelchair Accessible, UPS Access Point","COVID-19 vaccine, Flu shots, COVID-19 testing, In-store pickup, Immunizations, Photo, UPS access point, Pharmacy, Rx delivery, Accepts SNAP, OTC Health Solutions, ATM inside","https://www.facebook.com/CVS, https://twitter.com/cvspharmacy, https://www.youtube.com/user/CVSPharmacyVideos, https://www.instagram.com/cvspharmacy",ok,"{""@context"": ""https://schema.org"", ""@type"": [""Pharmacy"", ""HealthAndBeautyBusiness"", ""Store""], ""name"": ""CVS Pharmacy"", ""alternateName"": [""CVS"", ""CVS Drug Store""], ""url"": ""https://www.cvs.com/store-locator/abbeville-la-pharmacies/1100-veterans-memorial-dr-abbeville-la-70510/storeid=5275"", ""logo"": ""https://www.cvs.com/content/dam/enterprise/headless/retail/nav/en/assets/logos/cvs-logo.svg"", ""image"": ""https://www.cvs.com/mobilelanding/storepickup/Landingpage-mobile-640_01.png"", ""telephone"": ""+13378930592"", ""priceRange"": ""$$"", ""paymentAccepted"": [""Cash"", ""Credit Card"", ""Debit Card"", ""Apple Pay"", ""Google Pay"", ""FSA"", ""HSA""], ""address"": {""@type"": ""PostalAddress"", ""streetAddress"": ""1100 Veterans Memorial Dr."", ""addressLocality"": ""Abbeville"", ""addressRegion"": ""LA"", ""postalCode"": ""70510"", ""addressCountry"": ""US""}, ""geo"": {""@type"": ""GeoCoordinates"", ""latitude"": 29.98108, ""longitude"": -92.1237}, ""hasMap"": ""https://www.google.com/maps?daddr=1100+VETERANS+MEMORIAL+DR.+ABBEVILLE+LA+70510"", ""openingHoursSpecification"": [{""@type"": ""OpeningHoursSpecification"", ""dayOfWeek"": [""Monday"", ""Tuesday"", ""Wednesday"", ""Thursday"", ""Friday""], ""opens"": ""08:00"", ""closes"": ""21:00""}, {""@type"": ""OpeningHoursSpecification"", ""dayOfWeek"": ""Saturday"", ""opens"": ""08:00"", ""closes"": ""21:00""}, {""@type"": ""OpeningHoursSpecification"", ""dayOfWeek"": ""Sunday"", ""opens"": ""08:00"", ""closes"": ""21:00""}], ""department"": [{""@context"": ""https://schema.org"", ""@type"": ""Pharmacy"", ""name"": ""CVS Pharmacy Counter"", ""telephone"": ""+13378930592"", ""openingHoursSpecification"": [{""@type"": ""OpeningHoursSpecification"", ""dayOfWeek"": [""Monday"", ""Tuesday"", ""Wednesday"", ""Thursday"", ""Friday""], ""opens"": ""09:00"", ""closes"": ""18:00""}, {""@type"": ""OpeningHoursSpecification"", ""dayOfWeek"": ""Saturday"", ""opens"": ""10:00"", ""closes"": ""18:00""}, {""@type"": ""OpeningHoursSpecification"", ""dayOfWeek"": ""Sunday"", ""opens"": ""11:00"", ""closes"": ""17:00""}]}], ""amenityFeature"": [{""@type"": ""LocationFeatureSpecification"", ""name"": ""Wheelchair Accessible"", ""value"": true}, {""@type"": ""LocationFeatureSpecification"", ""name"": ""UPS Access Point"", ""value"": true}], ""makesOffer"": [{""@type"": ""Offer"", ""itemOffered"": {""@type"": ""Service"", ""name"": ""COVID-19 vaccine""}}, {""@type"": ""Offer"", ""itemOffered"": {""@type"": ""Service"", ""name"": ""Flu shots""}}, {""@type"": ""Offer"", ""itemOffered"": {""@type"": ""Service"", ""name"": ""COVID-19 testing""}}, {""@type"": ""Offer"", ""itemOffered"": {""@type"": ""Service"", ""name"": ""In-store pickup""}}, {""@type"": ""Offer"", ""itemOffered"": {""@type"": ""Service"", ""name"": ""Immunizations""}}, {""@type"": ""Offer"", ""itemOffered"": {""@type"": ""Service"", ""name"": ""Photo""}}, {""@type"": ""Offer"", ""itemOffered"": {""@type"": ""Service"", ""name"": ""UPS access point""}}, {""@type"": ""Offer"", ""itemOffered"": {""@type"": ""Service"", ""name"": ""Pharmacy""}}, {""@type"": ""Offer"", ""itemOffered"": {""@type"": ""Service"", ""name"": ""Rx delivery""}}, {""@type"": ""Offer"", ""itemOffered"": {""@type"": ""Service"", ""name"": ""Accepts SNAP""}}, {""@type"": ""Offer"", ""itemOffered"": {""@type"": ""Service"", ""name"": ""OTC Health Solutions""}}, {""@type"": ""Offer"", ""itemOffered"": {""@type"": ""Service"", ""name"": ""ATM inside""}}], ""sameAs"": [""https://www.facebook.com/CVS"", ""https://twitter.com/cvspharmacy"", ""https://www.youtube.com/user/CVSPharmacyVideos"", ""https://www.instagram.com/cvspharmacy""]}"
2511,https://www.cvs.com/store-locator/aberdeen-nj-pharmacies/557-south-atlantic-avenue-aberdeen-nj-07747/storeid=2511,https://www.cvs.com/store-locator/aberdeen-nj-pharmacies/557-south-atlantic-avenue-aberdeen-nj-07747/storeid=2511,CVS Pharmacy,+17327654601,+17327654601,557 South Atlantic Avenue,Aberdeen,NJ,07747,US,40.40242,-74.22865,https://www.google.com/maps?daddr=557+SOUTH+ATLANTIC+AVENUE+ABERDEEN+NJ+07747,Mon: 08:00-22:00 | Tue: 08:00-22:00 | Wed: 08:00-22:00 | Thu: 08:00-22:00 | Fri: 08:00-22:00 | Sat: 08:00-22:00 | Sun: 08:00-22:00,CVS Pharmacy Counter: Mon: 09:00-18:00 | Tue: 09:00-18:00 | Wed: 09:00-18:00 | Thu: 09:00-18:00 | Fri: 09:00-18:00 | Sat: 09:00-18:00 | Sun: 10:00-17:00,"Wheelchair Accessible, UPS Access Point","COVID-19 Vaccinations, Flu Shots, Photo Printing","https://www.facebook.com/CVS, https://twitter.com/cvspharmacy, https://www.youtube.com/user/CVSPharmacyVideos, https://www.instagram.com/cvspharmacy",ok,"{""@context"": ""https://schema.org"", ""@type"": [""Pharmacy"", ""HealthAndBeautyBusiness"", ""Store""], ""name"": ""CVS Pharmacy"", ""alternateName"": [""CVS"", ""CVS Drug Store""], ""url"": ""https://www.cvs.com/store-locator/aberdeen-nj-pharmacies/557-south-atlantic-avenue-aberdeen-nj-07747/storeid=2511"", ""logo"": ""https://www.cvs.com/content/dam/enterprise/headless/retail/nav/en/assets/logos/cvs-logo.svg"", ""image"": ""https://www.cvs.com/mobilelanding/storepickup/Landingpage-mobile-640_01.png"", ""telephone"": ""+17327654601"", ""priceRange"": ""$$"", ""paymentAccepted"": [""Cash"", ""Credit Card"", ""Debit Card"", ""Apple Pay"", ""Google Pay"", ""FSA"", ""HSA""], ""address"": {""@type"": ""PostalAddress"", ""streetAddress"": ""557 South Atlantic Avenue"", ""addressLocality"": ""Aberdeen"", ""addressRegion"": ""NJ"", ""postalCode"": ""07747"", ""addressCountry"": ""US""}, ""geo"": {""@type"": ""GeoCoordinates"", ""latitude"": 40.40242, ""longitude"": -74.22865}, ""hasMap"": ""https://www.google.com/maps?daddr=557+SOUTH+ATLANTIC+AVENUE+ABERDEEN+NJ+07747"", ""openingHoursSpecification"": [{""@type"": ""OpeningHoursSpecification"", ""dayOfWeek"": [""Monday"", ""Tuesday"", ""Wednesday"", ""Thursday"", ""Friday""], ""opens"": ""08:00"", ""closes"": ""22:00""}, {""@type"": ""OpeningHoursSpecification"", ""dayOfWeek"": ""Saturday"", ""opens"": ""08:00"", ""closes"": ""22:00""}, {""@type"": ""OpeningHoursSpecification"", ""dayOfWeek"": ""Sunday"", ""opens"": ""08:00"", ""closes"": ""22:00""}], ""department"": [{""@context"": ""https://schema.org"", ""@type"": ""Pharmacy"", ""name"": ""CVS Pharmacy Counter"", ""telephone"": ""+17327654601"", ""openingHoursSpecification"": [{""@type"": ""OpeningHoursSpecification"", ""dayOfWeek"": [""Monday"", ""Tuesday"", ""Wednesday"", ""Thursday"", ""Friday""], ""opens"": ""09:00"", ""closes"": ""18:00""}, {""@type"": ""OpeningHoursSpecification"", ""dayOfWeek"": ""Saturday"", ""opens"": ""09:00"", ""closes"": ""18:00""}, {""@type"": ""OpeningHoursSpecification"", ""dayOfWeek"": ""Sunday"", ""opens"": ""10:00"", ""closes"": ""17:00""}]}], ""amenityFeature"": [{""@type"": ""LocationFeatureSpecification"", ""name"": ""Wheelchair Accessible"", ""value"": true}, {""@type"": ""LocationFeatureSpecification"", ""name"": ""UPS Access Point"", ""value"": true}], ""makesOffer"": [{""@type"": ""Offer"", ""itemOffered"": {""@type"": ""Service"", ""name"": ""COVID-19 Vaccinations"", ""serviceType"": ""Immunization""}}, {""@type"": ""Offer"", ""itemOffered"": {""@type"": ""Service"", ""name"": ""Flu Shots"", ""serviceType"": ""Immunization""}}, {""@type"": ""Offer"", ""itemOffered"": {""@type"": ""Service"", ""name"": ""Photo Printing"", ""serviceType"": ""Photo Service""}}], ""sameAs"": [""https://www.facebook.com/CVS"", ""https://twitter.com/cvspharmacy"", ""https://www.youtube.com/user/CVSPharmacyVideos"", ""https://www.instagram.com/cvspharmacy""]}"
7443,https://www.cvs.com/store-locator/abilene-tx-pharmacies/965-north-judge-ely-blvd-abilene-tx-79601/storeid=7443,https://www.cvs.com/store-locator/abilene-tx-pharmacies/965-north-judge-ely-blvd-abilene-tx-79601/storeid=7443,CVS Pharmacy,+13256770616,+13256770616,965 North Judge Ely Blvd.,Abilene,TX,79601,US,32.45937,-99.70543,https://www.google.com/maps?daddr=965+NORTH+JUDGE+ELY+BLVD.+ABILENE+TX+79601,Mon: 08:00-22:00 | Tue: 08:00-22:00 | Wed: 08:00-22:00 | Thu: 08:00-22:00 | Fri: 08:00-22:00 | Sat: 09:00-23:00 | Sun: 10:00-19:00,CVS Pharmacy Counter: Mon: 09:00-18:00 | Tue: 09:00-18:00 | Wed: 09:00-18:00 | Thu: 09:00-18:00 | Fri: 09:00-18:00 | Sat: 10:00-18:00 | Sun: 12:00 PM-18:00,"Wheelchair Accessible, UPS Access Point","COVID-19 Vaccinations, Flu Shots, Photo Printing","https://www.facebook.com/CVS, https://twitter.com/cvspharmacy, https://www.youtube.com/user/CVSPharmacyVideos, https://www.instagram.com/cvspharmacy",ok,"{""@context"": ""https://schema.org"", ""@type"": [""Pharmacy"", ""HealthAndBeautyBusiness"", ""Store""], ""name"": ""CVS Pharmacy"", ""alternateName"": [""CVS"", ""CVS Drug Store""], ""url"": ""https://www.cvs.com/store-locator/abilene-tx-pharmacies/965-north-judge-ely-blvd-abilene-tx-79601/storeid=7443"", ""logo"": ""https://www.cvs.com/content/dam/enterprise/headless/retail/nav/en/assets/logos/cvs-logo.svg"", ""image"": ""https://www.cvs.com/mobilelanding/storepickup/Landingpage-mobile-640_01.png"", ""telephone"": ""+13256770616"", ""priceRange"": ""$$"", ""paymentAccepted"": [""Cash"", ""Credit Card"", ""Debit Card"", ""Apple Pay"", ""Google Pay"", ""FSA"", ""HSA""], ""address"": {""@type"": ""PostalAddress"", ""streetAddress"": ""965 North Judge Ely Blvd."", ""addressLocality"": ""Abilene"", ""addressRegion"": ""TX"", ""postalCode"": ""79601"", ""addressCountry"": ""US""}, ""geo"": {""@type"": ""GeoCoordinates"", ""latitude"": 32.45937, ""longitude"": -99.70543}, ""hasMap"": ""https://www.google.com/maps?daddr=965+NORTH+JUDGE+ELY+BLVD.+ABILENE+TX+79601"", ""openingHoursSpecification"": [{""@type"": ""OpeningHoursSpecification"", ""dayOfWeek"": [""Monday"", ""Tuesday"", ""Wednesday"", ""Thursday"", ""Friday""], ""opens"": ""08:00"", ""closes"": ""22:00""}, {""@type"": ""OpeningHoursSpecification"", ""dayOfWeek"": ""Saturday"", ""opens"": ""09:00"", ""closes"": ""23:00""}, {""@type"": ""OpeningHoursSpecification"", ""dayOfWeek"": ""Sunday"", ""opens"": ""10:00"", ""closes"": ""19:00""}], ""department"": [{""@context"": ""https://schema.org"", ""@type"": ""Pharmacy"", ""name"": ""CVS Pharmacy Counter"", ""telephone"": ""+13256770616"", ""openingHoursSpecification"": [{""@type"": ""OpeningHoursSpecification"", ""dayOfWeek"": [""Monday"", ""Tuesday"", ""Wednesday"", ""Thursday"", ""Friday""], ""opens"": ""09:00"", ""closes"": ""18:00""}, {""@type"": ""OpeningHoursSpecification"", ""dayOfWeek"": ""Saturday"", ""opens"": ""10:00"", ""closes"": ""18:00""}, {""@type"": ""OpeningHoursSpecification"", ""dayOfWeek"": ""Sunday"", ""opens"": ""12:00 PM"", ""closes"": ""18:00""}]}], ""amenityFeature"": [{""@type"": ""LocationFeatureSpecification"", ""name"": ""Wheelchair Accessible"", ""value"": true}, {""@type"": ""LocationFeatureSpecification"", ""name"": ""UPS Access Point"", ""value"": true}], ""makesOffer"": [{""@type"": ""Offer"", ""itemOffered"": {""@type"": ""Service"", ""name"": ""COVID-19 Vaccinations"", ""serviceType"": ""Immunization""}}, {""@type"": ""Offer"", ""itemOffered"": {""@type"": ""Service"", ""name"": ""Flu Shots"", ""serviceType"": ""Immunization""}}, {""@type"": ""Offer"", ""itemOffered"": {""@type"": ""Service"", ""name"": ""Photo Printing"", ""serviceType"": ""Photo Service""}}], ""sameAs"": [""https://www.facebook.com/CVS"", ""https://twitter.com/cvspharmacy"", ""https://www.youtube.com/user/CVSPharmacyVideos"", ""https://www.instagram.com/cvspharmacy""]}"
16991,https://www.cvs.com/store-locator/abingdon-md-pharmacies/403-constant-friendship-blvd-abingdon-md-21009/storeid=16991,https://www.cvs.com/store-locator/abingdon-md-pharmacies/403-constant-friendship-blvd-abingdon-md-21009/storeid=16991,CVS Pharmacy,+14106709001,+14106709001,403 Constant Friendship Blvd,Abingdon,MD,21009,US,39.45968,-76.31681,https://www.google.com/maps?daddr=403+CONSTANT+FRIENDSHIP+BLVD+ABINGDON+MD+21009,,CVS Pharmacy Counter: Mon: 09:00-18:00 | Tue: 09:00-18:00 | Wed: 09:00-18:00 | Thu: 09:00-18:00 | Fri: 09:00-18:00 | Sat: 10:00-18:00 | Sun: 11:00-17:00,Wheelchair Accessible,"COVID-19 Vaccinations, Flu Shots, Photo Printing","https://www.facebook.com/CVS, https://twitter.com/cvspharmacy, https://www.youtube.com/user/CVSPharmacyVideos, https://www.instagram.com/cvspharmacy",ok,"{""@context"": ""https://schema.org"", ""@type"": [""Pharmacy""], ""name"": ""CVS Pharmacy"", ""alternateName"": [""CVS"", ""CVS Drug Store""], ""url"": ""https://www.cvs.com/store-locator/abingdon-md-pharmacies/403-constant-friendship-blvd-abingdon-md-21009/storeid=16991"", ""logo"": ""https://www.cvs.com/content/dam/enterprise/headless/retail/nav/en/assets/logos/cvs-logo.svg"", ""image"": ""https://www.cvs.com/mobilelanding/storepickup/Landingpage-mobile-640_01.png"", ""telephone"": ""+14106709001"", ""priceRange"": ""$$"", ""paymentAccepted"": [""Cash"", ""Credit Card"", ""Debit Card"", ""Apple Pay"", ""Google Pay"", ""FSA"", ""HSA""], ""address"": {""@type"": ""PostalAddress"", ""streetAddress"": ""403 Constant Friendship Blvd"", ""addressLocality"": ""Abingdon"", ""addressRegion"": ""MD"", ""postalCode"": ""21009"", ""addressCountry"": ""US""}, ""geo"": {""@type"": ""GeoCoordinates"", ""latitude"": 39.45968, ""longitude"": -76.31681}, ""hasMap"": ""https://www.google.com/maps?daddr=403+CONSTANT+FRIENDSHIP+BLVD+ABINGDON+MD+21009"", ""department"": [{""@context"": ""https://schema.org"", ""@type"": ""Pharmacy"", ""name"": ""CVS Pharmacy Counter"", ""telephone"": ""+14106709001"", ""openingHoursSpecification"": [{""@type"": ""OpeningHoursSpecification"", ""dayOfWeek"": [""Monday"", ""Tuesday"", ""Wednesday"", ""Thursday"", ""Friday""], ""opens"": ""09:00"", ""closes"": ""18:00""}, {""@type"": ""OpeningHoursSpecification"", ""dayOfWeek"": ""Saturday"", ""opens"": ""10:00"", ""closes"": ""18:00""}, {""@type"": ""OpeningHoursSpecification"", ""dayOfWeek"": ""Sunday"", ""opens"": ""11:00"", ""closes"": ""17:00""}]}], ""amenityFeature"": [{""@type"": ""LocationFeatureSpecification"", ""name"": ""Wheelchair Accessible"", ""value"": true}], ""makesOffer"": [{""@type"": ""Offer"", ""itemOffered"": {""@type"": ""Service"", ""name"": ""COVID-19 Vaccinations"", ""serviceType"": ""Immunization""}}, {""@type"": ""Offer"", ""itemOffered"": {""@type"": ""Service"", ""name"": ""Flu Shots"", ""serviceType"": ""Immunization""}}, {""@type"": ""Offer"", ""itemOffered"": {""@type"": ""Service"", ""name"": ""Photo Printing"", ""serviceType"": ""Photo Service""}}], ""sameAs"": [""https://www.facebook.com/CVS"", ""https://twitter.com/cvspharmacy"", ""https://www.youtube.com/user/CVSPharmacyVideos"", ""https://www.instagram.com/cvspharmacy""]}"
5505,https://www.cvs.com/store-locator/abingdon-va-pharmacies/801-e-main-st-abingdon-va-24210/storeid=5505,https://www.cvs.com/store-locator/abingdon-va-pharmacies/801-e-main-st-abingdon-va-24210/storeid=5505,CVS Pharmacy,+12766288119,+12766288119,801 E. Main St.,Abingdon,VA,24210,US,36.71879,-81.9515,https://www.google.com/maps?daddr=801+E.+MAIN+ST.+ABINGDON+VA+24210,Mon: 08:00-22:00 | Tue: 08:00-22:00 | Wed: 08:00-22:00 | Thu: 08:00-22:00 | Fri: 08:00-22:00 | Sat: 08:00-22:00 | Sun: 09:00-22:00,CVS Pharmacy Counter: Mon: 08:00-18:00 | Tue: 08:00-18:00 | Wed: 08:00-18:00 | Thu: 08:00-18:00 | Fri: 08:00-18:00 | Sat: 09:00-18:00 | Sun: 10:00-18:00,"Wheelchair Accessible, UPS Access Point","COVID-19 Vaccinations, Flu Shots, Photo Printing","https://www.facebook.com/CVS, https://twitter.com/cvspharmacy, https://www.youtube.com/user/CVSPharmacyVideos, https://www.instagram.com/cvspharmacy",ok,"{""@context"": ""https://schema.org"", ""@type"": [""Pharmacy"", ""HealthAndBeautyBusiness"", ""Store""], ""name"": ""CVS Pharmacy"", ""alternateName"": [""CVS"", ""CVS Drug Store""], ""url"": ""https://www.cvs.com/store-locator/abingdon-va-pharmacies/801-e-main-st-abingdon-va-24210/storeid=5505"", ""logo"": ""https://www.cvs.com/content/dam/enterprise/headless/retail/nav/en/assets/logos/cvs-logo.svg"", ""image"": ""https://www.cvs.com/mobilelanding/storepickup/Landingpage-mobile-640_01.png"", ""telephone"": ""+12766288119"", ""priceRange"": ""$$"", ""paymentAccepted"": [""Cash"", ""Credit Card"", ""Debit Card"", ""Apple Pay"", ""Google Pay"", ""FSA"", ""HSA""], ""address"": {""@type"": ""PostalAddress"", ""streetAddress"": ""801 E. Main St."", ""addressLocality"": ""Abingdon"", ""addressRegion"": ""VA"", ""postalCode"": ""24210"", ""addressCountry"": ""US""}, ""geo"": {""@type"": ""GeoCoordinates"", ""latitude"": 36.71879, ""longitude"": -81.9515}, ""hasMap"": ""https://www.google.com/maps?daddr=801+E.+MAIN+ST.+ABINGDON+VA+24210"", ""openingHoursSpecification"": [{""@type"": ""OpeningHoursSpecification"", ""dayOfWeek"": [""Monday"", ""Tuesday"", ""Wednesday"", ""Thursday"", ""Friday""], ""opens"": ""08:00"", ""closes"": ""22:00""}, {""@type"": ""OpeningHoursSpecification"", ""dayOfWeek"": ""Saturday"", ""opens"": ""08:00"", ""closes"": ""22:00""}, {""@type"": ""OpeningHoursSpecification"", ""dayOfWeek"": ""Sunday"", ""opens"": ""09:00"", ""closes"": ""22:00""}], ""department"": [{""@context"": ""https://schema.org"", ""@type"": ""Pharmacy"", ""name"": ""CVS Pharmacy Counter"", ""telephone"": ""+12766288119"", ""openingHoursSpecification"": [{""@type"": ""OpeningHoursSpecification"", ""dayOfWeek"": [""Monday"", ""Tuesday"", ""Wednesday"", ""Thursday"", ""Friday""], ""opens"": ""08:00"", ""closes"": ""18:00""}, {""@type"": ""OpeningHoursSpecification"", ""dayOfWeek"": ""Saturday"", ""opens"": ""09:00"", ""closes"": ""18:00""}, {""@type"": ""OpeningHoursSpecification"", ""dayOfWeek"": ""Sunday"", ""opens"": ""10:00"", ""closes"": ""18:00""}]}], ""amenityFeature"": [{""@type"": ""LocationFeatureSpecification"", ""name"": ""Wheelchair Accessible"", ""value"": true}, {""@type"": ""LocationFeatureSpecification"", ""name"": ""UPS Access Point"", ""value"": true}], ""makesOffer"": [{""@type"": ""Offer"", ""itemOffered"": {""@type"": ""Service"", ""name"": ""COVID-19 Vaccinations"", ""serviceType"": ""Immunization""}}, {""@type"": ""Offer"", ""itemOffered"": {""@type"": ""Service"", ""name"": ""Flu Shots"", ""serviceType"": ""Immunization""}}, {""@type"": ""Offer"", ""itemOffered"": {""@type"": ""Service"", ""name"": ""Photo Printing"", ""serviceType"": ""Photo Service""}}], ""sameAs"": [""https://www.facebook.com/CVS"", ""https://twitter.com/cvspharmacy"", ""https://www.youtube.com/user/CVSPharmacyVideos"", ""https://www.instagram.com/cvspharmacy""]}"
16604,https://www.cvs.com/store-locator/abington-pa-pharmacies/1495-old-york-rd-abington-pa-19001/storeid=16604,https://www.cvs.com/store-locator/abington-pa-pharmacies/1495-old-york-rd-abington-pa-19001/storeid=16604,CVS Pharmacy,+12155728085,+12155728085,1495 Old York Rd,Abington,PA,19001,US,40.12525,-75.11575,https://www.google.com/maps?daddr=1495+OLD+YORK+RD+ABINGTON+PA+19001,,CVS Pharmacy Counter: Mon: 09:00-17:00 | Tue: 09:00-17:00 | Wed: 09:00-17:00 | Thu: 09:00-17:00 | Fri: 09:00-17:00 | Sat: 09:00-17:00 | Sun: 11:00-17:00,Wheelchair Accessible,"COVID-19 Vaccinations, Flu Shots, Photo Printing","https://www.facebook.com/CVS, https://twitter.com/cvspharmacy, https://www.youtube.com/user/CVSPharmacyVideos, https://www.instagram.com/cvspharmacy",ok,"{""@context"": ""https://schema.org"", ""@type"": [""Pharmacy""], ""name"": ""CVS Pharmacy"", ""alternateName"": [""CVS"", ""CVS Drug Store""], ""url"": ""https://www.cvs.com/store-locator/abington-pa-pharmacies/1495-old-york-rd-abington-pa-19001/storeid=16604"", ""logo"": ""https://www.cvs.com/content/dam/enterprise/headless/retail/nav/en/assets/logos/cvs-logo.svg"", ""image"": ""https://www.cvs.com/mobilelanding/storepickup/Landingpage-mobile-640_01.png"", ""telephone"": ""+12155728085"", ""priceRange"": ""$$"", ""paymentAccepted"": [""Cash"", ""Credit Card"", ""Debit Card"", ""Apple Pay"", ""Google Pay"", ""FSA"", ""HSA""], ""address"": {""@type"": ""PostalAddress"", ""streetAddress"": ""1495 Old York Rd"", ""addressLocality"": ""Abington"", ""addressRegion"": ""PA"", ""postalCode"": ""19001"", ""addressCountry"": ""US""}, ""geo"": {""@type"": ""GeoCoordinates"", ""latitude"": 40.12525, ""longitude"": -75.11575}, ""hasMap"": ""https://www.google.com/maps?daddr=1495+OLD+YORK+RD+ABINGTON+PA+19001"", ""department"": [{""@context"": ""https://schema.org"", ""@type"": ""Pharmacy"", ""name"": ""CVS Pharmacy Counter"", ""telephone"": ""+12155728085"", ""openingHoursSpecification"": [{""@type"": ""OpeningHoursSpecification"", ""dayOfWeek"": [""Monday"", ""Tuesday"", ""Wednesday"", ""Thursday"", ""Friday""], ""opens"": ""09:00"", ""closes"": ""17:00""}, {""@type"": ""OpeningHoursSpecification"", ""dayOfWeek"": ""Saturday"", ""opens"": ""09:00"", ""closes"": ""17:00""}, {""@type"": ""OpeningHoursSpecification"", ""dayOfWeek"": ""Sunday"", ""opens"": ""11:00"", ""closes"": ""17:00""}]}], ""amenityFeature"": [{""@type"": ""LocationFeatureSpecification"", ""name"": ""Wheelchair Accessible"", ""value"": true}], ""makesOffer"": [{""@type"": ""Offer"", ""itemOffered"": {""@type"": ""Service"", ""name"": ""COVID-19 Vaccinations"", ""serviceType"": ""Immunization""}}, {""@type"": ""Offer"", ""itemOffered"": {""@type"": ""Service"", ""name"": ""Flu Shots"", ""serviceType"": ""Immunization""}}, {""@type"": ""Offer"", ""itemOffered"": {""@type"": ""Service"", ""name"": ""Photo Printing"", ""serviceType"": ""Photo Service""}}], ""sameAs"": [""https://www.facebook.com/CVS"", ""https://twitter.com/cvspharmacy"", ""https://www.youtube.com/user/CVSPharmacyVideos"", ""https://www.instagram.com/cvspharmacy""]}"
17253,https://www.cvs.com/store-locator/abington-ma-pharmacies/385-centre-ave-abington-ma-02351/storeid=17253,https://www.cvs.com/store-locator/abington-ma-pharmacies/385-centre-ave-abington-ma-02351/storeid=17253,CVS Pharmacy,+17813479004,+17813479004,385 Centre Ave,Abington,MA,02351,US,42.11038,-70.92709,https://www.google.com/maps?daddr=385+CENTRE+AVE+ABINGTON+MA+02351,,CVS Pharmacy Counter: Mon: 10:00-17:00 | Tue: 10:00-17:00 | Wed: 10:00-17:00 | Thu: 10:00-17:00 | Fri: 10:00-17:00 | Sat: 11:00-17:00 | Sun: 11:00-17:00,Wheelchair Accessible,"COVID-19 Vaccinations, Flu Shots, Photo Printing","https://www.facebook.com/CVS, https://twitter.com/cvspharmacy, https://www.youtube.com/user/CVSPharmacyVideos, https://www.instagram.com/cvspharmacy",ok,"{""@context"": ""https://schema.org"", ""@type"": [""Pharmacy""], ""name"": ""CVS Pharmacy"", ""alternateName"": [""CVS"", ""CVS Drug Store""], ""url"": ""https://www.cvs.com/store-locator/abington-ma-pharmacies/385-centre-ave-abington-ma-02351/storeid=17253"", ""logo"": ""https://www.cvs.com/content/dam/enterprise/headless/retail/nav/en/assets/logos/cvs-logo.svg"", ""image"": ""https://www.cvs.com/mobilelanding/storepickup/Landingpage-mobile-640_01.png"", ""telephone"": ""+17813479004"", ""priceRange"": ""$$"", ""paymentAccepted"": [""Cash"", ""Credit Card"", ""Debit Card"", ""Apple Pay"", ""Google Pay"", ""FSA"", ""HSA""], ""address"": {""@type"": ""PostalAddress"", ""streetAddress"": ""385 Centre Ave"", ""addressLocality"": ""Abington"", ""addressRegion"": ""MA"", ""postalCode"": ""02351"", ""addressCountry"": ""US""}, ""geo"": {""@type"": ""GeoCoordinates"", ""latitude"": 42.11038, ""longitude"": -70.92709}, ""hasMap"": ""https://www.google.com/maps?daddr=385+CENTRE+AVE+ABINGTON+MA+02351"", ""department"": [{""@context"": ""https://schema.org"", ""@type"": ""Pharmacy"", ""name"": ""CVS Pharmacy Counter"", ""telephone"": ""+17813479004"", ""openingHoursSpecification"": [{""@type"": ""OpeningHoursSpecification"", ""dayOfWeek"": [""Monday"", ""Tuesday"", ""Wednesday"", ""Thursday"", ""Friday""], ""opens"": ""10:00"", ""closes"": ""17:00""}, {""@type"": ""OpeningHoursSpecification"", ""dayOfWeek"": ""Saturday"", ""opens"": ""11:00"", ""closes"": ""17:00""}, {""@type"": ""OpeningHoursSpecification"", ""dayOfWeek"": ""Sunday"", ""opens"": ""11:00"", ""closes"": ""17:00""}]}], ""amenityFeature"": [{""@type"": ""LocationFeatureSpecification"", ""name"": ""Wheelchair Accessible"", ""value"": true}], ""makesOffer"": [{""@type"": ""Offer"", ""itemOffered"": {""@type"": ""Service"", ""name"": ""COVID-19 Vaccinations"", ""serviceType"": ""Immunization""}}, {""@type"": ""Offer"", ""itemOffered"": {""@type"": ""Service"", ""name"": ""Flu Shots"", ""serviceType"": ""Immunization""}}, {""@type"": ""Offer"", ""itemOffered"": {""@type"": ""Service"", ""name"": ""Photo Printing"", ""serviceType"": ""Photo Service""}}], ""sameAs"": [""https://www.facebook.com/CVS"", ""https://twitter.com/cvspharmacy"", ""https://www.youtube.com/user/CVSPharmacyVideos"", ""https://www.instagram.com/cvspharmacy""]}"
654,https://www.cvs.com/store-locator/acton-ma-pharmacies/344-great-road-acton-ma-01720/storeid=654,https://www.cvs.com/store-locator/acton-ma-pharmacies/344-great-road-acton-ma-01720/storeid=654,CVS Pharmacy,+19782649130,+19782649130,344 Great Road,Acton,MA,01720,US,42.50205,-71.42061,https://www.google.com/maps?daddr=344+GREAT+ROAD+ACTON+MA+01720,Mon: 08:00-22:00 | Tue: 08:00-22:00 | Wed: 08:00-22:00 | Thu: 08:00-22:00 | Fri: 08:00-22:00 | Sat: 08:00-22:00 | Sun: 08:00-22:00,CVS Pharmacy Counter: Mon: 09:00-18:00 | Tue: 09:00-18:00 | Wed: 09:00-18:00 | Thu: 09:00-18:00 | Fri: 09:00-18:00 | Sat: 09:00-18:00 | Sun: 10:00-18:00,"Wheelchair Accessible, UPS Access Point","COVID-19 Vaccinations, Flu Shots, Photo Printing","https://www.facebook.com/CVS, https://twitter.com/cvspharmacy, https://www.youtube.com/user/CVSPharmacyVideos, https://www.instagram.com/cvspharmacy",ok,"{""@context"": ""https://schema.org"", ""@type"": [""Pharmacy"", ""HealthAndBeautyBusiness"", ""Store""], ""name"": ""CVS Pharmacy"", ""alternateName"": [""CVS"", ""CVS Drug Store""], ""url"": ""https://www.cvs.com/store-locator/acton-ma-pharmacies/344-great-road-acton-ma-01720/storeid=654"", ""logo"": ""https://www.cvs.com/content/dam/enterprise/headless/retail/nav/en/assets/logos/cvs-logo.svg"", ""image"": ""https://www.cvs.com/mobilelanding/storepickup/Landingpage-mobile-640_01.png"", ""telephone"": ""+19782649130"", ""priceRange"": ""$$"", ""paymentAccepted"": [""Cash"", ""Credit Card"", ""Debit Card"", ""Apple Pay"", ""Google Pay"", ""FSA"", ""HSA""], ""address"": {""@type"": ""PostalAddress"", ""streetAddress"": ""344 Great Road"", ""addressLocality"": ""Acton"", ""addressRegion"": ""MA"", ""postalCode"": ""01720"", ""addressCountry"": ""US""}, ""geo"": {""@type"": ""GeoCoordinates"", ""latitude"": 42.50205, ""longitude"": -71.42061}, ""hasMap"": ""https://www.google.com/maps?daddr=344+GREAT+ROAD+ACTON+MA+01720"", ""openingHoursSpecification"": [{""@type"": ""OpeningHoursSpecification"", ""dayOfWeek"": [""Monday"", ""Tuesday"", ""Wednesday"", ""Thursday"", ""Friday""], ""opens"": ""08:00"", ""closes"": ""22:00""}, {""@type"": ""OpeningHoursSpecification"", ""dayOfWeek"": ""Saturday"", ""opens"": ""08:00"", ""closes"": ""22:00""}, {""@type"": ""OpeningHoursSpecification"", ""dayOfWeek"": ""Sunday"", ""opens"": ""08:00"", ""closes"": ""22:00""}], ""department"": [{""@context"": ""https://schema.org"", ""@type"": ""Pharmacy"", ""name"": ""CVS Pharmacy Counter"", ""telephone"": ""+19782649130"", ""openingHoursSpecification"": [{""@type"": ""OpeningHoursSpecification"", ""dayOfWeek"": [""Monday"", ""Tuesday"", ""Wednesday"", ""Thursday"", ""Friday""], ""opens"": ""09:00"", ""closes"": ""18:00""}, {""@type"": ""OpeningHoursSpecification"", ""dayOfWeek"": ""Saturday"", ""opens"": ""09:00"", ""closes"": ""18:00""}, {""@type"": ""OpeningHoursSpecification"", ""dayOfWeek"": ""Sunday"", ""opens"": ""10:00"", ""closes"": ""18:00""}]}], ""amenityFeature"": [{""@type"": ""LocationFeatureSpecification"", ""name"": ""Wheelchair Accessible"", ""value"": true}, {""@type"": ""LocationFeatureSpecification"", ""name"": ""UPS Access Point"", ""value"": true}], ""makesOffer"": [{""@type"": ""Offer"", ""itemOffered"": {""@type"": ""Service"", ""name"": ""COVID-19 Vaccinations"", ""serviceType"": ""Immunization""}}, {""@type"": ""Offer"", ""itemOffered"": {""@type"": ""Service"", ""name"": ""Flu Shots"", ""serviceType"": ""Immunization""}}, {""@type"": ""Offer"", ""itemOffered"": {""@type"": ""Service"", ""name"": ""Photo Printing"", ""serviceType"": ""Photo Service""}}], ""sameAs"": [""https://www.facebook.com/CVS"", ""https://twitter.com/cvspharmacy"", ""https://www.youtube.com/user/CVSPharmacyVideos"", ""https://www.instagram.com/cvspharmacy""]}"
17179,https://www.cvs.com/store-locator/acworth-ga-pharmacies/3378-cobb-pkwy-nw-acworth-ga-30101/storeid=17179,https://www.cvs.com/store-locator/acworth-ga-pharmacies/3378-cobb-pkwy-nw-acworth-ga-30101/storeid=17179,CVS Pharmacy,+16782020997,+16782020997,3378 Cobb Pkwy Nw,Acworth,GA,30101,US,34.04009,-84.6842,https://www.google.com/maps?daddr=3378+COBB+PKWY+NW+ACWORTH+GA+30101,,CVS Pharmacy Counter: Mon: 10:00-17:00 | Tue: 10:00-17:00 | Wed: 10:00-17:00 | Thu: 10:00-17:00 | Fri: 10:00-17:00 | Sat: 11:00-17:00 | Sun: 12:00 PM-17:00,Wheelchair Accessible,"COVID-19 Vaccinations, Flu Shots, Photo Printing","https://www.facebook.com/CVS, https://twitter.com/cvspharmacy, https://www.youtube.com/user/CVSPharmacyVideos, https://www.instagram.com/cvspharmacy",ok,"{""@context"": ""https://schema.org"", ""@type"": [""Pharmacy""], ""name"": ""CVS Pharmacy"", ""alternateName"": [""CVS"", ""CVS Drug Store""], ""url"": ""https://www.cvs.com/store-locator/acworth-ga-pharmacies/3378-cobb-pkwy-nw-acworth-ga-30101/storeid=17179"", ""logo"": ""https://www.cvs.com/content/dam/enterprise/headless/retail/nav/en/assets/logos/cvs-logo.svg"", ""image"": ""https://www.cvs.com/mobilelanding/storepickup/Landingpage-mobile-640_01.png"", ""telephone"": ""+16782020997"", ""priceRange"": ""$$"", ""paymentAccepted"": [""Cash"", ""Credit Card"", ""Debit Card"", ""Apple Pay"", ""Google Pay"", ""FSA"", ""HSA""], ""address"": {""@type"": ""PostalAddress"", ""streetAddress"": ""3378 Cobb Pkwy Nw"", ""addressLocality"": ""Acworth"", ""addressRegion"": ""GA"", ""postalCode"": ""30101"", ""addressCountry"": ""US""}, ""geo"": {""@type"": ""GeoCoordinates"", ""latitude"": 34.04009, ""longitude"": -84.6842}, ""hasMap"": ""https://www.google.com/maps?daddr=3378+COBB+PKWY+NW+ACWORTH+GA+30101"", ""department"": [{""@context"": ""https://schema.org"", ""@type"": ""Pharmacy"", ""name"": ""CVS Pharmacy Counter"", ""telephone"": ""+16782020997"", ""openingHoursSpecification"": [{""@type"": ""OpeningHoursSpecification"", ""dayOfWeek"": [""Monday"", ""Tuesday"", ""Wednesday"", ""Thursday"", ""Friday""], ""opens"": ""10:00"", ""closes"": ""17:00""}, {""@type"": ""OpeningHoursSpecification"", ""dayOfWeek"": ""Saturday"", ""opens"": ""11:00"", ""closes"": ""17:00""}, {""@type"": ""OpeningHoursSpecification"", ""dayOfWeek"": ""Sunday"", ""opens"": ""12:00 PM"", ""closes"": ""17:00""}]}], ""amenityFeature"": [{""@type"": ""LocationFeatureSpecification"", ""name"": ""Wheelchair Accessible"", ""value"": true}], ""makesOffer"": [{""@type"": ""Offer"", ""itemOffered"": {""@type"": ""Service"", ""name"": ""COVID-19 Vaccinations"", ""serviceType"": ""Immunization""}}, {""@type"": ""Offer"", ""itemOffered"": {""@type"": ""Service"", ""name"": ""Flu Shots"", ""serviceType"": ""Immunization""}}, {""@type"": ""Offer"", ""itemOffered"": {""@type"": ""Service"", ""name"": ""Photo Printing"", ""serviceType"": ""Photo Service""}}], ""sameAs"": [""https://www.facebook.com/CVS"", ""https://twitter.com/cvspharmacy"", ""https://www.youtube.com/user/CVSPharmacyVideos"", ""https://www.instagram.com/cvspharmacy""]}"
706,https://www.cvs.com/store-locator/acton-ma-pharmacies/400-massachusetts-ave-acton-ma-01720/storeid=706,https://www.cvs.com/store-locator/acton-ma-pharmacies/400-massachusetts-ave-acton-ma-01720/storeid=706,CVS Pharmacy,+19782633385,+19782633385,400 Massachusetts Ave.,Acton,MA,01720,US,42.47408,-71.45047,https://www.google.com/maps?daddr=400+MASSACHUSETTS+AVE.+ACTON+MA+01720,Mon: 00:00-23:59 | Tue: 00:00-23:59 | Wed: 00:00-23:59 | Thu: 00:00-23:59 | Fri: 00:00-23:59 | Sat: 00:00-23:59 | Sun: 00:00-23:59,CVS Pharmacy Counter: Mon: 08:00-20:00 | Tue: 08:00-20:00 | Wed: 08:00-20:00 | Thu: 08:00-20:00 | Fri: 08:00-20:00 | Sat: 09:00-20:00 | Sun: 09:00-20:00,Wheelchair Accessible,"COVID-19 Vaccinations, Flu Shots, Photo Printing","https://www.facebook.com/CVS, https://twitter.com/cvspharmacy, https://www.youtube.com/user/CVSPharmacyVideos, https://www.instagram.com/cvspharmacy",ok,"{""@context"": ""https://schema.org"", ""@type"": [""Pharmacy"", ""HealthAndBeautyBusiness"", ""Store""], ""name"": ""CVS Pharmacy"", ""alternateName"": [""CVS"", ""CVS Drug Store""], ""url"": ""https://www.cvs.com/store-locator/acton-ma-pharmacies/400-massachusetts-ave-acton-ma-01720/storeid=706"", ""logo"": ""https://www.cvs.com/content/dam/enterprise/headless/retail/nav/en/assets/logos/cvs-logo.svg"", ""image"": ""https://www.cvs.com/mobilelanding/storepickup/Landingpage-mobile-640_01.png"", ""telephone"": ""+19782633385"", ""priceRange"": ""$$"", ""paymentAccepted"": [""Cash"", ""Credit Card"", ""Debit Card"", ""Apple Pay"", ""Google Pay"", ""FSA"", ""HSA""], ""address"": {""@type"": ""PostalAddress"", ""streetAddress"": ""400 Massachusetts Ave."", ""addressLocality"": ""Acton"", ""addressRegion"": ""MA"", ""postalCode"": ""01720"", ""addressCountry"": ""US""}, ""geo"": {""@type"": ""GeoCoordinates"", ""latitude"": 42.47408, ""longitude"": -71.45047}, ""hasMap"": ""https://www.google.com/maps?daddr=400+MASSACHUSETTS+AVE.+ACTON+MA+01720"", ""openingHoursSpecification"": [{""@type"": ""OpeningHoursSpecification"", ""dayOfWeek"": [""Monday"", ""Tuesday"", ""Wednesday"", ""Thursday"", ""Friday""], ""opens"": ""00:00"", ""closes"": ""23:59""}, {""@type"": ""OpeningHoursSpecification"", ""dayOfWeek"": ""Saturday"", ""opens"": ""00:00"", ""closes"": ""23:59""}, {""@type"": ""OpeningHoursSpecification"", ""dayOfWeek"": ""Sunday"", ""opens"": ""00:00"", ""closes"": ""23:59""}], ""department"": [{""@context"": ""https://schema.org"", ""@type"": ""Pharmacy"", ""name"": ""CVS Pharmacy Counter"", ""telephone"": ""+19782633385"", ""openingHoursSpecification"": [{""@type"": ""OpeningHoursSpecification"", ""dayOfWeek"": [""Monday"", ""Tuesday"", ""Wednesday"", ""Thursday"", ""Friday""], ""opens"": ""08:00"", ""closes"": ""20:00""}, {""@type"": ""OpeningHoursSpecification"", ""dayOfWeek"": ""Saturday"", ""opens"": ""09:00"", ""closes"": ""20:00""}, {""@type"": ""OpeningHoursSpecification"", ""dayOfWeek"": ""Sunday"", ""opens"": ""09:00"", ""closes"": ""20:00""}]}], ""amenityFeature"": [{""@type"": ""LocationFeatureSpecification"", ""name"": ""Wheelchair Accessible"", ""value"": true}], ""makesOffer"": [{""@type"": ""Offer"", ""itemOffered"": {""@type"": ""Service"", ""name"": ""COVID-19 Vaccinations"", ""serviceType"": ""Immunization""}}, {""@type"": ""Offer"", ""itemOffered"": {""@type"": ""Service"", ""name"": ""Flu Shots"", ""serviceType"": ""Immunization""}}, {""@type"": ""Offer"", ""itemOffered"": {""@type"": ""Service"", ""name"": ""Photo Printing"", ""serviceType"": ""Photo Service""}}], ""sameAs"": [""https://www.facebook.com/CVS"", ""https://twitter.com/cvspharmacy"", ""https://www.youtube.com/user/CVSPharmacyVideos"", ""https://www.instagram.com/cvspharmacy""]}"
8693,https://www.cvs.com/store-locator/addison-il-pharmacies/1400-w-lake-street-addison-il-60101/storeid=8693,https://www.cvs.com/store-locator/addison-il-pharmacies/1400-w-lake-street-addison-il-60101/storeid=8693,CVS Pharmacy,+16302850159,+16302850159,1400  W Lake Street,Addison,IL,60101,US,41.94731,-88.02283,https://www.google.com/maps?daddr=1400++W+LAKE+STREET+ADDISON+IL+60101,Mon: 08:00-22:00 | Tue: 08:00-22:00 | Wed: 08:00-22:00 | Thu: 08:00-22:00 | Fri: 08:00-22:00 | Sat: 08:00-22:00 | Sun: 08:00-22:00,CVS Pharmacy Counter: Mon: 09:00-18:00 | Tue: 09:00-18:00 | Wed: 09:00-18:00 | Thu: 09:00-18:00 | Fri: 09:00-18:00 | Sat: 09:00-18:00 | Sun: 10:00-18:00,"Wheelchair Accessible, UPS Access Point","COVID-19 Vaccinations, Flu Shots, Photo Printing","https://www.facebook.com/CVS, https://twitter.com/cvspharmacy, https://www.youtube.com/user/CVSPharmacyVideos, https://www.instagram.com/cvspharmacy",ok,"{""@context"": ""https://schema.org"", ""@type"": [""Pharmacy"", ""HealthAndBeautyBusiness"", ""Store""], ""name"": ""CVS Pharmacy"", ""alternateName"": [""CVS"", ""CVS Drug Store""], ""url"": ""https://www.cvs.com/store-locator/addison-il-pharmacies/1400-w-lake-street-addison-il-60101/storeid=8693"", ""logo"": ""https://www.cvs.com/content/dam/enterprise/headless/retail/nav/en/assets/logos/cvs-logo.svg"", ""image"": ""https://www.cvs.com/mobilelanding/storepickup/Landingpage-mobile-640_01.png"", ""telephone"": ""+16302850159"", ""priceRange"": ""$$"", ""paymentAccepted"": [""Cash"", ""Credit Card"", ""Debit Card"", ""Apple Pay"", ""Google Pay"", ""FSA"", ""HSA""], ""address"": {""@type"": ""PostalAddress"", ""streetAddress"": ""1400  W Lake Street"", ""addressLocality"": ""Addison"", ""addressRegion"": ""IL"", ""postalCode"": ""60101"", ""addressCountry"": ""US""}, ""geo"": {""@type"": ""GeoCoordinates"", ""latitude"": 41.94731, ""longitude"": -88.02283}, ""hasMap"": ""https://www.google.com/maps?daddr=1400++W+LAKE+STREET+ADDISON+IL+60101"", ""openingHoursSpecification"": [{""@type"": ""OpeningHoursSpecification"", ""dayOfWeek"": [""Monday"", ""Tuesday"", ""Wednesday"", ""Thursday"", ""Friday""], ""opens"": ""08:00"", ""closes"": ""22:00""}, {""@type"": ""OpeningHoursSpecification"", ""dayOfWeek"": ""Saturday"", ""opens"": ""08:00"", ""closes"": ""22:00""}, {""@type"": ""OpeningHoursSpecification"", ""dayOfWeek"": ""Sunday"", ""opens"": ""08:00"", ""closes"": ""22:00""}], ""department"": [{""@context"": ""https://schema.org"", ""@type"": ""Pharmacy"", ""name"": ""CVS Pharmacy Counter"", ""telephone"": ""+16302850159"", ""openingHoursSpecification"": [{""@type"": ""OpeningHoursSpecification"", ""dayOfWeek"": [""Monday"", ""Tuesday"", ""Wednesday"", ""Thursday"", ""Friday""], ""opens"": ""09:00"", ""closes"": ""18:00""}, {""@type"": ""OpeningHoursSpecification"", ""dayOfWeek"": ""Saturday"", ""opens"": ""09:00"", ""closes"": ""18:00""}, {""@type"": ""OpeningHoursSpecification"", ""dayOfWeek"": ""Sunday"", ""opens"": ""10:00"", ""closes"": ""18:00""}]}], ""amenityFeature"": [{""@type"": ""LocationFeatureSpecification"", ""name"": ""Wheelchair Accessible"", ""value"": true}, {""@type"": ""LocationFeatureSpecification"", ""name"": ""UPS Access Point"", ""value"": true}], ""makesOffer"": [{""@type"": ""Offer"", ""itemOffered"": {""@type"": ""Service"", ""name"": ""COVID-19 Vaccinations"", ""serviceType"": ""Immunization""}}, {""@type"": ""Offer"", ""itemOffered"": {""@type"": ""Service"", ""name"": ""Flu Shots"", ""serviceType"": ""Immunization""}}, {""@type"": ""Offer"", ""itemOffered"": {""@type"": ""Service"", ""name"": ""Photo Printing"", ""serviceType"": ""Photo Service""}}], ""sameAs"": [""https://www.facebook.com/CVS"", ""https://twitter.com/cvspharmacy"", ""https://www.youtube.com/user/CVSPharmacyVideos"", ""https://www.instagram.com/cvspharmacy""]}"
2105,https://www.cvs.com/store-locator/acworth-ga-pharmacies/4595-highway-92-acworth-ga-30102/storeid=2105,https://www.cvs.com/store-locator/acworth-ga-pharmacies/4595-highway-92-acworth-ga-30102/storeid=2105,CVS Pharmacy,+17705299712,+17705299712,4595 Highway 92,Acworth,GA,30102,US,34.09263,-84.61415,https://www.google.com/maps?daddr=4595+HIGHWAY+92+ACWORTH+GA+30102,Mon: 08:00-23:00 | Tue: 08:00-23:00 | Wed: 08:00-23:00 | Thu: 08:00-23:00 | Fri: 08:00-23:00 | Sat: 08:00-23:00 | Sun: 08:00-23:00,CVS Pharmacy Counter: Mon: 09:00-18:00 | Tue: 09:00-18:00 | Wed: 09:00-18:00 | Thu: 09:00-18:00 | Fri: 09:00-18:00 | Sat: 10:00-18:00 | Sun: 11:00-17:00,"Wheelchair Accessible, UPS Access Point","COVID-19 Vaccinations, Flu Shots, Photo Printing","https://www.facebook.com/CVS, https://twitter.com/cvspharmacy, https://www.youtube.com/user/CVSPharmacyVideos, https://www.instagram.com/cvspharmacy",ok,"{""@context"": ""https://schema.org"", ""@type"": [""Pharmacy"", ""HealthAndBeautyBusiness"", ""Store""], ""name"": ""CVS Pharmacy"", ""alternateName"": [""CVS"", ""CVS Drug Store""], ""url"": ""https://www.cvs.com/store-locator/acworth-ga-pharmacies/4595-highway-92-acworth-ga-30102/storeid=2105"", ""logo"": ""https://www.cvs.com/content/dam/enterprise/headless/retail/nav/en/assets/logos/cvs-logo.svg"", ""image"": ""https://www.cvs.com/mobilelanding/storepickup/Landingpage-mobile-640_01.png"", ""telephone"": ""+17705299712"", ""priceRange"": ""$$"", ""paymentAccepted"": [""Cash"", ""Credit Card"", ""Debit Card"", ""Apple Pay"", ""Google Pay"", ""FSA"", ""HSA""], ""address"": {""@type"": ""PostalAddress"", ""streetAddress"": ""4595 Highway 92"", ""addressLocality"": ""Acworth"", ""addressRegion"": ""GA"", ""postalCode"": ""30102"", ""addressCountry"": ""US""}, ""geo"": {""@type"": ""GeoCoordinates"", ""latitude"": 34.09263, ""longitude"": -84.61415}, ""hasMap"": ""https://www.google.com/maps?daddr=4595+HIGHWAY+92+ACWORTH+GA+30102"", ""openingHoursSpecification"": [{""@type"": ""OpeningHoursSpecification"", ""dayOfWeek"": [""Monday"", ""Tuesday"", ""Wednesday"", ""Thursday"", ""Friday""], ""opens"": ""08:00"", ""closes"": ""23:00""}, {""@type"": ""OpeningHoursSpecification"", ""dayOfWeek"": ""Saturday"", ""opens"": ""08:00"", ""closes"": ""23:00""}, {""@type"": ""OpeningHoursSpecification"", ""dayOfWeek"": ""Sunday"", ""opens"": ""08:00"", ""closes"": ""23:00""}], ""department"": [{""@context"": ""https://schema.org"", ""@type"": ""Pharmacy"", ""name"": ""CVS Pharmacy Counter"", ""telephone"": ""+17705299712"", ""openingHoursSpecification"": [{""@type"": ""OpeningHoursSpecification"", ""dayOfWeek"": [""Monday"", ""Tuesday"", ""Wednesday"", ""Thursday"", ""Friday""], ""opens"": ""09:00"", ""closes"": ""18:00""}, {""@type"": ""OpeningHoursSpecification"", ""dayOfWeek"": ""Saturday"", ""opens"": ""10:00"", ""closes"": ""18:00""}, {""@type"": ""OpeningHoursSpecification"", ""dayOfWeek"": ""Sunday"", ""opens"": ""11:00"", ""closes"": ""17:00""}]}], ""amenityFeature"": [{""@type"": ""LocationFeatureSpecification"", ""name"": ""Wheelchair Accessible"", ""value"": true}, {""@type"": ""LocationFeatureSpecification"", ""name"": ""UPS Access Point"", ""value"": true}], ""makesOffer"": [{""@type"": ""Offer"", ""itemOffered"": {""@type"": ""Service"", ""name"": ""COVID-19 Vaccinations"", ""serviceType"": ""Immunization""}}, {""@type"": ""Offer"", ""itemOffered"": {""@type"": ""Service"", ""name"": ""Flu Shots"", ""serviceType"": ""Immunization""}}, {""@type"": ""Offer"", ""itemOffered"": {""@type"": ""Service"", ""name"": ""Photo Printing"", ""serviceType"": ""Photo Service""}}], ""sameAs"": [""https://www.facebook.com/CVS"", ""https://twitter.com/cvspharmacy"", ""https://www.youtube.com/user/CVSPharmacyVideos"", ""https://www.instagram.com/cvspharmacy""]}"
16970,https://www.cvs.com/store-locator/addison-tx-pharmacies/3730-belt-line-rd-addison-tx-75001/storeid=16970,https://www.cvs.com/store-locator/addison-tx-pharmacies/3730-belt-line-rd-addison-tx-75001/storeid=16970,CVS Pharmacy,+12144140026,+12144140026,3730 Belt Line Rd,Addison,TX,75001,US,32.95066,-96.85438,https://www.google.com/maps?daddr=3730+BELT+LINE+RD+ADDISON+TX+75001,,CVS Pharmacy Counter: Mon: 10:00-18:00 | Tue: 10:00-18:00 | Wed: 10:00-18:00 | Thu: 10:00-18:00 | Fri: 10:00-18:00 | Sat: 10:00-18:00 | Sun: 11:00-17:00,Wheelchair Accessible,"COVID-19 Vaccinations, Flu Shots, Photo Printing","https://www.facebook.com/CVS, https://twitter.com/cvspharmacy, https://www.youtube.com/user/CVSPharmacyVideos, https://www.instagram.com/cvspharmacy",ok,"{""@context"": ""https://schema.org"", ""@type"": [""Pharmacy""], ""name"": ""CVS Pharmacy"", ""alternateName"": [""CVS"", ""CVS Drug Store""], ""url"": ""https://www.cvs.com/store-locator/addison-tx-pharmacies/3730-belt-line-rd-addison-tx-75001/storeid=16970"", ""logo"": ""https://www.cvs.com/content/dam/enterprise/headless/retail/nav/en/assets/logos/cvs-logo.svg"", ""image"": ""https://www.cvs.com/mobilelanding/storepickup/Landingpage-mobile-640_01.png"", ""telephone"": ""+12144140026"", ""priceRange"": ""$$"", ""paymentAccepted"": [""Cash"", ""Credit Card"", ""Debit Card"", ""Apple Pay"", ""Google Pay"", ""FSA"", ""HSA""], ""address"": {""@type"": ""PostalAddress"", ""streetAddress"": ""3730 Belt Line Rd"", ""addressLocality"": ""Addison"", ""addressRegion"": ""TX"", ""postalCode"": ""75001"", ""addressCountry"": ""US""}, ""geo"": {""@type"": ""GeoCoordinates"", ""latitude"": 32.95066, ""longitude"": -96.85438}, ""hasMap"": ""https://www.google.com/maps?daddr=3730+BELT+LINE+RD+ADDISON+TX+75001"", ""department"": [{""@context"": ""https://schema.org"", ""@type"": ""Pharmacy"", ""name"": ""CVS Pharmacy Counter"", ""telephone"": ""+12144140026"", ""openingHoursSpecification"": [{""@type"": ""OpeningHoursSpecification"", ""dayOfWeek"": [""Monday"", ""Tuesday"", ""Wednesday"", ""Thursday"", ""Friday""], ""opens"": ""10:00"", ""closes"": ""18:00""}, {""@type"": ""OpeningHoursSpecification"", ""dayOfWeek"": ""Saturday"", ""opens"": ""10:00"", ""closes"": ""18:00""}, {""@type"": ""OpeningHoursSpecification"", ""dayOfWeek"": ""Sunday"", ""opens"": ""11:00"", ""closes"": ""17:00""}]}], ""amenityFeature"": [{""@type"": ""LocationFeatureSpecification"", ""name"": ""Wheelchair Accessible"", ""value"": true}], ""makesOffer"": [{""@type"": ""Offer"", ""itemOffered"": {""@type"": ""Service"", ""name"": ""COVID-19 Vaccinations"", ""serviceType"": ""Immunization""}}, {""@type"": ""Offer"", ""itemOffered"": {""@type"": ""Service"", ""name"": ""Flu Shots"", ""serviceType"": ""Immunization""}}, {""@type"": ""Offer"", ""itemOffered"": {""@type"": ""Service"", ""name"": ""Photo Printing"", ""serviceType"": ""Photo Service""}}], ""sameAs"": [""https://www.facebook.com/CVS"", ""https://twitter.com/cvspharmacy"", ""https://www.youtube.com/user/CVSPharmacyVideos"", ""https://www.instagram.com/cvspharmacy""]}"
4291,https://www.cvs.com/store-locator/adelanto-ca-pharmacies/12058-palmdale-rd-adelanto-ca-92301/storeid=4291,https://www.cvs.com/store-locator/adelanto-ca-pharmacies/12058-palmdale-rd-adelanto-ca-92301/storeid=4291,CVS Pharmacy,+17602462803,+17602462803,12058 Palmdale Rd,Adelanto,CA,92301,US,34.50705,-117.40078,https://www.google.com/maps?daddr=12058+PALMDALE+RD+ADELANTO+CA+92301,Mon: 07:00-21:00 | Tue: 07:00-21:00 | Wed: 07:00-21:00 | Thu: 07:00-21:00 | Fri: 07:00-21:00 | Sat: 07:00-21:00 | Sun: 07:00-21:00,CVS Pharmacy Counter: Mon: 08:00-18:00 | Tue: 08:00-18:00 | Wed: 08:00-18:00 | Thu: 08:00-18:00 | Fri: 08:00-18:00 | Sat: 09:00-18:00 | Sun: 10:00-18:00,"Wheelchair Accessible, UPS Access Point","COVID-19 vaccine, Flu shots, COVID-19 testing, In-store pickup, Immunizations, Photo, UPS access point, Pharmacy, Rx delivery, Accepts SNAP, OTC Health Solutions, ATM inside","https://www.facebook.com/CVS, https://twitter.com/cvspharmacy, https://www.youtube.com/user/CVSPharmacyVideos, https://www.instagram.com/cvspharmacy",ok,"{""@context"": ""https://schema.org"", ""@type"": [""Pharmacy"", ""HealthAndBeautyBusiness"", ""Store""], ""name"": ""CVS Pharmacy"", ""alternateName"": [""CVS"", ""CVS Drug Store""], ""url"": ""https://www.cvs.com/store-locator/adelanto-ca-pharmacies/12058-palmdale-rd-adelanto-ca-92301/storeid=4291"", ""logo"": ""https://www.cvs.com/content/dam/enterprise/headless/retail/nav/en/assets/logos/cvs-logo.svg"", ""image"": ""https://www.cvs.com/mobilelanding/storepickup/Landingpage-mobile-640_01.png"", ""telephone"": ""+17602462803"", ""priceRange"": ""$$"", ""paymentAccepted"": [""Cash"", ""Credit Card"", ""Debit Card"", ""Apple Pay"", ""Google Pay"", ""FSA"", ""HSA""], ""address"": {""@type"": ""PostalAddress"", ""streetAddress"": ""12058 Palmdale Rd"", ""addressLocality"": ""Adelanto"", ""addressRegion"": ""CA"", ""postalCode"": ""92301"", ""addressCountry"": ""US""}, ""geo"": {""@type"": ""GeoCoordinates"", ""latitude"": 34.50705, ""longitude"": -117.40078}, ""hasMap"": ""https://www.google.com/maps?daddr=12058+PALMDALE+RD+ADELANTO+CA+92301"", ""openingHoursSpecification"": [{""@type"": ""OpeningHoursSpecification"", ""dayOfWeek"": [""Monday"", ""Tuesday"", ""Wednesday"", ""Thursday"", ""Friday""], ""opens"": ""07:00"", ""closes"": ""21:00""}, {""@type"": ""OpeningHoursSpecification"", ""dayOfWeek"": ""Saturday"", ""opens"": ""07:00"", ""closes"": ""21:00""}, {""@type"": ""OpeningHoursSpecification"", ""dayOfWeek"": ""Sunday"", ""opens"": ""07:00"", ""closes"": ""21:00""}], ""department"": [{""@context"": ""https://schema.org"", ""@type"": ""Pharmacy"", ""name"": ""CVS Pharmacy Counter"", ""telephone"": ""+17602462803"", ""openingHoursSpecification"": [{""@type"": ""OpeningHoursSpecification"", ""dayOfWeek"": [""Monday"", ""Tuesday"", ""Wednesday"", ""Thursday"", ""Friday""], ""opens"": ""08:00"", ""closes"": ""18:00""}, {""@type"": ""OpeningHoursSpecification"", ""dayOfWeek"": ""Saturday"", ""opens"": ""09:00"", ""closes"": ""18:00""}, {""@type"": ""OpeningHoursSpecification"", ""dayOfWeek"": ""Sunday"", ""opens"": ""10:00"", ""closes"": ""18:00""}]}], ""amenityFeature"": [{""@type"": ""LocationFeatureSpecification"", ""name"": ""Wheelchair Accessible"", ""value"": true}, {""@type"": ""LocationFeatureSpecification"", ""name"": ""UPS Access Point"", ""value"": true}], ""makesOffer"": [{""@type"": ""Offer"", ""itemOffered"": {""@type"": ""Service"", ""name"": ""COVID-19 vaccine""}}, {""@type"": ""Offer"", ""itemOffered"": {""@type"": ""Service"", ""name"": ""Flu shots""}}, {""@type"": ""Offer"", ""itemOffered"": {""@type"": ""Service"", ""name"": ""COVID-19 testing""}}, {""@type"": ""Offer"", ""itemOffered"": {""@type"": ""Service"", ""name"": ""In-store pickup""}}, {""@type"": ""Offer"", ""itemOffered"": {""@type"": ""Service"", ""name"": ""Immunizations""}}, {""@type"": ""Offer"", ""itemOffered"": {""@type"": ""Service"", ""name"": ""Photo""}}, {""@type"": ""Offer"", ""itemOffered"": {""@type"": ""Service"", ""name"": ""UPS access point""}}, {""@type"": ""Offer"", ""itemOffered"": {""@type"": ""Service"", ""name"": ""Pharmacy""}}, {""@type"": ""Offer"", ""itemOffered"": {""@type"": ""Service"", ""name"": ""Rx delivery""}}, {""@type"": ""Offer"", ""itemOffered"": {""@type"": ""Service"", ""name"": ""Accepts SNAP""}}, {""@type"": ""Offer"", ""itemOffered"": {""@type"": ""Service"", ""name"": ""OTC Health Solutions""}}, {""@type"": ""Offer"", ""itemOffered"": {""@type"": ""Service"", ""name"": ""ATM inside""}}], ""sameAs"": [""https://www.facebook.com/CVS"", ""https://twitter.com/cvspharmacy"", ""https://www.youtube.com/user/CVSPharmacyVideos"", ""https://www.instagram.com/cvspharmacy""]}"
18025,https://www.cvs.com/store-locator/affton-mo-pharmacies/10070-gravois-rd-affton-mo-63123/storeid=18025,https://www.cvs.com/store-locator/affton-mo-pharmacies/10070-gravois-rd-affton-mo-63123/storeid=18025,CVS Pharmacy,+13146316781,+13146316781,10070 Gravois Rd.,Affton,MO,63123,US,38.54938,-90.33628,https://www.google.com/maps?daddr=10070+GRAVOIS+RD.+AFFTON+MO+63123,,CVS Pharmacy Counter: Mon: 09:00-18:00 | Tue: 09:00-18:00 | Wed: 09:00-18:00 | Thu: 09:00-18:00 | Fri: 09:00-18:00 | Sat: 10:00-18:00 | Sun: 11:00-17:00,Wheelchair Accessible,"COVID-19 Vaccinations, Flu Shots, Photo Printing","https://www.facebook.com/CVS, https://twitter.com/cvspharmacy, https://www.youtube.com/user/CVSPharmacyVideos, https://www.instagram.com/cvspharmacy",ok,"{""@context"": ""https://schema.org"", ""@type"": [""Pharmacy""], ""name"": ""CVS Pharmacy"", ""alternateName"": [""CVS"", ""CVS Drug Store""], ""url"": ""https://www.cvs.com/store-locator/affton-mo-pharmacies/10070-gravois-rd-affton-mo-63123/storeid=18025"", ""logo"": ""https://www.cvs.com/content/dam/enterprise/headless/retail/nav/en/assets/logos/cvs-logo.svg"", ""image"": ""https://www.cvs.com/mobilelanding/storepickup/Landingpage-mobile-640_01.png"", ""telephone"": ""+13146316781"", ""priceRange"": ""$$"", ""paymentAccepted"": [""Cash"", ""Credit Card"", ""Debit Card"", ""Apple Pay"", ""Google Pay"", ""FSA"", ""HSA""], ""address"": {""@type"": ""PostalAddress"", ""streetAddress"": ""10070 Gravois Rd."", ""addressLocality"": ""Affton"", ""addressRegion"": ""MO"", ""postalCode"": ""63123"", ""addressCountry"": ""US""}, ""geo"": {""@type"": ""GeoCoordinates"", ""latitude"": 38.54938, ""longitude"": -90.33628}, ""hasMap"": ""https://www.google.com/maps?daddr=10070+GRAVOIS+RD.+AFFTON+MO+63123"", ""department"": [{""@context"": ""https://schema.org"", ""@type"": ""Pharmacy"", ""name"": ""CVS Pharmacy Counter"", ""telephone"": ""+13146316781"", ""openingHoursSpecification"": [{""@type"": ""OpeningHoursSpecification"", ""dayOfWeek"": [""Monday"", ""Tuesday"", ""Wednesday"", ""Thursday"", ""Friday""], ""opens"": ""09:00"", ""closes"": ""18:00""}, {""@type"": ""OpeningHoursSpecification"", ""dayOfWeek"": ""Saturday"", ""opens"": ""10:00"", ""closes"": ""18:00""}, {""@type"": ""OpeningHoursSpecification"", ""dayOfWeek"": ""Sunday"", ""opens"": ""11:00"", ""closes"": ""17:00""}]}], ""amenityFeature"": [{""@type"": ""LocationFeatureSpecification"", ""name"": ""Wheelchair Accessible"", ""value"": true}], ""makesOffer"": [{""@type"": ""Offer"", ""itemOffered"": {""@type"": ""Service"", ""name"": ""COVID-19 Vaccinations"", ""serviceType"": ""Immunization""}}, {""@type"": ""Offer"", ""itemOffered"": {""@type"": ""Service"", ""name"": ""Flu Shots"", ""serviceType"": ""Immunization""}}, {""@type"": ""Offer"", ""itemOffered"": {""@type"": ""Service"", ""name"": ""Photo Printing"", ""serviceType"": ""Photo Service""}}], ""sameAs"": [""https://www.facebook.com/CVS"", ""https://twitter.com/cvspharmacy"", ""https://www.youtube.com/user/CVSPharmacyVideos"", ""https://www.instagram.com/cvspharmacy""]}"
5379,https://www.cvs.com/store-locator/advance-nc-pharmacies/110-nc-hwy-801-north-advance-nc-27006/storeid=5379,https://www.cvs.com/store-locator/advance-nc-pharmacies/110-nc-hwy-801-north-advance-nc-27006/storeid=5379,CVS Pharmacy,+13369406870,+13369406870,110 Nc Hwy 801 North,Advance,NC,27006,US,36.0057,-80.43923,https://www.google.com/maps?daddr=110+NC+HWY+801+NORTH+ADVANCE+NC+27006,Mon: 08:00-21:00 | Tue: 08:00-21:00 | Wed: 08:00-21:00 | Thu: 08:00-21:00 | Fri: 08:00-21:00 | Sat: 08:00-21:00 | Sun: 08:00-21:00,CVS Pharmacy Counter: Mon: 09:00-18:00 | Tue: 09:00-18:00 | Wed: 09:00-18:00 | Thu: 09:00-18:00 | Fri: 09:00-18:00 | Sat: 09:00-18:00 | Sun: 10:00-18:00,"Wheelchair Accessible, UPS Access Point","COVID-19 vaccine, Flu shots, COVID-19 testing, In-store pickup, Immunizations, Photo, UPS access point, Pharmacy, Rx delivery, Accepts SNAP, Accepts WIC, OTC Health Solutions, ATM inside","https://www.facebook.com/CVS, https://twitter.com/cvspharmacy, https://www.youtube.com/user/CVSPharmacyVideos, https://www.instagram.com/cvspharmacy",ok,"{""@context"": ""https://schema.org"", ""@type"": [""Pharmacy"", ""HealthAndBeautyBusiness"", ""Store""], ""name"": ""CVS Pharmacy"", ""alternateName"": [""CVS"", ""CVS Drug Store""], ""url"": ""https://www.cvs.com/store-locator/advance-nc-pharmacies/110-nc-hwy-801-north-advance-nc-27006/storeid=5379"", ""logo"": ""https://www.cvs.com/content/dam/enterprise/headless/retail/nav/en/assets/logos/cvs-logo.svg"", ""image"": ""https://www.cvs.com/mobilelanding/storepickup/Landingpage-mobile-640_01.png"", ""telephone"": ""+13369406870"", ""priceRange"": ""$$"", ""paymentAccepted"": [""Cash"", ""Credit Card"", ""Debit Card"", ""Apple Pay"", ""Google Pay"", ""FSA"", ""HSA""], ""address"": {""@type"": ""PostalAddress"", ""streetAddress"": ""110 Nc Hwy 801 North"", ""addressLocality"": ""Advance"", ""addressRegion"": ""NC"", ""postalCode"": ""27006"", ""addressCountry"": ""US""}, ""geo"": {""@type"": ""GeoCoordinates"", ""latitude"": 36.0057, ""longitude"": -80.43923}, ""hasMap"": ""https://www.google.com/maps?daddr=110+NC+HWY+801+NORTH+ADVANCE+NC+27006"", ""openingHoursSpecification"": [{""@type"": ""OpeningHoursSpecification"", ""dayOfWeek"": [""Monday"", ""Tuesday"", ""Wednesday"", ""Thursday"", ""Friday""], ""opens"": ""08:00"", ""closes"": ""21:00""}, {""@type"": ""OpeningHoursSpecification"", ""dayOfWeek"": ""Saturday"", ""opens"": ""08:00"", ""closes"": ""21:00""}, {""@type"": ""OpeningHoursSpecification"", ""dayOfWeek"": ""Sunday"", ""opens"": ""08:00"", ""closes"": ""21:00""}], ""department"": [{""@context"": ""https://schema.org"", ""@type"": ""Pharmacy"", ""name"": ""CVS Pharmacy Counter"", ""telephone"": ""+13369406870"", ""openingHoursSpecification"": [{""@type"": ""OpeningHoursSpecification"", ""dayOfWeek"": [""Monday"", ""Tuesday"", ""Wednesday"", ""Thursday"", ""Friday""], ""opens"": ""09:00"", ""closes"": ""18:00""}, {""@type"": ""OpeningHoursSpecification"", ""dayOfWeek"": ""Saturday"", ""opens"": ""09:00"", ""closes"": ""18:00""}, {""@type"": ""OpeningHoursSpecification"", ""dayOfWeek"": ""Sunday"", ""opens"": ""10:00"", ""closes"": ""18:00""}]}], ""amenityFeature"": [{""@type"": ""LocationFeatureSpecification"", ""name"": ""Wheelchair Accessible"", ""value"": true}, {""@type"": ""LocationFeatureSpecification"", ""name"": ""UPS Access Point"", ""value"": true}], ""makesOffer"": [{""@type"": ""Offer"", ""itemOffered"": {""@type"": ""Service"", ""name"": ""COVID-19 vaccine""}}, {""@type"": ""Offer"", ""itemOffered"": {""@type"": ""Service"", ""name"": ""Flu shots""}}, {""@type"": ""Offer"", ""itemOffered"": {""@type"": ""Service"", ""name"": ""COVID-19 testing""}}, {""@type"": ""Offer"", ""itemOffered"": {""@type"": ""Service"", ""name"": ""In-store pickup""}}, {""@type"": ""Offer"", ""itemOffered"": {""@type"": ""Service"", ""name"": ""Immunizations""}}, {""@type"": ""Offer"", ""itemOffered"": {""@type"": ""Service"", ""name"": ""Photo""}}, {""@type"": ""Offer"", ""itemOffered"": {""@type"": ""Service"", ""name"": ""UPS access point""}}, {""@type"": ""Offer"", ""itemOffered"": {""@type"": ""Service"", ""name"": ""Pharmacy""}}, {""@type"": ""Offer"", ""itemOffered"": {""@type"": ""Service"", ""name"": ""Rx delivery""}}, {""@type"": ""Offer"", ""itemOffered"": {""@type"": ""Service"", ""name"": ""Accepts SNAP""}}, {""@type"": ""Offer"", ""itemOffered"": {""@type"": ""Service"", ""name"": ""Accepts WIC""}}, {""@type"": ""Offer"", ""itemOffered"": {""@type"": ""Service"", ""name"": ""OTC Health Solutions""}}, {""@type"": ""Offer"", ""itemOffered"": {""@type"": ""Service"", ""name"": ""ATM inside""}}], ""sameAs"": [""https://www.facebook.com/CVS"", ""https://twitter.com/cvspharmacy"", ""https://www.youtube.com/user/CVSPharmacyVideos"", ""https://www.instagram.com/cvspharmacy""]}"
8013,https://www.cvs.com/store-locator/adrian-mi-pharmacies/1003-n-main-st-adrian-mi-49221/storeid=8013,https://www.cvs.com/store-locator/adrian-mi-pharmacies/1003-n-main-st-adrian-mi-49221/storeid=8013,CVS Pharmacy,+15172651565,+15172651565,1003 N. Main St.,Adrian,MI,49221,US,41.90754,-84.03178,https://www.google.com/maps?daddr=1003+N.+MAIN+ST.+ADRIAN+MI+49221,Mon: 07:00-12:00 AM | Tue: 07:00-12:00 AM | Wed: 07:00-12:00 AM | Thu: 07:00-12:00 AM | Fri: 07:00-12:00 AM | Sat: 07:00-12:00 AM | Sun: 07:00-12:00 AM,CVS Pharmacy Counter: Mon: 08:00-19:00 | Tue: 08:00-19:00 | Wed: 08:00-19:00 | Thu: 08:00-19:00 | Fri: 08:00-19:00 | Sat: 09:00-19:00 | Sun: 10:00-19:00,"Wheelchair Accessible, UPS Access Point","COVID-19 vaccine, Flu shots, COVID-19 testing, In-store pickup, Immunizations, Photo, UPS access point, Drug disposal, Rx in-store pickup, Pharmacy, Rx delivery, Accepts SNAP, Accepts WIC, OTC Health Solutions, ATM inside","https://www.facebook.com/CVS, https://twitter.com/cvspharmacy, https://www.youtube.com/user/CVSPharmacyVideos, https://www.instagram.com/cvspharmacy",ok,"{""@context"": ""https://schema.org"", ""@type"": [""Pharmacy"", ""HealthAndBeautyBusiness"", ""Store""], ""name"": ""CVS Pharmacy"", ""alternateName"": [""CVS"", ""CVS Drug Store""], ""url"": ""https://www.cvs.com/store-locator/adrian-mi-pharmacies/1003-n-main-st-adrian-mi-49221/storeid=8013"", ""logo"": ""https://www.cvs.com/content/dam/enterprise/headless/retail/nav/en/assets/logos/cvs-logo.svg"", ""image"": ""https://www.cvs.com/mobilelanding/storepickup/Landingpage-mobile-640_01.png"", ""telephone"": ""+15172651565"", ""priceRange"": ""$$"", ""paymentAccepted"": [""Cash"", ""Credit Card"", ""Debit Card"", ""Apple Pay"", ""Google Pay"", ""FSA"", ""HSA""], ""address"": {""@type"": ""PostalAddress"", ""streetAddress"": ""1003 N. Main St."", ""addressLocality"": ""Adrian"", ""addressRegion"": ""MI"", ""postalCode"": ""49221"", ""addressCountry"": ""US""}, ""geo"": {""@type"": ""GeoCoordinates"", ""latitude"": 41.90754, ""longitude"": -84.03178}, ""hasMap"": ""https://www.google.com/maps?daddr=1003+N.+MAIN+ST.+ADRIAN+MI+49221"", ""openingHoursSpecification"": [{""@type"": ""OpeningHoursSpecification"", ""dayOfWeek"": [""Monday"", ""Tuesday"", ""Wednesday"", ""Thursday"", ""Friday""], ""opens"": ""07:00"", ""closes"": ""12:00 AM""}, {""@type"": ""OpeningHoursSpecification"", ""dayOfWeek"": ""Saturday"", ""opens"": ""07:00"", ""closes"": ""12:00 AM""}, {""@type"": ""OpeningHoursSpecification"", ""dayOfWeek"": ""Sunday"", ""opens"": ""07:00"", ""closes"": ""12:00 AM""}], ""department"": [{""@context"": ""https://schema.org"", ""@type"": ""Pharmacy"", ""name"": ""CVS Pharmacy Counter"", ""telephone"": ""+15172651565"", ""openingHoursSpecification"": [{""@type"": ""OpeningHoursSpecification"", ""dayOfWeek"": [""Monday"", ""Tuesday"", ""Wednesday"", ""Thursday"", ""Friday""], ""opens"": ""08:00"", ""closes"": ""19:00""}, {""@type"": ""OpeningHoursSpecification"", ""dayOfWeek"": ""Saturday"", ""opens"": ""09:00"", ""closes"": ""19:00""}, {""@type"": ""OpeningHoursSpecification"", ""dayOfWeek"": ""Sunday"", ""opens"": ""10:00"", ""closes"": ""19:00""}]}], ""amenityFeature"": [{""@type"": ""LocationFeatureSpecification"", ""name"": ""Wheelchair Accessible"", ""value"": true}, {""@type"": ""LocationFeatureSpecification"", ""name"": ""UPS Access Point"", ""value"": true}], ""makesOffer"": [{""@type"": ""Offer"", ""itemOffered"": {""@type"": ""Service"", ""name"": ""COVID-19 vaccine""}}, {""@type"": ""Offer"", ""itemOffered"": {""@type"": ""Service"", ""name"": ""Flu shots""}}, {""@type"": ""Offer"", ""itemOffered"": {""@type"": ""Service"", ""name"": ""COVID-19 testing""}}, {""@type"": ""Offer"", ""itemOffered"": {""@type"": ""Service"", ""name"": ""In-store pickup""}}, {""@type"": ""Offer"", ""itemOffered"": {""@type"": ""Service"", ""name"": ""Immunizations""}}, {""@type"": ""Offer"", ""itemOffered"": {""@type"": ""Service"", ""name"": ""Photo""}}, {""@type"": ""Offer"", ""itemOffered"": {""@type"": ""Service"", ""name"": ""UPS access point""}}, {""@type"": ""Offer"", ""itemOffered"": {""@type"": ""Service"", ""name"": ""Drug disposal""}}, {""@type"": ""Offer"", ""itemOffered"": {""@type"": ""Service"", ""name"": ""Rx in-store pickup""}}, {""@type"": ""Offer"", ""itemOffered"": {""@type"": ""Service"", ""name"": ""Pharmacy""}}, {""@type"": ""Offer"", ""itemOffered"": {""@type"": ""Service"", ""name"": ""Rx delivery""}}, {""@type"": ""Offer"", ""itemOffered"": {""@type"": ""Service"", ""name"": ""Accepts SNAP""}}, {""@type"": ""Offer"", ""itemOffered"": {""@type"": ""Service"", ""name"": ""Accepts WIC""}}, {""@type"": ""Offer"", ""itemOffered"": {""@type"": ""Service"", ""name"": ""OTC Health Solutions""}}, {""@type"": ""Offer"", ""itemOffered"": {""@type"": ""Service"", ""name"": ""ATM inside""}}], ""sameAs"": [""https://www.facebook.com/CVS"", ""https://twitter.com/cvspharmacy"", ""https://www.youtube.com/user/CVSPharmacyVideos"", ""https://www.instagram.com/cvspharmacy""]}"
2476,https://www.cvs.com/store-locator/agawam-ma-pharmacies/163-silver-street-agawam-ma-01001/storeid=2476,https://www.cvs.com/store-locator/agawam-ma-pharmacies/163-silver-street-agawam-ma-01001/storeid=2476,CVS Pharmacy,+14137893339,+14137893339,163 Silver Street,Agawam,MA,01001,US,42.06167,-72.63135,https://www.google.com/maps?daddr=163+SILVER+STREET+AGAWAM+MA+01001,Mon: 07:00-22:00 | Tue: 07:00-22:00 | Wed: 07:00-22:00 | Thu: 07:00-22:00 | Fri: 07:00-22:00 | Sat: 07:00-22:00 | Sun: 07:00-22:00,CVS Pharmacy Counter: Mon: 09:00-18:00 | Tue: 09:00-18:00 | Wed: 09:00-18:00 | Thu: 09:00-18:00 | Fri: 09:00-18:00 | Sat: 09:00-18:00 | Sun: 10:00-18:00,Wheelchair Accessible,"COVID-19 Vaccinations, Flu Shots, Photo Printing","https://www.facebook.com/CVS, https://twitter.com/cvspharmacy, https://www.youtube.com/user/CVSPharmacyVideos, https://www.instagram.com/cvspharmacy",ok,"{""@context"": ""https://schema.org"", ""@type"": [""Pharmacy"", ""HealthAndBeautyBusiness"", ""Store""], ""name"": ""CVS Pharmacy"", ""alternateName"": [""CVS"", ""CVS Drug Store""], ""url"": ""https://www.cvs.com/store-locator/agawam-ma-pharmacies/163-silver-street-agawam-ma-01001/storeid=2476"", ""logo"": ""https://www.cvs.com/content/dam/enterprise/headless/retail/nav/en/assets/logos/cvs-logo.svg"", ""image"": ""https://www.cvs.com/mobilelanding/storepickup/Landingpage-mobile-640_01.png"", ""telephone"": ""+14137893339"", ""priceRange"": ""$$"", ""paymentAccepted"": [""Cash"", ""Credit Card"", ""Debit Card"", ""Apple Pay"", ""Google Pay"", ""FSA"", ""HSA""], ""address"": {""@type"": ""PostalAddress"", ""streetAddress"": ""163 Silver Street"", ""addressLocality"": ""Agawam"", ""addressRegion"": ""MA"", ""postalCode"": ""01001"", ""addressCountry"": ""US""}, ""geo"": {""@type"": ""GeoCoordinates"", ""latitude"": 42.06167, ""longitude"": -72.63135}, ""hasMap"": ""https://www.google.com/maps?daddr=163+SILVER+STREET+AGAWAM+MA+01001"", ""openingHoursSpecification"": [{""@type"": ""OpeningHoursSpecification"", ""dayOfWeek"": [""Monday"", ""Tuesday"", ""Wednesday"", ""Thursday"", ""Friday""], ""opens"": ""07:00"", ""closes"": ""22:00""}, {""@type"": ""OpeningHoursSpecification"", ""dayOfWeek"": ""Saturday"", ""opens"": ""07:00"", ""closes"": ""22:00""}, {""@type"": ""OpeningHoursSpecification"", ""dayOfWeek"": ""Sunday"", ""opens"": ""07:00"", ""closes"": ""22:00""}], ""department"": [{""@context"": ""https://schema.org"", ""@type"": ""Pharmacy"", ""name"": ""CVS Pharmacy Counter"", ""telephone"": ""+14137893339"", ""openingHoursSpecification"": [{""@type"": ""OpeningHoursSpecification"", ""dayOfWeek"": [""Monday"", ""Tuesday"", ""Wednesday"", ""Thursday"", ""Friday""], ""opens"": ""09:00"", ""closes"": ""18:00""}, {""@type"": ""OpeningHoursSpecification"", ""dayOfWeek"": ""Saturday"", ""opens"": ""09:00"", ""closes"": ""18:00""}, {""@type"": ""OpeningHoursSpecification"", ""dayOfWeek"": ""Sunday"", ""opens"": ""10:00"", ""closes"": ""18:00""}]}], ""amenityFeature"": [{""@type"": ""LocationFeatureSpecification"", ""name"": ""Wheelchair Accessible"", ""value"": true}], ""makesOffer"": [{""@type"": ""Offer"", ""itemOffered"": {""@type"": ""Service"", ""name"": ""COVID-19 Vaccinations"", ""serviceType"": ""Immunization""}}, {""@type"": ""Offer"", ""itemOffered"": {""@type"": ""Service"", ""name"": ""Flu Shots"", ""serviceType"": ""Immunization""}}, {""@type"": ""Offer"", ""itemOffered"": {""@type"": ""Service"", ""name"": ""Photo Printing"", ""serviceType"": ""Photo Service""}}], ""sameAs"": [""https://www.facebook.com/CVS"", ""https://twitter.com/cvspharmacy"", ""https://www.youtube.com/user/CVSPharmacyVideos"", ""https://www.instagram.com/cvspharmacy""]}"
859,https://www.cvs.com/store-locator/agawam-ma-pharmacies/287-springfield-street-agawam-ma-01001/storeid=859,https://www.cvs.com/store-locator/agawam-ma-pharmacies/287-springfield-street-agawam-ma-01001/storeid=859,CVS Pharmacy,+14137864100,+14137864100,287 Springfield Street,Agawam,MA,01001,US,42.08815,-72.63874,https://www.google.com/maps?daddr=287+SPRINGFIELD+STREET+AGAWAM+MA+01001,Mon: 08:00-22:00 | Tue: 08:00-22:00 | Wed: 08:00-22:00 | Thu: 08:00-22:00 | Fri: 08:00-22:00 | Sat: 08:00-22:00 | Sun: 08:00-22:00,CVS Pharmacy Counter: Mon: 09:00-18:00 | Tue: 09:00-18:00 | Wed: 09:00-18:00 | Thu: 09:00-18:00 | Fri: 09:00-18:00 | Sat: 09:00-18:00 | Sun: 10:00-18:00,"Wheelchair Accessible, UPS Access Point","COVID-19 vaccine, Flu shots, COVID-19 testing, In-store pickup, Immunizations, Photo, UPS access point, Rx in-store pickup, Pharmacy, Rx delivery, Accepts SNAP, OTC Health Solutions, ATM inside, Vaccination Room","https://www.facebook.com/CVS, https://twitter.com/cvspharmacy, https://www.youtube.com/user/CVSPharmacyVideos, https://www.instagram.com/cvspharmacy",ok,"{""@context"": ""https://schema.org"", ""@type"": [""Pharmacy"", ""HealthAndBeautyBusiness"", ""Store""], ""name"": ""CVS Pharmacy"", ""alternateName"": [""CVS"", ""CVS Drug Store""], ""url"": ""https://www.cvs.com/store-locator/agawam-ma-pharmacies/287-springfield-street-agawam-ma-01001/storeid=859"", ""logo"": ""https://www.cvs.com/content/dam/enterprise/headless/retail/nav/en/assets/logos/cvs-logo.svg"", ""image"": ""https://www.cvs.com/mobilelanding/storepickup/Landingpage-mobile-640_01.png"", ""telephone"": ""+14137864100"", ""priceRange"": ""$$"", ""paymentAccepted"": [""Cash"", ""Credit Card"", ""Debit Card"", ""Apple Pay"", ""Google Pay"", ""FSA"", ""HSA""], ""address"": {""@type"": ""PostalAddress"", ""streetAddress"": ""287 Springfield Street"", ""addressLocality"": ""Agawam"", ""addressRegion"": ""MA"", ""postalCode"": ""01001"", ""addressCountry"": ""US""}, ""geo"": {""@type"": ""GeoCoordinates"", ""latitude"": 42.08815, ""longitude"": -72.63874}, ""hasMap"": ""https://www.google.com/maps?daddr=287+SPRINGFIELD+STREET+AGAWAM+MA+01001"", ""openingHoursSpecification"": [{""@type"": ""OpeningHoursSpecification"", ""dayOfWeek"": [""Monday"", ""Tuesday"", ""Wednesday"", ""Thursday"", ""Friday""], ""opens"": ""08:00"", ""closes"": ""22:00""}, {""@type"": ""OpeningHoursSpecification"", ""dayOfWeek"": ""Saturday"", ""opens"": ""08:00"", ""closes"": ""22:00""}, {""@type"": ""OpeningHoursSpecification"", ""dayOfWeek"": ""Sunday"", ""opens"": ""08:00"", ""closes"": ""22:00""}], ""department"": [{""@context"": ""https://schema.org"", ""@type"": ""Pharmacy"", ""name"": ""CVS Pharmacy Counter"", ""telephone"": ""+14137864100"", ""openingHoursSpecification"": [{""@type"": ""OpeningHoursSpecification"", ""dayOfWeek"": [""Monday"", ""Tuesday"", ""Wednesday"", ""Thursday"", ""Friday""], ""opens"": ""09:00"", ""closes"": ""18:00""}, {""@type"": ""OpeningHoursSpecification"", ""dayOfWeek"": ""Saturday"", ""opens"": ""09:00"", ""closes"": ""18:00""}, {""@type"": ""OpeningHoursSpecification"", ""dayOfWeek"": ""Sunday"", ""opens"": ""10:00"", ""closes"": ""18:00""}]}], ""amenityFeature"": [{""@type"": ""LocationFeatureSpecification"", ""name"": ""Wheelchair Accessible"", ""value"": true}, {""@type"": ""LocationFeatureSpecification"", ""name"": ""UPS Access Point"", ""value"": true}], ""makesOffer"": [{""@type"": ""Offer"", ""itemOffered"": {""@type"": ""Service"", ""name"": ""COVID-19 vaccine""}}, {""@type"": ""Offer"", ""itemOffered"": {""@type"": ""Service"", ""name"": ""Flu shots""}}, {""@type"": ""Offer"", ""itemOffered"": {""@type"": ""Service"", ""name"": ""COVID-19 testing""}}, {""@type"": ""Offer"", ""itemOffered"": {""@type"": ""Service"", ""name"": ""In-store pickup""}}, {""@type"": ""Offer"", ""itemOffered"": {""@type"": ""Service"", ""name"": ""Immunizations""}}, {""@type"": ""Offer"", ""itemOffered"": {""@type"": ""Service"", ""name"": ""Photo""}}, {""@type"": ""Offer"", ""itemOffered"": {""@type"": ""Service"", ""name"": ""UPS access point""}}, {""@type"": ""Offer"", ""itemOffered"": {""@type"": ""Service"", ""name"": ""Rx in-store pickup""}}, {""@type"": ""Offer"", ""itemOffered"": {""@type"": ""Service"", ""name"": ""Pharmacy""}}, {""@type"": ""Offer"", ""itemOffered"": {""@type"": ""Service"", ""name"": ""Rx delivery""}}, {""@type"": ""Offer"", ""itemOffered"": {""@type"": ""Service"", ""name"": ""Accepts SNAP""}}, {""@type"": ""Offer"", ""itemOffered"": {""@type"": ""Service"", ""name"": ""OTC Health Solutions""}}, {""@type"": ""Offer"", ""itemOffered"": {""@type"": ""Service"", ""name"": ""ATM inside""}}, {""@type"": ""Offer"", ""itemOffered"": {""@type"": ""Service"", ""name"": ""Vaccination Room""}}], ""sameAs"": [""https://www.facebook.com/CVS"", ""https://twitter.com/cvspharmacy"", ""https://www.youtube.com/user/CVSPharmacyVideos"", ""https://www.instagram.com/cvspharmacy""]}"
9751,https://www.cvs.com/store-locator/agoura-hills-ca-pharmacies/5623-kanan-rd-agoura-hills-ca-91301/storeid=9751,https://www.cvs.com/store-locator/agoura-hills-ca-pharmacies/5623-kanan-rd-agoura-hills-ca-91301/storeid=9751,CVS Pharmacy,+18189915522,+18189915522,5623 Kanan Rd.,Agoura Hills,CA,91301,US,34.15239,-118.75888,https://www.google.com/maps?daddr=5623+KANAN+RD.+AGOURA+HILLS+CA+91301,Mon: 07:00-12:00 AM | Tue: 07:00-12:00 AM | Wed: 07:00-12:00 AM | Thu: 07:00-12:00 AM | Fri: 07:00-12:00 AM | Sat: 07:00-12:00 AM | Sun: 07:00-12:00 AM,CVS Pharmacy Counter: Mon: 09:00-18:00 | Tue: 09:00-18:00 | Wed: 09:00-18:00 | Thu: 09:00-18:00 | Fri: 09:00-18:00 | Sat: 09:00-18:00 | Sun: 10:00-18:00,"Wheelchair Accessible, UPS Access Point","COVID-19 vaccine, Flu shots, COVID-19 testing, In-store pickup, Photo, UPS access point, Rx in-store pickup, Pharmacy, Rx delivery, Accepts SNAP, OTC Health Solutions, Beauty IRL, ATM inside","https://www.facebook.com/CVS, https://twitter.com/cvspharmacy, https://www.youtube.com/user/CVSPharmacyVideos, https://www.instagram.com/cvspharmacy",ok,"{""@context"": ""https://schema.org"", ""@type"": [""Pharmacy"", ""HealthAndBeautyBusiness"", ""Store""], ""name"": ""CVS Pharmacy"", ""alternateName"": [""CVS"", ""CVS Drug Store""], ""url"": ""https://www.cvs.com/store-locator/agoura-hills-ca-pharmacies/5623-kanan-rd-agoura-hills-ca-91301/storeid=9751"", ""logo"": ""https://www.cvs.com/content/dam/enterprise/headless/retail/nav/en/assets/logos/cvs-logo.svg"", ""image"": ""https://www.cvs.com/mobilelanding/storepickup/Landingpage-mobile-640_01.png"", ""telephone"": ""+18189915522"", ""priceRange"": ""$$"", ""paymentAccepted"": [""Cash"", ""Credit Card"", ""Debit Card"", ""Apple Pay"", ""Google Pay"", ""FSA"", ""HSA""], ""address"": {""@type"": ""PostalAddress"", ""streetAddress"": ""5623 Kanan Rd."", ""addressLocality"": ""Agoura Hills"", ""addressRegion"": ""CA"", ""postalCode"": ""91301"", ""addressCountry"": ""US""}, ""geo"": {""@type"": ""GeoCoordinates"", ""latitude"": 34.15239, ""longitude"": -118.75888}, ""hasMap"": ""https://www.google.com/maps?daddr=5623+KANAN+RD.+AGOURA+HILLS+CA+91301"", ""openingHoursSpecification"": [{""@type"": ""OpeningHoursSpecification"", ""dayOfWeek"": [""Monday"", ""Tuesday"", ""Wednesday"", ""Thursday"", ""Friday""], ""opens"": ""07:00"", ""closes"": ""12:00 AM""}, {""@type"": ""OpeningHoursSpecification"", ""dayOfWeek"": ""Saturday"", ""opens"": ""07:00"", ""closes"": ""12:00 AM""}, {""@type"": ""OpeningHoursSpecification"", ""dayOfWeek"": ""Sunday"", ""opens"": ""07:00"", ""closes"": ""12:00 AM""}], ""department"": [{""@context"": ""https://schema.org"", ""@type"": ""Pharmacy"", ""name"": ""CVS Pharmacy Counter"", ""telephone"": ""+18189915522"", ""openingHoursSpecification"": [{""@type"": ""OpeningHoursSpecification"", ""dayOfWeek"": [""Monday"", ""Tuesday"", ""Wednesday"", ""Thursday"", ""Friday""], ""opens"": ""09:00"", ""closes"": ""18:00""}, {""@type"": ""OpeningHoursSpecification"", ""dayOfWeek"": ""Saturday"", ""opens"": ""09:00"", ""closes"": ""18:00""}, {""@type"": ""OpeningHoursSpecification"", ""dayOfWeek"": ""Sunday"", ""opens"": ""10:00"", ""closes"": ""18:00""}]}], ""amenityFeature"": [{""@type"": ""LocationFeatureSpecification"", ""name"": ""Wheelchair Accessible"", ""value"": true}, {""@type"": ""LocationFeatureSpecification"", ""name"": ""UPS Access Point"", ""value"": true}], ""makesOffer"": [{""@type"": ""Offer"", ""itemOffered"": {""@type"": ""Service"", ""name"": ""COVID-19 vaccine""}}, {""@type"": ""Offer"", ""itemOffered"": {""@type"": ""Service"", ""name"": ""Flu shots""}}, {""@type"": ""Offer"", ""itemOffered"": {""@type"": ""Service"", ""name"": ""COVID-19 testing""}}, {""@type"": ""Offer"", ""itemOffered"": {""@type"": ""Service"", ""name"": ""In-store pickup""}}, {""@type"": ""Offer"", ""itemOffered"": {""@type"": ""Service"", ""name"": ""Photo""}}, {""@type"": ""Offer"", ""itemOffered"": {""@type"": ""Service"", ""name"": ""UPS access point""}}, {""@type"": ""Offer"", ""itemOffered"": {""@type"": ""Service"", ""name"": ""Rx in-store pickup""}}, {""@type"": ""Offer"", ""itemOffered"": {""@type"": ""Service"", ""name"": ""Pharmacy""}}, {""@type"": ""Offer"", ""itemOffered"": {""@type"": ""Service"", ""name"": ""Rx delivery""}}, {""@type"": ""Offer"", ""itemOffered"": {""@type"": ""Service"", ""name"": ""Accepts SNAP""}}, {""@type"": ""Offer"", ""itemOffered"": {""@type"": ""Service"", ""name"": ""OTC Health Solutions""}}, {""@type"": ""Offer"", ""itemOffered"": {""@type"": ""Service"", ""name"": ""Beauty IRL""}}, {""@type"": ""Offer"", ""itemOffered"": {""@type"": ""Service"", ""name"": ""ATM inside""}}], ""sameAs"": [""https://www.facebook.com/CVS"", ""https://twitter.com/cvspharmacy"", ""https://www.youtube.com/user/CVSPharmacyVideos"", ""https://www.instagram.com/cvspharmacy""]}"
5529,https://www.cvs.com/store-locator/aiken-sc-pharmacies/1041-york-street-aiken-sc-29801/storeid=5529,https://www.cvs.com/store-locator/aiken-sc-pharmacies/1041-york-street-aiken-sc-29801/storeid=5529,CVS Pharmacy,+18036490521,+18036490521,1041 York Street,Aiken,SC,29801,US,33.57651,-81.70414,https://www.google.com/maps?daddr=1041+YORK+STREET+AIKEN+SC+29801,Mon: 08:00-21:00 | Tue: 08:00-21:00 | Wed: 08:00-21:00 | Thu: 08:00-21:00 | Fri: 08:00-21:00 | Sat: 08:00-21:00 | Sun: 08:00-21:00,CVS Pharmacy Counter: Mon: 09:00-18:00 | Tue: 09:00-18:00 | Wed: 09:00-18:00 | Thu: 09:00-18:00 | Fri: 09:00-18:00 | Sat: 09:00-18:00 | Sun: 10:00-18:00,"Wheelchair Accessible, UPS Access Point","COVID-19 Vaccinations, Flu Shots, Photo Printing","https://www.facebook.com/CVS, https://twitter.com/cvspharmacy, https://www.youtube.com/user/CVSPharmacyVideos, https://www.instagram.com/cvspharmacy",ok,"{""@context"": ""https://schema.org"", ""@type"": [""Pharmacy"", ""HealthAndBeautyBusiness"", ""Store""], ""name"": ""CVS Pharmacy"", ""alternateName"": [""CVS"", ""CVS Drug Store""], ""url"": ""https://www.cvs.com/store-locator/aiken-sc-pharmacies/1041-york-street-aiken-sc-29801/storeid=5529"", ""logo"": ""https://www.cvs.com/content/dam/enterprise/headless/retail/nav/en/assets/logos/cvs-logo.svg"", ""image"": ""https://www.cvs.com/mobilelanding/storepickup/Landingpage-mobile-640_01.png"", ""telephone"": ""+18036490521"", ""priceRange"": ""$$"", ""paymentAccepted"": [""Cash"", ""Credit Card"", ""Debit Card"", ""Apple Pay"", ""Google Pay"", ""FSA"", ""HSA""], ""address"": {""@type"": ""PostalAddress"", ""streetAddress"": ""1041 York Street"", ""addressLocality"": ""Aiken"", ""addressRegion"": ""SC"", ""postalCode"": ""29801"", ""addressCountry"": ""US""}, ""geo"": {""@type"": ""GeoCoordinates"", ""latitude"": 33.57651, ""longitude"": -81.70414}, ""hasMap"": ""https://www.google.com/maps?daddr=1041+YORK+STREET+AIKEN+SC+29801"", ""openingHoursSpecification"": [{""@type"": ""OpeningHoursSpecification"", ""dayOfWeek"": [""Monday"", ""Tuesday"", ""Wednesday"", ""Thursday"", ""Friday""], ""opens"": ""08:00"", ""closes"": ""21:00""}, {""@type"": ""OpeningHoursSpecification"", ""dayOfWeek"": ""Saturday"", ""opens"": ""08:00"", ""closes"": ""21:00""}, {""@type"": ""OpeningHoursSpecification"", ""dayOfWeek"": ""Sunday"", ""opens"": ""08:00"", ""closes"": ""21:00""}], ""department"": [{""@context"": ""https://schema.org"", ""@type"": ""Pharmacy"", ""name"": ""CVS Pharmacy Counter"", ""telephone"": ""+18036490521"", ""openingHoursSpecification"": [{""@type"": ""OpeningHoursSpecification"", ""dayOfWeek"": [""Monday"", ""Tuesday"", ""Wednesday"", ""Thursday"", ""Friday""], ""opens"": ""09:00"", ""closes"": ""18:00""}, {""@type"": ""OpeningHoursSpecification"", ""dayOfWeek"": ""Saturday"", ""opens"": ""09:00"", ""closes"": ""18:00""}, {""@type"": ""OpeningHoursSpecification"", ""dayOfWeek"": ""Sunday"", ""opens"": ""10:00"", ""closes"": ""18:00""}]}], ""amenityFeature"": [{""@type"": ""LocationFeatureSpecification"", ""name"": ""Wheelchair Accessible"", ""value"": true}, {""@type"": ""LocationFeatureSpecification"", ""name"": ""UPS Access Point"", ""value"": true}], ""makesOffer"": [{""@type"": ""Offer"", ""itemOffered"": {""@type"": ""Service"", ""name"": ""COVID-19 Vaccinations"", ""serviceType"": ""Immunization""}}, {""@type"": ""Offer"", ""itemOffered"": {""@type"": ""Service"", ""name"": ""Flu Shots"", ""serviceType"": ""Immunization""}}, {""@type"": ""Offer"", ""itemOffered"": {""@type"": ""Service"", ""name"": ""Photo Printing"", ""serviceType"": ""Photo Service""}}], ""sameAs"": [""https://www.facebook.com/CVS"", ""https://twitter.com/cvspharmacy"", ""https://www.youtube.com/user/CVSPharmacyVideos"", ""https://www.instagram.com/cvspharmacy""]}"
4295,https://www.cvs.com/store-locator/aiken-sc-pharmacies/2062-whiskey-road-aiken-sc-29803/storeid=4295,https://www.cvs.com/store-locator/aiken-sc-pharmacies/2062-whiskey-road-aiken-sc-29803/storeid=4295,CVS Pharmacy,+18036482339,+18036482339,2062 Whiskey Road,Aiken,SC,29803,US,33.51844,-81.71614,https://www.google.com/maps?daddr=2062+WHISKEY+ROAD+AIKEN+SC+29803,Mon: 08:00-22:00 | Tue: 08:00-22:00 | Wed: 08:00-22:00 | Thu: 08:00-22:00 | Fri: 08:00-22:00 | Sat: 08:00-22:00 | Sun: 08:00-22:00,CVS Pharmacy Counter: Mon: 08:00-18:00 | Tue: 08:00-18:00 | Wed: 08:00-18:00 | Thu: 08:00-18:00 | Fri: 08:00-18:00 | Sat: 09:00-18:00 | Sun: 10:00-18:00,"Wheelchair Accessible, UPS Access Point","COVID-19 Vaccinations, Flu Shots, Photo Printing","https://www.facebook.com/CVS, https://twitter.com/cvspharmacy, https://www.youtube.com/user/CVSPharmacyVideos, https://www.instagram.com/cvspharmacy",ok,"{""@context"": ""https://schema.org"", ""@type"": [""Pharmacy"", ""HealthAndBeautyBusiness"", ""Store""], ""name"": ""CVS Pharmacy"", ""alternateName"": [""CVS"", ""CVS Drug Store""], ""url"": ""https://www.cvs.com/store-locator/aiken-sc-pharmacies/2062-whiskey-road-aiken-sc-29803/storeid=4295"", ""logo"": ""https://www.cvs.com/content/dam/enterprise/headless/retail/nav/en/assets/logos/cvs-logo.svg"", ""image"": ""https://www.cvs.com/mobilelanding/storepickup/Landingpage-mobile-640_01.png"", ""telephone"": ""+18036482339"", ""priceRange"": ""$$"", ""paymentAccepted"": [""Cash"", ""Credit Card"", ""Debit Card"", ""Apple Pay"", ""Google Pay"", ""FSA"", ""HSA""], ""address"": {""@type"": ""PostalAddress"", ""streetAddress"": ""2062 Whiskey Road"", ""addressLocality"": ""Aiken"", ""addressRegion"": ""SC"", ""postalCode"": ""29803"", ""addressCountry"": ""US""}, ""geo"": {""@type"": ""GeoCoordinates"", ""latitude"": 33.51844, ""longitude"": -81.71614}, ""hasMap"": ""https://www.google.com/maps?daddr=2062+WHISKEY+ROAD+AIKEN+SC+29803"", ""openingHoursSpecification"": [{""@type"": ""OpeningHoursSpecification"", ""dayOfWeek"": [""Monday"", ""Tuesday"", ""Wednesday"", ""Thursday"", ""Friday""], ""opens"": ""08:00"", ""closes"": ""22:00""}, {""@type"": ""OpeningHoursSpecification"", ""dayOfWeek"": ""Saturday"", ""opens"": ""08:00"", ""closes"": ""22:00""}, {""@type"": ""OpeningHoursSpecification"", ""dayOfWeek"": ""Sunday"", ""opens"": ""08:00"", ""closes"": ""22:00""}], ""department"": [{""@context"": ""https://schema.org"", ""@type"": ""Pharmacy"", ""name"": ""CVS Pharmacy Counter"", ""telephone"": ""+18036482339"", ""openingHoursSpecification"": [{""@type"": ""OpeningHoursSpecification"", ""dayOfWeek"": [""Monday"", ""Tuesday"", ""Wednesday"", ""Thursday"", ""Friday""], ""opens"": ""08:00"", ""closes"": ""18:00""}, {""@type"": ""OpeningHoursSpecification"", ""dayOfWeek"": ""Saturday"", ""opens"": ""09:00"", ""closes"": ""18:00""}, {""@type"": ""OpeningHoursSpecification"", ""dayOfWeek"": ""Sunday"", ""opens"": ""10:00"", ""closes"": ""18:00""}]}], ""amenityFeature"": [{""@type"": ""LocationFeatureSpecification"", ""name"": ""Wheelchair Accessible"", ""value"": true}, {""@type"": ""LocationFeatureSpecification"", ""name"": ""UPS Access Point"", ""value"": true}], ""makesOffer"": [{""@type"": ""Offer"", ""itemOffered"": {""@type"": ""Service"", ""name"": ""COVID-19 Vaccinations"", ""serviceType"": ""Immunization""}}, {""@type"": ""Offer"", ""itemOffered"": {""@type"": ""Service"", ""name"": ""Flu Shots"", ""serviceType"": ""Immunization""}}, {""@type"": ""Offer"", ""itemOffered"": {""@type"": ""Service"", ""name"": ""Photo Printing"", ""serviceType"": ""Photo Service""}}], ""sameAs"": [""https://www.facebook.com/CVS"", ""https://twitter.com/cvspharmacy"", ""https://www.youtube.com/user/CVSPharmacyVideos"", ""https://www.instagram.com/cvspharmacy""]}"
16653,https://www.cvs.com/store-locator/aiken-sc-pharmacies/2545-whiskey-rd-aiken-sc-29803/storeid=16653,https://www.cvs.com/store-locator/aiken-sc-pharmacies/2545-whiskey-rd-aiken-sc-29803/storeid=16653,CVS Pharmacy,+18036442711,+18036442711,2545 Whiskey Rd,Aiken,SC,29803,US,33.50407,-81.71174,https://www.google.com/maps?daddr=2545+WHISKEY+RD+AIKEN+SC+29803,,CVS Pharmacy Counter: Mon: 09:00-17:00 | Tue: 09:00-17:00 | Wed: 09:00-17:00 | Thu: 09:00-17:00 | Fri: 09:00-17:00 | Sat: 09:00-17:00 | Sun: 11:00-17:00,Wheelchair Accessible,"COVID-19 Vaccinations, Flu Shots, Photo Printing","https://www.facebook.com/CVS, https://twitter.com/cvspharmacy, https://www.youtube.com/user/CVSPharmacyVideos, https://www.instagram.com/cvspharmacy",ok,"{""@context"": ""https://schema.org"", ""@type"": [""Pharmacy""], ""name"": ""CVS Pharmacy"", ""alternateName"": [""CVS"", ""CVS Drug Store""], ""url"": ""https://www.cvs.com/store-locator/aiken-sc-pharmacies/2545-whiskey-rd-aiken-sc-29803/storeid=16653"", ""logo"": ""https://www.cvs.com/content/dam/enterprise/headless/retail/nav/en/assets/logos/cvs-logo.svg"", ""image"": ""https://www.cvs.com/mobilelanding/storepickup/Landingpage-mobile-640_01.png"", ""telephone"": ""+18036442711"", ""priceRange"": ""$$"", ""paymentAccepted"": [""Cash"", ""Credit Card"", ""Debit Card"", ""Apple Pay"", ""Google Pay"", ""FSA"", ""HSA""], ""address"": {""@type"": ""PostalAddress"", ""streetAddress"": ""2545 Whiskey Rd"", ""addressLocality"": ""Aiken"", ""addressRegion"": ""SC"", ""postalCode"": ""29803"", ""addressCountry"": ""US""}, ""geo"": {""@type"": ""GeoCoordinates"", ""latitude"": 33.50407, ""longitude"": -81.71174}, ""hasMap"": ""https://www.google.com/maps?daddr=2545+WHISKEY+RD+AIKEN+SC+29803"", ""department"": [{""@context"": ""https://schema.org"", ""@type"": ""Pharmacy"", ""name"": ""CVS Pharmacy Counter"", ""telephone"": ""+18036442711"", ""openingHoursSpecification"": [{""@type"": ""OpeningHoursSpecification"", ""dayOfWeek"": [""Monday"", ""Tuesday"", ""Wednesday"", ""Thursday"", ""Friday""], ""opens"": ""09:00"", ""closes"": ""17:00""}, {""@type"": ""OpeningHoursSpecification"", ""dayOfWeek"": ""Saturday"", ""opens"": ""09:00"", ""closes"": ""17:00""}, {""@type"": ""OpeningHoursSpecification"", ""dayOfWeek"": ""Sunday"", ""opens"": ""11:00"", ""closes"": ""17:00""}]}], ""amenityFeature"": [{""@type"": ""LocationFeatureSpecification"", ""name"": ""Wheelchair Accessible"", ""value"": true}], ""makesOffer"": [{""@type"": ""Offer"", ""itemOffered"": {""@type"": ""Service"", ""name"": ""COVID-19 Vaccinations"", ""serviceType"": ""Immunization""}}, {""@type"": ""Offer"", ""itemOffered"": {""@type"": ""Service"", ""name"": ""Flu Shots"", ""serviceType"": ""Immunization""}}, {""@type"": ""Offer"", ""itemOffered"": {""@type"": ""Service"", ""name"": ""Photo Printing"", ""serviceType"": ""Photo Service""}}], ""sameAs"": [""https://www.facebook.com/CVS"", ""https://twitter.com/cvspharmacy"", ""https://www.youtube.com/user/CVSPharmacyVideos"", ""https://www.instagram.com/cvspharmacy""]}"
4523,https://www.cvs.com/store-locator/aiken-sc-pharmacies/1638-richland-ave-w-aiken-sc-29801/storeid=4523,https://www.cvs.com/store-locator/aiken-sc-pharmacies/1638-richland-ave-w-aiken-sc-29801/storeid=4523,CVS Pharmacy,+18036483203,+18036483203,1638 Richland Ave W,Aiken,SC,29801,US,33.5654,-81.7406,https://www.google.com/maps?daddr=1638+RICHLAND+AVE+W+AIKEN+SC+29801,Mon: 08:00-21:00 | Tue: 08:00-21:00 | Wed: 08:00-21:00 | Thu: 08:00-21:00 | Fri: 08:00-21:00 | Sat: 08:00-21:00 | Sun: 08:00-21:00,CVS Pharmacy Counter: Mon: 09:00-18:00 | Tue: 09:00-18:00 | Wed: 09:00-18:00 | Thu: 09:00-18:00 | Fri: 09:00-18:00 | Sat: 09:00-18:00 | Sun: 10:00-18:00,"Wheelchair Accessible, UPS Access Point","COVID-19 vaccine, Flu shots, COVID-19 testing, In-store pickup, Immunizations, Photo, UPS access point, Pharmacy, Rx delivery, Accepts SNAP, OTC Health Solutions, ATM inside","https://www.facebook.com/CVS, https://twitter.com/cvspharmacy, https://www.youtube.com/user/CVSPharmacyVideos, https://www.instagram.com/cvspharmacy",ok,"{""@context"": ""https://schema.org"", ""@type"": [""Pharmacy"", ""HealthAndBeautyBusiness"", ""Store""], ""name"": ""CVS Pharmacy"", ""alternateName"": [""CVS"", ""CVS Drug Store""], ""url"": ""https://www.cvs.com/store-locator/aiken-sc-pharmacies/1638-richland-ave-w-aiken-sc-29801/storeid=4523"", ""logo"": ""https://www.cvs.com/content/dam/enterprise/headless/retail/nav/en/assets/logos/cvs-logo.svg"", ""image"": ""https://www.cvs.com/mobilelanding/storepickup/Landingpage-mobile-640_01.png"", ""telephone"": ""+18036483203"", ""priceRange"": ""$$"", ""paymentAccepted"": [""Cash"", ""Credit Card"", ""Debit Card"", ""Apple Pay"", ""Google Pay"", ""FSA"", ""HSA""], ""address"": {""@type"": ""PostalAddress"", ""streetAddress"": ""1638 Richland Ave W"", ""addressLocality"": ""Aiken"", ""addressRegion"": ""SC"", ""postalCode"": ""29801"", ""addressCountry"": ""US""}, ""geo"": {""@type"": ""GeoCoordinates"", ""latitude"": 33.5654, ""longitude"": -81.7406}, ""hasMap"": ""https://www.google.com/maps?daddr=1638+RICHLAND+AVE+W+AIKEN+SC+29801"", ""openingHoursSpecification"": [{""@type"": ""OpeningHoursSpecification"", ""dayOfWeek"": [""Monday"", ""Tuesday"", ""Wednesday"", ""Thursday"", ""Friday""], ""opens"": ""08:00"", ""closes"": ""21:00""}, {""@type"": ""OpeningHoursSpecification"", ""dayOfWeek"": ""Saturday"", ""opens"": ""08:00"", ""closes"": ""21:00""}, {""@type"": ""OpeningHoursSpecification"", ""dayOfWeek"": ""Sunday"", ""opens"": ""08:00"", ""closes"": ""21:00""}], ""department"": [{""@context"": ""https://schema.org"", ""@type"": ""Pharmacy"", ""name"": ""CVS Pharmacy Counter"", ""telephone"": ""+18036483203"", ""openingHoursSpecification"": [{""@type"": ""OpeningHoursSpecification"", ""dayOfWeek"": [""Monday"", ""Tuesday"", ""Wednesday"", ""Thursday"", ""Friday""], ""opens"": ""09:00"", ""closes"": ""18:00""}, {""@type"": ""OpeningHoursSpecification"", ""dayOfWeek"": ""Saturday"", ""opens"": ""09:00"", ""closes"": ""18:00""}, {""@type"": ""OpeningHoursSpecification"", ""dayOfWeek"": ""Sunday"", ""opens"": ""10:00"", ""closes"": ""18:00""}]}], ""amenityFeature"": [{""@type"": ""LocationFeatureSpecification"", ""name"": ""Wheelchair Accessible"", ""value"": true}, {""@type"": ""LocationFeatureSpecification"", ""name"": ""UPS Access Point"", ""value"": true}], ""makesOffer"": [{""@type"": ""Offer"", ""itemOffered"": {""@type"": ""Service"", ""name"": ""COVID-19 vaccine""}}, {""@type"": ""Offer"", ""itemOffered"": {""@type"": ""Service"", ""name"": ""Flu shots""}}, {""@type"": ""Offer"", ""itemOffered"": {""@type"": ""Service"", ""name"": ""COVID-19 testing""}}, {""@type"": ""Offer"", ""itemOffered"": {""@type"": ""Service"", ""name"": ""In-store pickup""}}, {""@type"": ""Offer"", ""itemOffered"": {""@type"": ""Service"", ""name"": ""Immunizations""}}, {""@type"": ""Offer"", ""itemOffered"": {""@type"": ""Service"", ""name"": ""Photo""}}, {""@type"": ""Offer"", ""itemOffered"": {""@type"": ""Service"", ""name"": ""UPS access point""}}, {""@type"": ""Offer"", ""itemOffered"": {""@type"": ""Service"", ""name"": ""Pharmacy""}}, {""@type"": ""Offer"", ""itemOffered"": {""@type"": ""Service"", ""name"": ""Rx delivery""}}, {""@type"": ""Offer"", ""itemOffered"": {""@type"": ""Service"", ""name"": ""Accepts SNAP""}}, {""@type"": ""Offer"", ""itemOffered"": {""@type"": ""Service"", ""name"": ""OTC Health Solutions""}}, {""@type"": ""Offer"", ""itemOffered"": {""@type"": ""Service"", ""name"": ""ATM inside""}}], ""sameAs"": [""https://www.facebook.com/CVS"", ""https://twitter.com/cvspharmacy"", ""https://www.youtube.com/user/CVSPharmacyVideos"", ""https://www.instagram.com/cvspharmacy""]}"
9813,https://www.cvs.com/store-locator/aiea-hi-pharmacies/98-1005-moanalua-rd-400-aiea-hi-96701/storeid=9813,https://www.cvs.com/store-locator/aiea-hi-pharmacies/98-1005-moanalua-rd-400-aiea-hi-96701/storeid=9813,CVS Pharmacy,+18084880958,+18084880958,98-1005 Moanalua Rd #400,Aiea,HI,96701,US,21.38308,-157.93973,https://www.google.com/maps?daddr=98-1005+MOANALUA+RD+#400+AIEA+HI+96701,Mon: 07:00-23:00 | Tue: 07:00-23:00 | Wed: 07:00-23:00 | Thu: 07:00-23:00 | Fri: 07:00-23:00 | Sat: 07:00-23:00 | Sun: 07:00-23:00,CVS Pharmacy Counter: Mon: 07:00-20:00 | Tue: 07:00-20:00 | Wed: 07:00-20:00 | Thu: 07:00-20:00 | Fri: 07:00-20:00 | Sat: 07:00-20:00 | Sun: 07:00-19:00,Wheelchair Accessible,"COVID-19 Vaccinations, Flu Shots, Photo Printing","https://www.facebook.com/CVS, https://twitter.com/cvspharmacy, https://www.youtube.com/user/CVSPharmacyVideos, https://www.instagram.com/cvspharmacy",ok,"{""@context"": ""https://schema.org"", ""@type"": [""Pharmacy"", ""HealthAndBeautyBusiness"", ""Store""], ""name"": ""CVS Pharmacy"", ""alternateName"": [""CVS"", ""CVS Drug Store""], ""url"": ""https://www.cvs.com/store-locator/aiea-hi-pharmacies/98-1005-moanalua-rd-400-aiea-hi-96701/storeid=9813"", ""logo"": ""https://www.cvs.com/content/dam/enterprise/headless/retail/nav/en/assets/logos/cvs-logo.svg"", ""image"": ""https://www.cvs.com/mobilelanding/storepickup/Landingpage-mobile-640_01.png"", ""telephone"": ""+18084880958"", ""priceRange"": ""$$"", ""paymentAccepted"": [""Cash"", ""Credit Card"", ""Debit Card"", ""Apple Pay"", ""Google Pay"", ""FSA"", ""HSA""], ""address"": {""@type"": ""PostalAddress"", ""streetAddress"": ""98-1005 Moanalua Rd #400"", ""addressLocality"": ""Aiea"", ""addressRegion"": ""HI"", ""postalCode"": ""96701"", ""addressCountry"": ""US""}, ""geo"": {""@type"": ""GeoCoordinates"", ""latitude"": 21.38308, ""longitude"": -157.93973}, ""hasMap"": ""https://www.google.com/maps?daddr=98-1005+MOANALUA+RD+#400+AIEA+HI+96701"", ""openingHoursSpecification"": [{""@type"": ""OpeningHoursSpecification"", ""dayOfWeek"": [""Monday"", ""Tuesday"", ""Wednesday"", ""Thursday"", ""Friday""], ""opens"": ""07:00"", ""closes"": ""23:00""}, {""@type"": ""OpeningHoursSpecification"", ""dayOfWeek"": ""Saturday"", ""opens"": ""07:00"", ""closes"": ""23:00""}, {""@type"": ""OpeningHoursSpecification"", ""dayOfWeek"": ""Sunday"", ""opens"": ""07:00"", ""closes"": ""23:00""}], ""department"": [{""@context"": ""https://schema.org"", ""@type"": ""Pharmacy"", ""name"": ""CVS Pharmacy Counter"", ""telephone"": ""+18084880958"", ""openingHoursSpecification"": [{""@type"": ""OpeningHoursSpecification"", ""dayOfWeek"": [""Monday"", ""Tuesday"", ""Wednesday"", ""Thursday"", ""Friday""], ""opens"": ""07:00"", ""closes"": ""20:00""}, {""@type"": ""OpeningHoursSpecification"", ""dayOfWeek"": ""Saturday"", ""opens"": ""07:00"", ""closes"": ""20:00""}, {""@type"": ""OpeningHoursSpecification"", ""dayOfWeek"": ""Sunday"", ""opens"": ""07:00"", ""closes"": ""19:00""}]}], ""amenityFeature"": [{""@type"": ""LocationFeatureSpecification"", ""name"": ""Wheelchair Accessible"", ""value"": true}], ""makesOffer"": [{""@type"": ""Offer"", ""itemOffered"": {""@type"": ""Service"", ""name"": ""COVID-19 Vaccinations"", ""serviceType"": ""Immunization""}}, {""@type"": ""Offer"", ""itemOffered"": {""@type"": ""Service"", ""name"": ""Flu Shots"", ""serviceType"": ""Immunization""}}, {""@type"": ""Offer"", ""itemOffered"": {""@type"": ""Service"", ""name"": ""Photo Printing"", ""serviceType"": ""Photo Service""}}], ""sameAs"": [""https://www.facebook.com/CVS"", ""https://twitter.com/cvspharmacy"", ""https://www.youtube.com/user/CVSPharmacyVideos"", ""https://www.instagram.com/cvspharmacy""]}"
10397,https://www.cvs.com/store-locator/aitkin-mn-pharmacies/25-2nd-street-northeast-aitkin-mn-56431/storeid=10397,https://www.cvs.com/store-locator/aitkin-mn-pharmacies/25-2nd-street-northeast-aitkin-mn-56431/storeid=10397,CVS Pharmacy,+12189273754,+12189273754,25 2Nd Street Northeast,Aitkin,MN,56431,US,46.53286,-93.70557,https://www.google.com/maps?daddr=25+2ND+STREET+NORTHEAST+AITKIN+MN+56431,Mon: 08:00-20:00 | Tue: 08:00-20:00 | Wed: 08:00-20:00 | Thu: 08:00-20:00 | Fri: 08:00-20:00 | Sat: 08:00-20:00 | Sun: 08:00-18:00,CVS Pharmacy Counter: Mon: 09:00-18:00 | Tue: 09:00-18:00 | Wed: 09:00-18:00 | Thu: 09:00-18:00 | Fri: 09:00-18:00 | Sat: 10:00-18:00 | Sun: 11:00-17:00,"Wheelchair Accessible, UPS Access Point","COVID-19 vaccine, Flu shots, COVID-19 testing, In-store pickup, Immunizations, Photo, UPS access point, Pharmacy, Rx delivery, Accepts SNAP, OTC Health Solutions, ATM inside","https://www.facebook.com/CVS, https://twitter.com/cvspharmacy, https://www.youtube.com/user/CVSPharmacyVideos, https://www.instagram.com/cvspharmacy",ok,"{""@context"": ""https://schema.org"", ""@type"": [""Pharmacy"", ""HealthAndBeautyBusiness"", ""Store""], ""name"": ""CVS Pharmacy"", ""alternateName"": [""CVS"", ""CVS Drug Store""], ""url"": ""https://www.cvs.com/store-locator/aitkin-mn-pharmacies/25-2nd-street-northeast-aitkin-mn-56431/storeid=10397"", ""logo"": ""https://www.cvs.com/content/dam/enterprise/headless/retail/nav/en/assets/logos/cvs-logo.svg"", ""image"": ""https://www.cvs.com/mobilelanding/storepickup/Landingpage-mobile-640_01.png"", ""telephone"": ""+12189273754"", ""priceRange"": ""$$"", ""paymentAccepted"": [""Cash"", ""Credit Card"", ""Debit Card"", ""Apple Pay"", ""Google Pay"", ""FSA"", ""HSA""], ""address"": {""@type"": ""PostalAddress"", ""streetAddress"": ""25 2Nd Street Northeast"", ""addressLocality"": ""Aitkin"", ""addressRegion"": ""MN"", ""postalCode"": ""56431"", ""addressCountry"": ""US""}, ""geo"": {""@type"": ""GeoCoordinates"", ""latitude"": 46.53286, ""longitude"": -93.70557}, ""hasMap"": ""https://www.google.com/maps?daddr=25+2ND+STREET+NORTHEAST+AITKIN+MN+56431"", ""openingHoursSpecification"": [{""@type"": ""OpeningHoursSpecification"", ""dayOfWeek"": [""Monday"", ""Tuesday"", ""Wednesday"", ""Thursday"", ""Friday""], ""opens"": ""08:00"", ""closes"": ""20:00""}, {""@type"": ""OpeningHoursSpecification"", ""dayOfWeek"": ""Saturday"", ""opens"": ""08:00"", ""closes"": ""20:00""}, {""@type"": ""OpeningHoursSpecification"", ""dayOfWeek"": ""Sunday"", ""opens"": ""08:00"", ""closes"": ""18:00""}], ""department"": [{""@context"": ""https://schema.org"", ""@type"": ""Pharmacy"", ""name"": ""CVS Pharmacy Counter"", ""telephone"": ""+12189273754"", ""openingHoursSpecification"": [{""@type"": ""OpeningHoursSpecification"", ""dayOfWeek"": [""Monday"", ""Tuesday"", ""Wednesday"", ""Thursday"", ""Friday""], ""opens"": ""09:00"", ""closes"": ""18:00""}, {""@type"": ""OpeningHoursSpecification"", ""dayOfWeek"": ""Saturday"", ""opens"": ""10:00"", ""closes"": ""18:00""}, {""@type"": ""OpeningHoursSpecification"", ""dayOfWeek"": ""Sunday"", ""opens"": ""11:00"", ""closes"": ""17:00""}]}], ""amenityFeature"": [{""@type"": ""LocationFeatureSpecification"", ""name"": ""Wheelchair Accessible"", ""value"": true}, {""@type"": ""LocationFeatureSpecification"", ""name"": ""UPS Access Point"", ""value"": true}], ""makesOffer"": [{""@type"": ""Offer"", ""itemOffered"": {""@type"": ""Service"", ""name"": ""COVID-19 vaccine""}}, {""@type"": ""Offer"", ""itemOffered"": {""@type"": ""Service"", ""name"": ""Flu shots""}}, {""@type"": ""Offer"", ""itemOffered"": {""@type"": ""Service"", ""name"": ""COVID-19 testing""}}, {""@type"": ""Offer"", ""itemOffered"": {""@type"": ""Service"", ""name"": ""In-store pickup""}}, {""@type"": ""Offer"", ""itemOffered"": {""@type"": ""Service"", ""name"": ""Immunizations""}}, {""@type"": ""Offer"", ""itemOffered"": {""@type"": ""Service"", ""name"": ""Photo""}}, {""@type"": ""Offer"", ""itemOffered"": {""@type"": ""Service"", ""name"": ""UPS access point""}}, {""@type"": ""Offer"", ""itemOffered"": {""@type"": ""Service"", ""name"": ""Pharmacy""}}, {""@type"": ""Offer"", ""itemOffered"": {""@type"": ""Service"", ""name"": ""Rx delivery""}}, {""@type"": ""Offer"", ""itemOffered"": {""@type"": ""Service"", ""name"": ""Accepts SNAP""}}, {""@type"": ""Offer"", ""itemOffered"": {""@type"": ""Service"", ""name"": ""OTC Health Solutions""}}, {""@type"": ""Offer"", ""itemOffered"": {""@type"": ""Service"", ""name"": ""ATM inside""}}], ""sameAs"": [""https://www.facebook.com/CVS"", ""https://twitter.com/cvspharmacy"", ""https://www.youtube.com/user/CVSPharmacyVideos"", ""https://www.instagram.com/cvspharmacy""]}"
3306,https://www.cvs.com/store-locator/akron-oh-pharmacies/1949-west-market-street-akron-oh-44313/storeid=3306,https://www.cvs.com/store-locator/akron-oh-pharmacies/1949-west-market-street-akron-oh-44313/storeid=3306,CVS Pharmacy,+13308675410,+13308675410,1949 West Market Street,Akron,OH,44313,US,41.11385,-81.57788,https://www.google.com/maps?daddr=1949+WEST+MARKET+STREET+AKRON+OH+44313,Mon: 08:00-22:00 | Tue: 08:00-22:00 | Wed: 08:00-22:00 | Thu: 08:00-22:00 | Fri: 08:00-22:00 | Sat: 08:00-22:00 | Sun: 08:00-22:00,CVS Pharmacy Counter: Mon: 08:00-18:00 | Tue: 08:00-18:00 | Wed: 08:00-18:00 | Thu: 08:00-18:00 | Fri: 08:00-18:00 | Sat: 09:00-18:00 | Sun: 11:00-17:00,"Wheelchair Accessible, UPS Access Point","COVID-19 vaccine, Flu shots, COVID-19 testing, In-store pickup, MinuteClinic®, Immunizations, Photo, UPS access point, Pharmacy, Rx delivery, Accepts SNAP, OTC Health Solutions, ATM inside, Pharmacy Care Room","https://www.facebook.com/CVS, https://twitter.com/cvspharmacy, https://www.youtube.com/user/CVSPharmacyVideos, https://www.instagram.com/cvspharmacy",ok,"{""@context"": ""https://schema.org"", ""@type"": [""Pharmacy"", ""HealthAndBeautyBusiness"", ""Store""], ""name"": ""CVS Pharmacy"", ""alternateName"": [""CVS"", ""CVS Drug Store""], ""url"": ""https://www.cvs.com/store-locator/akron-oh-pharmacies/1949-west-market-street-akron-oh-44313/storeid=3306"", ""logo"": ""https://www.cvs.com/content/dam/enterprise/headless/retail/nav/en/assets/logos/cvs-logo.svg"", ""image"": ""https://www.cvs.com/mobilelanding/storepickup/Landingpage-mobile-640_01.png"", ""telephone"": ""+13308675410"", ""priceRange"": ""$$"", ""paymentAccepted"": [""Cash"", ""Credit Card"", ""Debit Card"", ""Apple Pay"", ""Google Pay"", ""FSA"", ""HSA""], ""address"": {""@type"": ""PostalAddress"", ""streetAddress"": ""1949 West Market Street"", ""addressLocality"": ""Akron"", ""addressRegion"": ""OH"", ""postalCode"": ""44313"", ""addressCountry"": ""US""}, ""geo"": {""@type"": ""GeoCoordinates"", ""latitude"": 41.11385, ""longitude"": -81.57788}, ""hasMap"": ""https://www.google.com/maps?daddr=1949+WEST+MARKET+STREET+AKRON+OH+44313"", ""openingHoursSpecification"": [{""@type"": ""OpeningHoursSpecification"", ""dayOfWeek"": [""Monday"", ""Tuesday"", ""Wednesday"", ""Thursday"", ""Friday""], ""opens"": ""08:00"", ""closes"": ""22:00""}, {""@type"": ""OpeningHoursSpecification"", ""dayOfWeek"": ""Saturday"", ""opens"": ""08:00"", ""closes"": ""22:00""}, {""@type"": ""OpeningHoursSpecification"", ""dayOfWeek"": ""Sunday"", ""opens"": ""08:00"", ""closes"": ""22:00""}], ""department"": [{""@context"": ""https://schema.org"", ""@type"": ""Pharmacy"", ""name"": ""CVS Pharmacy Counter"", ""telephone"": ""+13308675410"", ""openingHoursSpecification"": [{""@type"": ""OpeningHoursSpecification"", ""dayOfWeek"": [""Monday"", ""Tuesday"", ""Wednesday"", ""Thursday"", ""Friday""], ""opens"": ""08:00"", ""closes"": ""18:00""}, {""@type"": ""OpeningHoursSpecification"", ""dayOfWeek"": ""Saturday"", ""opens"": ""09:00"", ""closes"": ""18:00""}, {""@type"": ""OpeningHoursSpecification"", ""dayOfWeek"": ""Sunday"", ""opens"": ""11:00"", ""closes"": ""17:00""}]}], ""amenityFeature"": [{""@type"": ""LocationFeatureSpecification"", ""name"": ""Wheelchair Accessible"", ""value"": true}, {""@type"": ""LocationFeatureSpecification"", ""name"": ""UPS Access Point"", ""value"": true}], ""makesOffer"": [{""@type"": ""Offer"", ""itemOffered"": {""@type"": ""Service"", ""name"": ""COVID-19 vaccine""}}, {""@type"": ""Offer"", ""itemOffered"": {""@type"": ""Service"", ""name"": ""Flu shots""}}, {""@type"": ""Offer"", ""itemOffered"": {""@type"": ""Service"", ""name"": ""COVID-19 testing""}}, {""@type"": ""Offer"", ""itemOffered"": {""@type"": ""Service"", ""name"": ""In-store pickup""}}, {""@type"": ""Offer"", ""itemOffered"": {""@type"": ""Service"", ""name"": ""MinuteClinic\u00ae""}}, {""@type"": ""Offer"", ""itemOffered"": {""@type"": ""Service"", ""name"": ""Immunizations""}}, {""@type"": ""Offer"", ""itemOffered"": {""@type"": ""Service"", ""name"": ""Photo""}}, {""@type"": ""Offer"", ""itemOffered"": {""@type"": ""Service"", ""name"": ""UPS access point""}}, {""@type"": ""Offer"", ""itemOffered"": {""@type"": ""Service"", ""name"": ""Pharmacy""}}, {""@type"": ""Offer"", ""itemOffered"": {""@type"": ""Service"", ""name"": ""Rx delivery""}}, {""@type"": ""Offer"", ""itemOffered"": {""@type"": ""Service"", ""name"": ""Accepts SNAP""}}, {""@type"": ""Offer"", ""itemOffered"": {""@type"": ""Service"", ""name"": ""OTC Health Solutions""}}, {""@type"": ""Offer"", ""itemOffered"": {""@type"": ""Service"", ""name"": ""ATM inside""}}, {""@type"": ""Offer"", ""itemOffered"": {""@type"": ""Service"", ""name"": ""Pharmacy Care Room""}}], ""sameAs"": [""https://www.facebook.com/CVS"", ""https://twitter.com/cvspharmacy"", ""https://www.youtube.com/user/CVSPharmacyVideos"", ""https://www.instagram.com/cvspharmacy""]}"
17411,https://www.cvs.com/store-locator/akron-oh-pharmacies/762-arlington-rdg-akron-oh-44312/storeid=17411,https://www.cvs.com/store-locator/akron-oh-pharmacies/762-arlington-rdg-akron-oh-44312/storeid=17411,CVS Pharmacy,+13306458253,+13306458253,762 Arlington Rdg,Akron,OH,44312,US,40.98406,-81.49588,https://www.google.com/maps?daddr=762+ARLINGTON+RDG+AKRON+OH+44312,,CVS Pharmacy Counter: Mon: 09:00-17:00 | Tue: 09:00-17:00 | Wed: 09:00-17:00 | Thu: 09:00-17:00 | Fri: 09:00-17:00 | Sat: 09:00-17:00 | Sun: 11:00-17:00,Wheelchair Accessible,"COVID-19 vaccine, Flu shots, COVID-19 testing, Immunizations, Rx delivery, Accepts SNAP","https://www.facebook.com/CVS, https://twitter.com/cvspharmacy, https://www.youtube.com/user/CVSPharmacyVideos, https://www.instagram.com/cvspharmacy",ok,"{""@context"": ""https://schema.org"", ""@type"": [""Pharmacy""], ""name"": ""CVS Pharmacy"", ""alternateName"": [""CVS"", ""CVS Drug Store""], ""url"": ""https://www.cvs.com/store-locator/akron-oh-pharmacies/762-arlington-rdg-akron-oh-44312/storeid=17411"", ""logo"": ""https://www.cvs.com/content/dam/enterprise/headless/retail/nav/en/assets/logos/cvs-logo.svg"", ""image"": ""https://www.cvs.com/mobilelanding/storepickup/Landingpage-mobile-640_01.png"", ""telephone"": ""+13306458253"", ""priceRange"": ""$$"", ""paymentAccepted"": [""Cash"", ""Credit Card"", ""Debit Card"", ""Apple Pay"", ""Google Pay"", ""FSA"", ""HSA""], ""address"": {""@type"": ""PostalAddress"", ""streetAddress"": ""762 Arlington Rdg"", ""addressLocality"": ""Akron"", ""addressRegion"": ""OH"", ""postalCode"": ""44312"", ""addressCountry"": ""US""}, ""geo"": {""@type"": ""GeoCoordinates"", ""latitude"": 40.98406, ""longitude"": -81.49588}, ""hasMap"": ""https://www.google.com/maps?daddr=762+ARLINGTON+RDG+AKRON+OH+44312"", ""department"": [{""@context"": ""https://schema.org"", ""@type"": ""Pharmacy"", ""name"": ""CVS Pharmacy Counter"", ""telephone"": ""+13306458253"", ""openingHoursSpecification"": [{""@type"": ""OpeningHoursSpecification"", ""dayOfWeek"": [""Monday"", ""Tuesday"", ""Wednesday"", ""Thursday"", ""Friday""], ""opens"": ""09:00"", ""closes"": ""17:00""}, {""@type"": ""OpeningHoursSpecification"", ""dayOfWeek"": ""Saturday"", ""opens"": ""09:00"", ""closes"": ""17:00""}, {""@type"": ""OpeningHoursSpecification"", ""dayOfWeek"": ""Sunday"", ""opens"": ""11:00"", ""closes"": ""17:00""}]}], ""amenityFeature"": [{""@type"": ""LocationFeatureSpecification"", ""name"": ""Wheelchair Accessible"", ""value"": true}], ""makesOffer"": [{""@type"": ""Offer"", ""itemOffered"": {""@type"": ""Service"", ""name"": ""COVID-19 vaccine""}}, {""@type"": ""Offer"", ""itemOffered"": {""@type"": ""Service"", ""name"": ""Flu shots""}}, {""@type"": ""Offer"", ""itemOffered"": {""@type"": ""Service"", ""name"": ""COVID-19 testing""}}, {""@type"": ""Offer"", ""itemOffered"": {""@type"": ""Service"", ""name"": ""Immunizations""}}, {""@type"": ""Offer"", ""itemOffered"": {""@type"": ""Service"", ""name"": ""Rx delivery""}}, {""@type"": ""Offer"", ""itemOffered"": {""@type"": ""Service"", ""name"": ""Accepts SNAP""}}], ""sameAs"": [""https://www.facebook.com/CVS"", ""https://twitter.com/cvspharmacy"", ""https://www.youtube.com/user/CVSPharmacyVideos"", ""https://www.instagram.com/cvspharmacy""]}"
4333,https://www.cvs.com/store-locator/akron-oh-pharmacies/2091-eastwood-avenue-akron-oh-44305/storeid=4333,https://www.cvs.com/store-locator/akron-oh-pharmacies/2091-eastwood-avenue-akron-oh-44305/storeid=4333,CVS Pharmacy,+13306309066,+13306309066,2091 Eastwood Avenue,Akron,OH,44305,US,41.08467,-81.44208,https://www.google.com/maps?daddr=2091+EASTWOOD+AVENUE+AKRON+OH+44305,Mon: 09:00-21:00 | Tue: 09:00-21:00 | Wed: 09:00-21:00 | Thu: 09:00-21:00 | Fri: 09:00-21:00 | Sat: 09:00-20:00 | Sun: 10:00-18:00,CVS Pharmacy Counter: Mon: 09:00-18:00 | Tue: 09:00-18:00 | Wed: 09:00-18:00 | Thu: 09:00-18:00 | Fri: 09:00-18:00 | Sat: 09:00-18:00 | Sun: 10:00-18:00,"Wheelchair Accessible, UPS Access Point","COVID-19 Vaccinations, Flu Shots, Photo Printing","https://www.facebook.com/CVS, https://twitter.com/cvspharmacy, https://www.youtube.com/user/CVSPharmacyVideos, https://www.instagram.com/cvspharmacy",ok,"{""@context"": ""https://schema.org"", ""@type"": [""Pharmacy"", ""HealthAndBeautyBusiness"", ""Store""], ""name"": ""CVS Pharmacy"", ""alternateName"": [""CVS"", ""CVS Drug Store""], ""url"": ""https://www.cvs.com/store-locator/akron-oh-pharmacies/2091-eastwood-avenue-akron-oh-44305/storeid=4333"", ""logo"": ""https://www.cvs.com/content/dam/enterprise/headless/retail/nav/en/assets/logos/cvs-logo.svg"", ""image"": ""https://www.cvs.com/mobilelanding/storepickup/Landingpage-mobile-640_01.png"", ""telephone"": ""+13306309066"", ""priceRange"": ""$$"", ""paymentAccepted"": [""Cash"", ""Credit Card"", ""Debit Card"", ""Apple Pay"", ""Google Pay"", ""FSA"", ""HSA""], ""address"": {""@type"": ""PostalAddress"", ""streetAddress"": ""2091 Eastwood Avenue"", ""addressLocality"": ""Akron"", ""addressRegion"": ""OH"", ""postalCode"": ""44305"", ""addressCountry"": ""US""}, ""geo"": {""@type"": ""GeoCoordinates"", ""latitude"": 41.08467, ""longitude"": -81.44208}, ""hasMap"": ""https://www.google.com/maps?daddr=2091+EASTWOOD+AVENUE+AKRON+OH+44305"", ""openingHoursSpecification"": [{""@type"": ""OpeningHoursSpecification"", ""dayOfWeek"": [""Monday"", ""Tuesday"", ""Wednesday"", ""Thursday"", ""Friday""], ""opens"": ""09:00"", ""closes"": ""21:00""}, {""@type"": ""OpeningHoursSpecification"", ""dayOfWeek"": ""Saturday"", ""opens"": ""09:00"", ""closes"": ""20:00""}, {""@type"": ""OpeningHoursSpecification"", ""dayOfWeek"": ""Sunday"", ""opens"": ""10:00"", ""closes"": ""18:00""}], ""department"": [{""@context"": ""https://schema.org"", ""@type"": ""Pharmacy"", ""name"": ""CVS Pharmacy Counter"", ""telephone"": ""+13306309066"", ""openingHoursSpecification"": [{""@type"": ""OpeningHoursSpecification"", ""dayOfWeek"": [""Monday"", ""Tuesday"", ""Wednesday"", ""Thursday"", ""Friday""], ""opens"": ""09:00"", ""closes"": ""18:00""}, {""@type"": ""OpeningHoursSpecification"", ""dayOfWeek"": ""Saturday"", ""opens"": ""09:00"", ""closes"": ""18:00""}, {""@type"": ""OpeningHoursSpecification"", ""dayOfWeek"": ""Sunday"", ""opens"": ""10:00"", ""closes"": ""18:00""}]}], ""amenityFeature"": [{""@type"": ""LocationFeatureSpecification"", ""name"": ""Wheelchair Accessible"", ""value"": true}, {""@type"": ""LocationFeatureSpecification"", ""name"": ""UPS Access Point"", ""value"": true}], ""makesOffer"": [{""@type"": ""Offer"", ""itemOffered"": {""@type"": ""Service"", ""name"": ""COVID-19 Vaccinations"", ""serviceType"": ""Immunization""}}, {""@type"": ""Offer"", ""itemOffered"": {""@type"": ""Service"", ""name"": ""Flu Shots"", ""serviceType"": ""Immunization""}}, {""@type"": ""Offer"", ""itemOffered"": {""@type"": ""Service"", ""name"": ""Photo Printing"", ""serviceType"": ""Photo Service""}}], ""sameAs"": [""https://www.facebook.com/CVS"", ""https://twitter.com/cvspharmacy"", ""https://www.youtube.com/user/CVSPharmacyVideos"", ""https://www.instagram.com/cvspharmacy""]}"
4800,https://www.cvs.com/store-locator/akron-oh-pharmacies/590-east-market-street-akron-oh-44304/storeid=4800,https://www.cvs.com/store-locator/akron-oh-pharmacies/590-east-market-street-akron-oh-44304/storeid=4800,CVS Pharmacy,+13305352700,+13305352700,590 East Market Street,Akron,OH,44304,US,41.07722,-81.49878,https://www.google.com/maps?daddr=590+EAST+MARKET+STREET+AKRON+OH+44304,Mon: 00:00-23:59 | Tue: 00:00-23:59 | Wed: 00:00-23:59 | Thu: 00:00-23:59 | Fri: 00:00-23:59 | Sat: 00:00-23:59 | Sun: 00:00-23:59,CVS Pharmacy Counter: Mon: 00:00-23:59 | Tue: 00:00-23:59 | Wed: 00:00-23:59 | Thu: 00:00-23:59 | Fri: 00:00-23:59 | Sat: 00:00-23:59 | Sun: 00:00-23:59,"Wheelchair Accessible, UPS Access Point","Pharmacy open 24 hours, Store open 24 hours, COVID-19 vaccine, Flu shots, In-store pickup, Pharmacy drive thru, Immunizations, Photo, UPS access point, Drug disposal, Pharmacy, Rx delivery, Accepts SNAP, OTC Health Solutions, ATM inside","https://www.facebook.com/CVS, https://twitter.com/cvspharmacy, https://www.youtube.com/user/CVSPharmacyVideos, https://www.instagram.com/cvspharmacy",ok,"{""@context"": ""https://schema.org"", ""@type"": [""Pharmacy"", ""HealthAndBeautyBusiness"", ""Store""], ""name"": ""CVS Pharmacy"", ""alternateName"": [""CVS"", ""CVS Drug Store""], ""url"": ""https://www.cvs.com/store-locator/akron-oh-pharmacies/590-east-market-street-akron-oh-44304/storeid=4800"", ""logo"": ""https://www.cvs.com/content/dam/enterprise/headless/retail/nav/en/assets/logos/cvs-logo.svg"", ""image"": ""https://www.cvs.com/mobilelanding/storepickup/Landingpage-mobile-640_01.png"", ""telephone"": ""+13305352700"", ""priceRange"": ""$$"", ""paymentAccepted"": [""Cash"", ""Credit Card"", ""Debit Card"", ""Apple Pay"", ""Google Pay"", ""FSA"", ""HSA""], ""address"": {""@type"": ""PostalAddress"", ""streetAddress"": ""590 East Market Street"", ""addressLocality"": ""Akron"", ""addressRegion"": ""OH"", ""postalCode"": ""44304"", ""addressCountry"": ""US""}, ""geo"": {""@type"": ""GeoCoordinates"", ""latitude"": 41.07722, ""longitude"": -81.49878}, ""hasMap"": ""https://www.google.com/maps?daddr=590+EAST+MARKET+STREET+AKRON+OH+44304"", ""openingHoursSpecification"": [{""@type"": ""OpeningHoursSpecification"", ""dayOfWeek"": [""Monday"", ""Tuesday"", ""Wednesday"", ""Thursday"", ""Friday""], ""opens"": ""00:00"", ""closes"": ""23:59""}, {""@type"": ""OpeningHoursSpecification"", ""dayOfWeek"": ""Saturday"", ""opens"": ""00:00"", ""closes"": ""23:59""}, {""@type"": ""OpeningHoursSpecification"", ""dayOfWeek"": ""Sunday"", ""opens"": ""00:00"", ""closes"": ""23:59""}], ""department"": [{""@context"": ""https://schema.org"", ""@type"": ""Pharmacy"", ""name"": ""CVS Pharmacy Counter"", ""telephone"": ""+13305352700"", ""openingHoursSpecification"": [{""@type"": ""OpeningHoursSpecification"", ""dayOfWeek"": [""Monday"", ""Tuesday"", ""Wednesday"", ""Thursday"", ""Friday""], ""opens"": ""00:00"", ""closes"": ""23:59""}, {""@type"": ""OpeningHoursSpecification"", ""dayOfWeek"": ""Saturday"", ""opens"": ""00:00"", ""closes"": ""23:59""}, {""@type"": ""OpeningHoursSpecification"", ""dayOfWeek"": ""Sunday"", ""opens"": ""00:00"", ""closes"": ""23:59""}]}], ""amenityFeature"": [{""@type"": ""LocationFeatureSpecification"", ""name"": ""Wheelchair Accessible"", ""value"": true}, {""@type"": ""LocationFeatureSpecification"", ""name"": ""UPS Access Point"", ""value"": true}], ""makesOffer"": [{""@type"": ""Offer"", ""itemOffered"": {""@type"": ""Service"", ""name"": ""Pharmacy open 24 hours""}}, {""@type"": ""Offer"", ""itemOffered"": {""@type"": ""Service"", ""name"": ""Store open 24 hours""}}, {""@type"": ""Offer"", ""itemOffered"": {""@type"": ""Service"", ""name"": ""COVID-19 vaccine""}}, {""@type"": ""Offer"", ""itemOffered"": {""@type"": ""Service"", ""name"": ""Flu shots""}}, {""@type"": ""Offer"", ""itemOffered"": {""@type"": ""Service"", ""name"": ""In-store pickup""}}, {""@type"": ""Offer"", ""itemOffered"": {""@type"": ""Service"", ""name"": ""Pharmacy drive thru""}}, {""@type"": ""Offer"", ""itemOffered"": {""@type"": ""Service"", ""name"": ""Immunizations""}}, {""@type"": ""Offer"", ""itemOffered"": {""@type"": ""Service"", ""name"": ""Photo""}}, {""@type"": ""Offer"", ""itemOffered"": {""@type"": ""Service"", ""name"": ""UPS access point""}}, {""@type"": ""Offer"", ""itemOffered"": {""@type"": ""Service"", ""name"": ""Drug disposal""}}, {""@type"": ""Offer"", ""itemOffered"": {""@type"": ""Service"", ""name"": ""Pharmacy""}}, {""@type"": ""Offer"", ""itemOffered"": {""@type"": ""Service"", ""name"": ""Rx delivery""}}, {""@type"": ""Offer"", ""itemOffered"": {""@type"": ""Service"", ""name"": ""Accepts SNAP""}}, {""@type"": ""Offer"", ""itemOffered"": {""@type"": ""Service"", ""name"": ""OTC Health Solutions""}}, {""@type"": ""Offer"", ""itemOffered"": {""@type"": ""Service"", ""name"": ""ATM inside""}}], ""sameAs"": [""https://www.facebook.com/CVS"", ""https://twitter.com/cvspharmacy"", ""https://www.youtube.com/user/CVSPharmacyVideos"", ""https://www.instagram.com/cvspharmacy""]}"
4867,https://www.cvs.com/store-locator/alabaster-al-pharmacies/11055-highway-119-s-alabaster-al-35007/storeid=4867,https://www.cvs.com/store-locator/alabaster-al-pharmacies/11055-highway-119-s-alabaster-al-35007/storeid=4867,CVS Pharmacy,+12056635405,+12056635405,11055 Highway 119 S,Alabaster,AL,35007,US,33.23882,-86.81784,https://www.google.com/maps?daddr=11055+HIGHWAY+119+S+ALABASTER+AL+35007,Mon: 07:00-22:00 | Tue: 07:00-22:00 | Wed: 07:00-22:00 | Thu: 07:00-22:00 | Fri: 07:00-22:00 | Sat: 08:00-21:00 | Sun: 09:00-20:00,CVS Pharmacy Counter: Mon: 08:00-18:00 | Tue: 08:00-18:00 | Wed: 08:00-18:00 | Thu: 08:00-18:00 | Fri: 08:00-18:00 | Sat: 09:00-18:00 | Sun: 10:00-18:00,"Wheelchair Accessible, UPS Access Point","COVID-19 Vaccinations, Flu Shots, Photo Printing","https://www.facebook.com/CVS, https://twitter.com/cvspharmacy, https://www.youtube.com/user/CVSPharmacyVideos, https://www.instagram.com/cvspharmacy",ok,"{""@context"": ""https://schema.org"", ""@type"": [""Pharmacy"", ""HealthAndBeautyBusiness"", ""Store""], ""name"": ""CVS Pharmacy"", ""alternateName"": [""CVS"", ""CVS Drug Store""], ""url"": ""https://www.cvs.com/store-locator/alabaster-al-pharmacies/11055-highway-119-s-alabaster-al-35007/storeid=4867"", ""logo"": ""https://www.cvs.com/content/dam/enterprise/headless/retail/nav/en/assets/logos/cvs-logo.svg"", ""image"": ""https://www.cvs.com/mobilelanding/storepickup/Landingpage-mobile-640_01.png"", ""telephone"": ""+12056635405"", ""priceRange"": ""$$"", ""paymentAccepted"": [""Cash"", ""Credit Card"", ""Debit Card"", ""Apple Pay"", ""Google Pay"", ""FSA"", ""HSA""], ""address"": {""@type"": ""PostalAddress"", ""streetAddress"": ""11055 Highway 119 S"", ""addressLocality"": ""Alabaster"", ""addressRegion"": ""AL"", ""postalCode"": ""35007"", ""addressCountry"": ""US""}, ""geo"": {""@type"": ""GeoCoordinates"", ""latitude"": 33.23882, ""longitude"": -86.81784}, ""hasMap"": ""https://www.google.com/maps?daddr=11055+HIGHWAY+119+S+ALABASTER+AL+35007"", ""openingHoursSpecification"": [{""@type"": ""OpeningHoursSpecification"", ""dayOfWeek"": [""Monday"", ""Tuesday"", ""Wednesday"", ""Thursday"", ""Friday""], ""opens"": ""07:00"", ""closes"": ""22:00""}, {""@type"": ""OpeningHoursSpecification"", ""dayOfWeek"": ""Saturday"", ""opens"": ""08:00"", ""closes"": ""21:00""}, {""@type"": ""OpeningHoursSpecification"", ""dayOfWeek"": ""Sunday"", ""opens"": ""09:00"", ""closes"": ""20:00""}], ""department"": [{""@context"": ""https://schema.org"", ""@type"": ""Pharmacy"", ""name"": ""CVS Pharmacy Counter"", ""telephone"": ""+12056635405"", ""openingHoursSpecification"": [{""@type"": ""OpeningHoursSpecification"", ""dayOfWeek"": [""Monday"", ""Tuesday"", ""Wednesday"", ""Thursday"", ""Friday""], ""opens"": ""08:00"", ""closes"": ""18:00""}, {""@type"": ""OpeningHoursSpecification"", ""dayOfWeek"": ""Saturday"", ""opens"": ""09:00"", ""closes"": ""18:00""}, {""@type"": ""OpeningHoursSpecification"", ""dayOfWeek"": ""Sunday"", ""opens"": ""10:00"", ""closes"": ""18:00""}]}], ""amenityFeature"": [{""@type"": ""LocationFeatureSpecification"", ""name"": ""Wheelchair Accessible"", ""value"": true}, {""@type"": ""LocationFeatureSpecification"", ""name"": ""UPS Access Point"", ""value"": true}], ""makesOffer"": [{""@type"": ""Offer"", ""itemOffered"": {""@type"": ""Service"", ""name"": ""COVID-19 Vaccinations"", ""serviceType"": ""Immunization""}}, {""@type"": ""Offer"", ""itemOffered"": {""@type"": ""Service"", ""name"": ""Flu Shots"", ""serviceType"": ""Immunization""}}, {""@type"": ""Offer"", ""itemOffered"": {""@type"": ""Service"", ""name"": ""Photo Printing"", ""serviceType"": ""Photo Service""}}], ""sameAs"": [""https://www.facebook.com/CVS"", ""https://twitter.com/cvspharmacy"", ""https://www.youtube.com/user/CVSPharmacyVideos"", ""https://www.instagram.com/cvspharmacy""]}"
17350,https://www.cvs.com/store-locator/alabaster-al-pharmacies/250-s-colonial-dr-alabaster-al-35007/storeid=17350,https://www.cvs.com/store-locator/alabaster-al-pharmacies/250-s-colonial-dr-alabaster-al-35007/storeid=17350,CVS Pharmacy,+12055642609,+12055642609,250 S Colonial Dr,Alabaster,AL,35007,US,33.22435,-86.80434,https://www.google.com/maps?daddr=250+S+COLONIAL+DR+ALABASTER+AL+35007,,CVS Pharmacy Counter: Mon: 10:00-17:00 | Tue: 10:00-17:00 | Wed: 10:00-17:00 | Thu: 10:00-17:00 | Fri: 10:00-17:00 | Sat: 11:00-17:00 | Sun: 11:00-17:00,Wheelchair Accessible,"COVID-19 Vaccinations, Flu Shots, Photo Printing","https://www.facebook.com/CVS, https://twitter.com/cvspharmacy, https://www.youtube.com/user/CVSPharmacyVideos, https://www.instagram.com/cvspharmacy",ok,"{""@context"": ""https://schema.org"", ""@type"": [""Pharmacy""], ""name"": ""CVS Pharmacy"", ""alternateName"": [""CVS"", ""CVS Drug Store""], ""url"": ""https://www.cvs.com/store-locator/alabaster-al-pharmacies/250-s-colonial-dr-alabaster-al-35007/storeid=17350"", ""logo"": ""https://www.cvs.com/content/dam/enterprise/headless/retail/nav/en/assets/logos/cvs-logo.svg"", ""image"": ""https://www.cvs.com/mobilelanding/storepickup/Landingpage-mobile-640_01.png"", ""telephone"": ""+12055642609"", ""priceRange"": ""$$"", ""paymentAccepted"": [""Cash"", ""Credit Card"", ""Debit Card"", ""Apple Pay"", ""Google Pay"", ""FSA"", ""HSA""], ""address"": {""@type"": ""PostalAddress"", ""streetAddress"": ""250 S Colonial Dr"", ""addressLocality"": ""Alabaster"", ""addressRegion"": ""AL"", ""postalCode"": ""35007"", ""addressCountry"": ""US""}, ""geo"": {""@type"": ""GeoCoordinates"", ""latitude"": 33.22435, ""longitude"": -86.80434}, ""hasMap"": ""https://www.google.com/maps?daddr=250+S+COLONIAL+DR+ALABASTER+AL+35007"", ""department"": [{""@context"": ""https://schema.org"", ""@type"": ""Pharmacy"", ""name"": ""CVS Pharmacy Counter"", ""telephone"": ""+12055642609"", ""openingHoursSpecification"": [{""@type"": ""OpeningHoursSpecification"", ""dayOfWeek"": [""Monday"", ""Tuesday"", ""Wednesday"", ""Thursday"", ""Friday""], ""opens"": ""10:00"", ""closes"": ""17:00""}, {""@type"": ""OpeningHoursSpecification"", ""dayOfWeek"": ""Saturday"", ""opens"": ""11:00"", ""closes"": ""17:00""}, {""@type"": ""OpeningHoursSpecification"", ""dayOfWeek"": ""Sunday"", ""opens"": ""11:00"", ""closes"": ""17:00""}]}], ""amenityFeature"": [{""@type"": ""LocationFeatureSpecification"", ""name"": ""Wheelchair Accessible"", ""value"": true}], ""makesOffer"": [{""@type"": ""Offer"", ""itemOffered"": {""@type"": ""Service"", ""name"": ""COVID-19 Vaccinations"", ""serviceType"": ""Immunization""}}, {""@type"": ""Offer"", ""itemOffered"": {""@type"": ""Service"", ""name"": ""Flu Shots"", ""serviceType"": ""Immunization""}}, {""@type"": ""Offer"", ""itemOffered"": {""@type"": ""Service"", ""name"": ""Photo Printing"", ""serviceType"": ""Photo Service""}}], ""sameAs"": [""https://www.facebook.com/CVS"", ""https://twitter.com/cvspharmacy"", ""https://www.youtube.com/user/CVSPharmacyVideos"", ""https://www.instagram.com/cvspharmacy""]}"
5222,https://www.cvs.com/store-locator/alachua-fl-pharmacies/15174-nw-us-highway-441-po-box-1385-alachua-fl-32615/storeid=5222,https://www.cvs.com/store-locator/alachua-fl-pharmacies/15174-nw-us-highway-441-po-box-1385-alachua-fl-32615/storeid=5222,CVS Pharmacy,+13864621323,+13864621323,15174 Nw Us Highway 441/Po Box 1385,Alachua,FL,32615,US,29.79357,-82.49535,https://www.google.com/maps?daddr=15174+NW+US+HIGHWAY+441/PO+BOX+1385+ALACHUA+FL+32615,Mon: 08:00-22:00 | Tue: 08:00-22:00 | Wed: 08:00-22:00 | Thu: 08:00-22:00 | Fri: 08:00-22:00 | Sat: 08:00-22:00 | Sun: 08:00-21:00,CVS Pharmacy Counter: Mon: 09:00-18:00 | Tue: 09:00-18:00 | Wed: 09:00-18:00 | Thu: 09:00-18:00 | Fri: 09:00-18:00 | Sat: 10:00-18:00 | Sun: 11:00-17:00,"Wheelchair Accessible, UPS Access Point","COVID-19 Vaccinations, Flu Shots, Photo Printing","https://www.facebook.com/CVS, https://twitter.com/cvspharmacy, https://www.youtube.com/user/CVSPharmacyVideos, https://www.instagram.com/cvspharmacy",ok,"{""@context"": ""https://schema.org"", ""@type"": [""Pharmacy"", ""HealthAndBeautyBusiness"", ""Store""], ""name"": ""CVS Pharmacy"", ""alternateName"": [""CVS"", ""CVS Drug Store""], ""url"": ""https://www.cvs.com/store-locator/alachua-fl-pharmacies/15174-nw-us-highway-441-po-box-1385-alachua-fl-32615/storeid=5222"", ""logo"": ""https://www.cvs.com/content/dam/enterprise/headless/retail/nav/en/assets/logos/cvs-logo.svg"", ""image"": ""https://www.cvs.com/mobilelanding/storepickup/Landingpage-mobile-640_01.png"", ""telephone"": ""+13864621323"", ""priceRange"": ""$$"", ""paymentAccepted"": [""Cash"", ""Credit Card"", ""Debit Card"", ""Apple Pay"", ""Google Pay"", ""FSA"", ""HSA""], ""address"": {""@type"": ""PostalAddress"", ""streetAddress"": ""15174 Nw Us Highway 441/Po Box 1385"", ""addressLocality"": ""Alachua"", ""addressRegion"": ""FL"", ""postalCode"": ""32615"", ""addressCountry"": ""US""}, ""geo"": {""@type"": ""GeoCoordinates"", ""latitude"": 29.79357, ""longitude"": -82.49535}, ""hasMap"": ""https://www.google.com/maps?daddr=15174+NW+US+HIGHWAY+441/PO+BOX+1385+ALACHUA+FL+32615"", ""openingHoursSpecification"": [{""@type"": ""OpeningHoursSpecification"", ""dayOfWeek"": [""Monday"", ""Tuesday"", ""Wednesday"", ""Thursday"", ""Friday""], ""opens"": ""08:00"", ""closes"": ""22:00""}, {""@type"": ""OpeningHoursSpecification"", ""dayOfWeek"": ""Saturday"", ""opens"": ""08:00"", ""closes"": ""22:00""}, {""@type"": ""OpeningHoursSpecification"", ""dayOfWeek"": ""Sunday"", ""opens"": ""08:00"", ""closes"": ""21:00""}], ""department"": [{""@context"": ""https://schema.org"", ""@type"": ""Pharmacy"", ""name"": ""CVS Pharmacy Counter"", ""telephone"": ""+13864621323"", ""openingHoursSpecification"": [{""@type"": ""OpeningHoursSpecification"", ""dayOfWeek"": [""Monday"", ""Tuesday"", ""Wednesday"", ""Thursday"", ""Friday""], ""opens"": ""09:00"", ""closes"": ""18:00""}, {""@type"": ""OpeningHoursSpecification"", ""dayOfWeek"": ""Saturday"", ""opens"": ""10:00"", ""closes"": ""18:00""}, {""@type"": ""OpeningHoursSpecification"", ""dayOfWeek"": ""Sunday"", ""opens"": ""11:00"", ""closes"": ""17:00""}]}], ""amenityFeature"": [{""@type"": ""LocationFeatureSpecification"", ""name"": ""Wheelchair Accessible"", ""value"": true}, {""@type"": ""LocationFeatureSpecification"", ""name"": ""UPS Access Point"", ""value"": true}], ""makesOffer"": [{""@type"": ""Offer"", ""itemOffered"": {""@type"": ""Service"", ""name"": ""COVID-19 Vaccinations"", ""serviceType"": ""Immunization""}}, {""@type"": ""Offer"", ""itemOffered"": {""@type"": ""Service"", ""name"": ""Flu Shots"", ""serviceType"": ""Immunization""}}, {""@type"": ""Offer"", ""itemOffered"": {""@type"": ""Service"", ""name"": ""Photo Printing"", ""serviceType"": ""Photo Service""}}], ""sameAs"": [""https://www.facebook.com/CVS"", ""https://twitter.com/cvspharmacy"", ""https://www.youtube.com/user/CVSPharmacyVideos"", ""https://www.instagram.com/cvspharmacy""]}"
9128,https://www.cvs.com/store-locator/alameda-ca-pharmacies/2314-santa-clara-ave-alameda-ca-94501/storeid=9128,https://www.cvs.com/store-locator/alameda-ca-pharmacies/2314-santa-clara-ave-alameda-ca-94501/storeid=9128,CVS Pharmacy,+15105234929,+15105234929,2314 Santa Clara Ave,Alameda,CA,94501,US,37.76556,-122.24287,https://www.google.com/maps?daddr=2314+SANTA+CLARA+AVE+ALAMEDA+CA+94501,Mon: 07:00-23:00 | Tue: 07:00-23:00 | Wed: 07:00-23:00 | Thu: 07:00-23:00 | Fri: 07:00-23:00 | Sat: 07:00-23:00 | Sun: 08:00-23:00,CVS Pharmacy Counter: Mon: 09:00-18:00 | Tue: 09:00-18:00 | Wed: 09:00-18:00 | Thu: 09:00-18:00 | Fri: 09:00-18:00 | Sat: 10:00-18:00 | Sun: 10:00-18:00,Wheelchair Accessible,"COVID-19 Vaccinations, Flu Shots, Photo Printing","https://www.facebook.com/CVS, https://twitter.com/cvspharmacy, https://www.youtube.com/user/CVSPharmacyVideos, https://www.instagram.com/cvspharmacy",ok,"{""@context"": ""https://schema.org"", ""@type"": [""Pharmacy"", ""HealthAndBeautyBusiness"", ""Store""], ""name"": ""CVS Pharmacy"", ""alternateName"": [""CVS"", ""CVS Drug Store""], ""url"": ""https://www.cvs.com/store-locator/alameda-ca-pharmacies/2314-santa-clara-ave-alameda-ca-94501/storeid=9128"", ""logo"": ""https://www.cvs.com/content/dam/enterprise/headless/retail/nav/en/assets/logos/cvs-logo.svg"", ""image"": ""https://www.cvs.com/mobilelanding/storepickup/Landingpage-mobile-640_01.png"", ""telephone"": ""+15105234929"", ""priceRange"": ""$$"", ""paymentAccepted"": [""Cash"", ""Credit Card"", ""Debit Card"", ""Apple Pay"", ""Google Pay"", ""FSA"", ""HSA""], ""address"": {""@type"": ""PostalAddress"", ""streetAddress"": ""2314 Santa Clara Ave"", ""addressLocality"": ""Alameda"", ""addressRegion"": ""CA"", ""postalCode"": ""94501"", ""addressCountry"": ""US""}, ""geo"": {""@type"": ""GeoCoordinates"", ""latitude"": 37.76556, ""longitude"": -122.24287}, ""hasMap"": ""https://www.google.com/maps?daddr=2314+SANTA+CLARA+AVE+ALAMEDA+CA+94501"", ""openingHoursSpecification"": [{""@type"": ""OpeningHoursSpecification"", ""dayOfWeek"": [""Monday"", ""Tuesday"", ""Wednesday"", ""Thursday"", ""Friday""], ""opens"": ""07:00"", ""closes"": ""23:00""}, {""@type"": ""OpeningHoursSpecification"", ""dayOfWeek"": ""Saturday"", ""opens"": ""07:00"", ""closes"": ""23:00""}, {""@type"": ""OpeningHoursSpecification"", ""dayOfWeek"": ""Sunday"", ""opens"": ""08:00"", ""closes"": ""23:00""}], ""department"": [{""@context"": ""https://schema.org"", ""@type"": ""Pharmacy"", ""name"": ""CVS Pharmacy Counter"", ""telephone"": ""+15105234929"", ""openingHoursSpecification"": [{""@type"": ""OpeningHoursSpecification"", ""dayOfWeek"": [""Monday"", ""Tuesday"", ""Wednesday"", ""Thursday"", ""Friday""], ""opens"": ""09:00"", ""closes"": ""18:00""}, {""@type"": ""OpeningHoursSpecification"", ""dayOfWeek"": ""Saturday"", ""opens"": ""10:00"", ""closes"": ""18:00""}, {""@type"": ""OpeningHoursSpecification"", ""dayOfWeek"": ""Sunday"", ""opens"": ""10:00"", ""closes"": ""18:00""}]}], ""amenityFeature"": [{""@type"": ""LocationFeatureSpecification"", ""name"": ""Wheelchair Accessible"", ""value"": true}], ""makesOffer"": [{""@type"": ""Offer"", ""itemOffered"": {""@type"": ""Service"", ""name"": ""COVID-19 Vaccinations"", ""serviceType"": ""Immunization""}}, {""@type"": ""Offer"", ""itemOffered"": {""@type"": ""Service"", ""name"": ""Flu Shots"", ""serviceType"": ""Immunization""}}, {""@type"": ""Offer"", ""itemOffered"": {""@type"": ""Service"", ""name"": ""Photo Printing"", ""serviceType"": ""Photo Service""}}], ""sameAs"": [""https://www.facebook.com/CVS"", ""https://twitter.com/cvspharmacy"", ""https://www.youtube.com/user/CVSPharmacyVideos"", ""https://www.instagram.com/cvspharmacy""]}"
17657,https://www.cvs.com/store-locator/alameda-ca-pharmacies/2700-5th-st-alameda-ca-94501/storeid=17657,https://www.cvs.com/store-locator/alameda-ca-pharmacies/2700-5th-st-alameda-ca-94501/storeid=17657,CVS Pharmacy,+15102140932,+15102140932,2700 5Th St,Alameda,CA,94501,US,37.78884,-122.27941,https://www.google.com/maps?daddr=2700+5TH+ST+ALAMEDA+CA+94501,,CVS Pharmacy Counter: Mon: 10:00-18:00 | Tue: 10:00-18:00 | Wed: 10:00-18:00 | Thu: 10:00-18:00 | Fri: 10:00-18:00 | Sat: 11:00-18:00 | Sun: 11:00-17:00,Wheelchair Accessible,"COVID-19 Vaccinations, Flu Shots, Photo Printing","https://www.facebook.com/CVS, https://twitter.com/cvspharmacy, https://www.youtube.com/user/CVSPharmacyVideos, https://www.instagram.com/cvspharmacy",ok,"{""@context"": ""https://schema.org"", ""@type"": [""Pharmacy""], ""name"": ""CVS Pharmacy"", ""alternateName"": [""CVS"", ""CVS Drug Store""], ""url"": ""https://www.cvs.com/store-locator/alameda-ca-pharmacies/2700-5th-st-alameda-ca-94501/storeid=17657"", ""logo"": ""https://www.cvs.com/content/dam/enterprise/headless/retail/nav/en/assets/logos/cvs-logo.svg"", ""image"": ""https://www.cvs.com/mobilelanding/storepickup/Landingpage-mobile-640_01.png"", ""telephone"": ""+15102140932"", ""priceRange"": ""$$"", ""paymentAccepted"": [""Cash"", ""Credit Card"", ""Debit Card"", ""Apple Pay"", ""Google Pay"", ""FSA"", ""HSA""], ""address"": {""@type"": ""PostalAddress"", ""streetAddress"": ""2700 5Th St"", ""addressLocality"": ""Alameda"", ""addressRegion"": ""CA"", ""postalCode"": ""94501"", ""addressCountry"": ""US""}, ""geo"": {""@type"": ""GeoCoordinates"", ""latitude"": 37.78884, ""longitude"": -122.27941}, ""hasMap"": ""https://www.google.com/maps?daddr=2700+5TH+ST+ALAMEDA+CA+94501"", ""department"": [{""@context"": ""https://schema.org"", ""@type"": ""Pharmacy"", ""name"": ""CVS Pharmacy Counter"", ""telephone"": ""+15102140932"", ""openingHoursSpecification"": [{""@type"": ""OpeningHoursSpecification"", ""dayOfWeek"": [""Monday"", ""Tuesday"", ""Wednesday"", ""Thursday"", ""Friday""], ""opens"": ""10:00"", ""closes"": ""18:00""}, {""@type"": ""OpeningHoursSpecification"", ""dayOfWeek"": ""Saturday"", ""opens"": ""11:00"", ""closes"": ""18:00""}, {""@type"": ""OpeningHoursSpecification"", ""dayOfWeek"": ""Sunday"", ""opens"": ""11:00"", ""closes"": ""17:00""}]}], ""amenityFeature"": [{""@type"": ""LocationFeatureSpecification"", ""name"": ""Wheelchair Accessible"", ""value"": true}], ""makesOffer"": [{""@type"": ""Offer"", ""itemOffered"": {""@type"": ""Service"", ""name"": ""COVID-19 Vaccinations"", ""serviceType"": ""Immunization""}}, {""@type"": ""Offer"", ""itemOffered"": {""@type"": ""Service"", ""name"": ""Flu Shots"", ""serviceType"": ""Immunization""}}, {""@type"": ""Offer"", ""itemOffered"": {""@type"": ""Service"", ""name"": ""Photo Printing"", ""serviceType"": ""Photo Service""}}], ""sameAs"": [""https://www.facebook.com/CVS"", ""https://twitter.com/cvspharmacy"", ""https://www.youtube.com/user/CVSPharmacyVideos"", ""https://www.instagram.com/cvspharmacy""]}"
10579,https://www.cvs.com/store-locator/alamo-heights-tx-pharmacies/4600-broadway-st-alamo-heights-tx-78209/storeid=10579,https://www.cvs.com/store-locator/alamo-heights-tx-pharmacies/4600-broadway-st-alamo-heights-tx-78209/storeid=10579,CVS Pharmacy,+12108241679,+12108241679,4600 Broadway St.,Alamo Heights,TX,78209,US,29.46852,-98.46332,https://www.google.com/maps?daddr=4600+BROADWAY+ST.+ALAMO+HEIGHTS+TX+78209,Mon: 07:00-23:00 | Tue: 07:00-23:00 | Wed: 07:00-23:00 | Thu: 07:00-23:00 | Fri: 07:00-23:00 | Sat: 08:00-23:00 | Sun: 08:00-23:00,CVS Pharmacy Counter: Mon: 08:00-18:00 | Tue: 08:00-18:00 | Wed: 08:00-18:00 | Thu: 08:00-18:00 | Fri: 08:00-18:00 | Sat: 10:00-18:00 | Sun: 12:00 PM-18:00,"Wheelchair Accessible, UPS Access Point","COVID-19 Vaccinations, Flu Shots, Photo Printing","https://www.facebook.com/CVS, https://twitter.com/cvspharmacy, https://www.youtube.com/user/CVSPharmacyVideos, https://www.instagram.com/cvspharmacy",ok,"{""@context"": ""https://schema.org"", ""@type"": [""Pharmacy"", ""HealthAndBeautyBusiness"", ""Store""], ""name"": ""CVS Pharmacy"", ""alternateName"": [""CVS"", ""CVS Drug Store""], ""url"": ""https://www.cvs.com/store-locator/alamo-heights-tx-pharmacies/4600-broadway-st-alamo-heights-tx-78209/storeid=10579"", ""logo"": ""https://www.cvs.com/content/dam/enterprise/headless/retail/nav/en/assets/logos/cvs-logo.svg"", ""image"": ""https://www.cvs.com/mobilelanding/storepickup/Landingpage-mobile-640_01.png"", ""telephone"": ""+12108241679"", ""priceRange"": ""$$"", ""paymentAccepted"": [""Cash"", ""Credit Card"", ""Debit Card"", ""Apple Pay"", ""Google Pay"", ""FSA"", ""HSA""], ""address"": {""@type"": ""PostalAddress"", ""streetAddress"": ""4600 Broadway St."", ""addressLocality"": ""Alamo Heights"", ""addressRegion"": ""TX"", ""postalCode"": ""78209"", ""addressCountry"": ""US""}, ""geo"": {""@type"": ""GeoCoordinates"", ""latitude"": 29.46852, ""longitude"": -98.46332}, ""hasMap"": ""https://www.google.com/maps?daddr=4600+BROADWAY+ST.+ALAMO+HEIGHTS+TX+78209"", ""openingHoursSpecification"": [{""@type"": ""OpeningHoursSpecification"", ""dayOfWeek"": [""Monday"", ""Tuesday"", ""Wednesday"", ""Thursday"", ""Friday""], ""opens"": ""07:00"", ""closes"": ""23:00""}, {""@type"": ""OpeningHoursSpecification"", ""dayOfWeek"": ""Saturday"", ""opens"": ""08:00"", ""closes"": ""23:00""}, {""@type"": ""OpeningHoursSpecification"", ""dayOfWeek"": ""Sunday"", ""opens"": ""08:00"", ""closes"": ""23:00""}], ""department"": [{""@context"": ""https://schema.org"", ""@type"": ""Pharmacy"", ""name"": ""CVS Pharmacy Counter"", ""telephone"": ""+12108241679"", ""openingHoursSpecification"": [{""@type"": ""OpeningHoursSpecification"", ""dayOfWeek"": [""Monday"", ""Tuesday"", ""Wednesday"", ""Thursday"", ""Friday""], ""opens"": ""08:00"", ""closes"": ""18:00""}, {""@type"": ""OpeningHoursSpecification"", ""dayOfWeek"": ""Saturday"", ""opens"": ""10:00"", ""closes"": ""18:00""}, {""@type"": ""OpeningHoursSpecification"", ""dayOfWeek"": ""Sunday"", ""opens"": ""12:00 PM"", ""closes"": ""18:00""}]}], ""amenityFeature"": [{""@type"": ""LocationFeatureSpecification"", ""name"": ""Wheelchair Accessible"", ""value"": true}, {""@type"": ""LocationFeatureSpecification"", ""name"": ""UPS Access Point"", ""value"": true}], ""makesOffer"": [{""@type"": ""Offer"", ""itemOffered"": {""@type"": ""Service"", ""name"": ""COVID-19 Vaccinations"", ""serviceType"": ""Immunization""}}, {""@type"": ""Offer"", ""itemOffered"": {""@type"": ""Service"", ""name"": ""Flu Shots"", ""serviceType"": ""Immunization""}}, {""@type"": ""Offer"", ""itemOffered"": {""@type"": ""Service"", ""name"": ""Photo Printing"", ""serviceType"": ""Photo Service""}}], ""sameAs"": [""https://www.facebook.com/CVS"", ""https://twitter.com/cvspharmacy"", ""https://www.youtube.com/user/CVSPharmacyVideos"", ""https://www.instagram.com/cvspharmacy""]}"
9991,https://www.cvs.com/store-locator/alamo-ca-pharmacies/3158-danville-blvd-alamo-ca-94507/storeid=9991,https://www.cvs.com/store-locator/alamo-ca-pharmacies/3158-danville-blvd-alamo-ca-94507/storeid=9991,CVS Pharmacy,+19253149714,+19253149714,3158 Danville Blvd,Alamo,CA,94507,US,37.85186,-122.03224,https://www.google.com/maps?daddr=3158+DANVILLE+BLVD+ALAMO+CA+94507,Mon: 08:00-22:00 | Tue: 08:00-22:00 | Wed: 08:00-22:00 | Thu: 08:00-22:00 | Fri: 08:00-22:00 | Sat: 08:00-22:00 | Sun: 08:00-22:00,CVS Pharmacy Counter: Mon: 09:00-18:00 | Tue: 09:00-18:00 | Wed: 09:00-18:00 | Thu: 09:00-18:00 | Fri: 09:00-18:00 | Sat: 10:00-18:00 | Sun: 10:00-18:00,"Wheelchair Accessible, UPS Access Point","COVID-19 Vaccinations, Flu Shots, Photo Printing","https://www.facebook.com/CVS, https://twitter.com/cvspharmacy, https://www.youtube.com/user/CVSPharmacyVideos, https://www.instagram.com/cvspharmacy",ok,"{""@context"": ""https://schema.org"", ""@type"": [""Pharmacy"", ""HealthAndBeautyBusiness"", ""Store""], ""name"": ""CVS Pharmacy"", ""alternateName"": [""CVS"", ""CVS Drug Store""], ""url"": ""https://www.cvs.com/store-locator/alamo-ca-pharmacies/3158-danville-blvd-alamo-ca-94507/storeid=9991"", ""logo"": ""https://www.cvs.com/content/dam/enterprise/headless/retail/nav/en/assets/logos/cvs-logo.svg"", ""image"": ""https://www.cvs.com/mobilelanding/storepickup/Landingpage-mobile-640_01.png"", ""telephone"": ""+19253149714"", ""priceRange"": ""$$"", ""paymentAccepted"": [""Cash"", ""Credit Card"", ""Debit Card"", ""Apple Pay"", ""Google Pay"", ""FSA"", ""HSA""], ""address"": {""@type"": ""PostalAddress"", ""streetAddress"": ""3158 Danville Blvd"", ""addressLocality"": ""Alamo"", ""addressRegion"": ""CA"", ""postalCode"": ""94507"", ""addressCountry"": ""US""}, ""geo"": {""@type"": ""GeoCoordinates"", ""latitude"": 37.85186, ""longitude"": -122.03224}, ""hasMap"": ""https://www.google.com/maps?daddr=3158+DANVILLE+BLVD+ALAMO+CA+94507"", ""openingHoursSpecification"": [{""@type"": ""OpeningHoursSpecification"", ""dayOfWeek"": [""Monday"", ""Tuesday"", ""Wednesday"", ""Thursday"", ""Friday""], ""opens"": ""08:00"", ""closes"": ""22:00""}, {""@type"": ""OpeningHoursSpecification"", ""dayOfWeek"": ""Saturday"", ""opens"": ""08:00"", ""closes"": ""22:00""}, {""@type"": ""OpeningHoursSpecification"", ""dayOfWeek"": ""Sunday"", ""opens"": ""08:00"", ""closes"": ""22:00""}], ""department"": [{""@context"": ""https://schema.org"", ""@type"": ""Pharmacy"", ""name"": ""CVS Pharmacy Counter"", ""telephone"": ""+19253149714"", ""openingHoursSpecification"": [{""@type"": ""OpeningHoursSpecification"", ""dayOfWeek"": [""Monday"", ""Tuesday"", ""Wednesday"", ""Thursday"", ""Friday""], ""opens"": ""09:00"", ""closes"": ""18:00""}, {""@type"": ""OpeningHoursSpecification"", ""dayOfWeek"": ""Saturday"", ""opens"": ""10:00"", ""closes"": ""18:00""}, {""@type"": ""OpeningHoursSpecification"", ""dayOfWeek"": ""Sunday"", ""opens"": ""10:00"", ""closes"": ""18:00""}]}], ""amenityFeature"": [{""@type"": ""LocationFeatureSpecification"", ""name"": ""Wheelchair Accessible"", ""value"": true}, {""@type"": ""LocationFeatureSpecification"", ""name"": ""UPS Access Point"", ""value"": true}], ""makesOffer"": [{""@type"": ""Offer"", ""itemOffered"": {""@type"": ""Service"", ""name"": ""COVID-19 Vaccinations"", ""serviceType"": ""Immunization""}}, {""@type"": ""Offer"", ""itemOffered"": {""@type"": ""Service"", ""name"": ""Flu Shots"", ""serviceType"": ""Immunization""}}, {""@type"": ""Offer"", ""itemOffered"": {""@type"": ""Service"", ""name"": ""Photo Printing"", ""serviceType"": ""Photo Service""}}], ""sameAs"": [""https://www.facebook.com/CVS"", ""https://twitter.com/cvspharmacy"", ""https://www.youtube.com/user/CVSPharmacyVideos"", ""https://www.instagram.com/cvspharmacy""]}"
17044,https://www.cvs.com/store-locator/albany-ca-pharmacies/1057-eastshore-hwy-albany-ca-94710/storeid=17044,https://www.cvs.com/store-locator/albany-ca-pharmacies/1057-eastshore-hwy-albany-ca-94710/storeid=17044,CVS Pharmacy,+15109820513,+15109820513,1057 Eastshore Hwy,Albany,CA,94710,US,37.88278,-122.3065,https://www.google.com/maps?daddr=1057+EASTSHORE+HWY+ALBANY+CA+94710,,CVS Pharmacy Counter: Mon: 10:00-17:00 | Tue: 10:00-17:00 | Wed: 10:00-17:00 | Thu: 10:00-17:00 | Fri: 10:00-17:00 | Sat: 11:00-17:00 | Sun: 11:00-17:00,Wheelchair Accessible,"COVID-19 Vaccinations, Flu Shots, Photo Printing","https://www.facebook.com/CVS, https://twitter.com/cvspharmacy, https://www.youtube.com/user/CVSPharmacyVideos, https://www.instagram.com/cvspharmacy",ok,"{""@context"": ""https://schema.org"", ""@type"": [""Pharmacy""], ""name"": ""CVS Pharmacy"", ""alternateName"": [""CVS"", ""CVS Drug Store""], ""url"": ""https://www.cvs.com/store-locator/albany-ca-pharmacies/1057-eastshore-hwy-albany-ca-94710/storeid=17044"", ""logo"": ""https://www.cvs.com/content/dam/enterprise/headless/retail/nav/en/assets/logos/cvs-logo.svg"", ""image"": ""https://www.cvs.com/mobilelanding/storepickup/Landingpage-mobile-640_01.png"", ""telephone"": ""+15109820513"", ""priceRange"": ""$$"", ""paymentAccepted"": [""Cash"", ""Credit Card"", ""Debit Card"", ""Apple Pay"", ""Google Pay"", ""FSA"", ""HSA""], ""address"": {""@type"": ""PostalAddress"", ""streetAddress"": ""1057 Eastshore Hwy"", ""addressLocality"": ""Albany"", ""addressRegion"": ""CA"", ""postalCode"": ""94710"", ""addressCountry"": ""US""}, ""geo"": {""@type"": ""GeoCoordinates"", ""latitude"": 37.88278, ""longitude"": -122.3065}, ""hasMap"": ""https://www.google.com/maps?daddr=1057+EASTSHORE+HWY+ALBANY+CA+94710"", ""department"": [{""@context"": ""https://schema.org"", ""@type"": ""Pharmacy"", ""name"": ""CVS Pharmacy Counter"", ""telephone"": ""+15109820513"", ""openingHoursSpecification"": [{""@type"": ""OpeningHoursSpecification"", ""dayOfWeek"": [""Monday"", ""Tuesday"", ""Wednesday"", ""Thursday"", ""Friday""], ""opens"": ""10:00"", ""closes"": ""17:00""}, {""@type"": ""OpeningHoursSpecification"", ""dayOfWeek"": ""Saturday"", ""opens"": ""11:00"", ""closes"": ""17:00""}, {""@type"": ""OpeningHoursSpecification"", ""dayOfWeek"": ""Sunday"", ""opens"": ""11:00"", ""closes"": ""17:00""}]}], ""amenityFeature"": [{""@type"": ""LocationFeatureSpecification"", ""name"": ""Wheelchair Accessible"", ""value"": true}], ""makesOffer"": [{""@type"": ""Offer"", ""itemOffered"": {""@type"": ""Service"", ""name"": ""COVID-19 Vaccinations"", ""serviceType"": ""Immunization""}}, {""@type"": ""Offer"", ""itemOffered"": {""@type"": ""Service"", ""name"": ""Flu Shots"", ""serviceType"": ""Immunization""}}, {""@type"": ""Offer"", ""itemOffered"": {""@type"": ""Service"", ""name"": ""Photo Printing"", ""serviceType"": ""Photo Service""}}], ""sameAs"": [""https://www.facebook.com/CVS"", ""https://twitter.com/cvspharmacy"", ""https://www.youtube.com/user/CVSPharmacyVideos"", ""https://www.instagram.com/cvspharmacy""]}"
4569,https://www.cvs.com/store-locator/albany-ga-pharmacies/609-n-westover-blvd-albany-ga-31707/storeid=4569,https://www.cvs.com/store-locator/albany-ga-pharmacies/609-n-westover-blvd-albany-ga-31707/storeid=4569,CVS Pharmacy,+12294392554,+12294392554,609 N. Westover Blvd.,Albany,GA,31707,US,31.61026,-84.2237,https://www.google.com/maps?daddr=609+N.+WESTOVER+BLVD.+ALBANY+GA+31707,Mon: 08:00-22:00 | Tue: 08:00-22:00 | Wed: 08:00-22:00 | Thu: 08:00-22:00 | Fri: 08:00-22:00 | Sat: 08:00-23:00 | Sun: 08:00-22:00,CVS Pharmacy Counter: Mon: 08:00-18:00 | Tue: 08:00-18:00 | Wed: 08:00-18:00 | Thu: 08:00-18:00 | Fri: 08:00-18:00 | Sat: 09:00-18:00 | Sun: 10:00-18:00,Wheelchair Accessible,"COVID-19 vaccine, Flu shots, COVID-19 testing, In-store pickup, Immunizations, Photo, Drug disposal, Rx in-store pickup, Pharmacy, Rx delivery, Accepts SNAP, Accepts WIC, OTC Health Solutions","https://www.facebook.com/CVS, https://twitter.com/cvspharmacy, https://www.youtube.com/user/CVSPharmacyVideos, https://www.instagram.com/cvspharmacy",ok,"{""@context"": ""https://schema.org"", ""@type"": [""Pharmacy"", ""HealthAndBeautyBusiness"", ""Store""], ""name"": ""CVS Pharmacy"", ""alternateName"": [""CVS"", ""CVS Drug Store""], ""url"": ""https://www.cvs.com/store-locator/albany-ga-pharmacies/609-n-westover-blvd-albany-ga-31707/storeid=4569"", ""logo"": ""https://www.cvs.com/content/dam/enterprise/headless/retail/nav/en/assets/logos/cvs-logo.svg"", ""image"": ""https://www.cvs.com/mobilelanding/storepickup/Landingpage-mobile-640_01.png"", ""telephone"": ""+12294392554"", ""priceRange"": ""$$"", ""paymentAccepted"": [""Cash"", ""Credit Card"", ""Debit Card"", ""Apple Pay"", ""Google Pay"", ""FSA"", ""HSA""], ""address"": {""@type"": ""PostalAddress"", ""streetAddress"": ""609 N. Westover Blvd."", ""addressLocality"": ""Albany"", ""addressRegion"": ""GA"", ""postalCode"": ""31707"", ""addressCountry"": ""US""}, ""geo"": {""@type"": ""GeoCoordinates"", ""latitude"": 31.61026, ""longitude"": -84.2237}, ""hasMap"": ""https://www.google.com/maps?daddr=609+N.+WESTOVER+BLVD.+ALBANY+GA+31707"", ""openingHoursSpecification"": [{""@type"": ""OpeningHoursSpecification"", ""dayOfWeek"": [""Monday"", ""Tuesday"", ""Wednesday"", ""Thursday"", ""Friday""], ""opens"": ""08:00"", ""closes"": ""22:00""}, {""@type"": ""OpeningHoursSpecification"", ""dayOfWeek"": ""Saturday"", ""opens"": ""08:00"", ""closes"": ""23:00""}, {""@type"": ""OpeningHoursSpecification"", ""dayOfWeek"": ""Sunday"", ""opens"": ""08:00"", ""closes"": ""22:00""}], ""department"": [{""@context"": ""https://schema.org"", ""@type"": ""Pharmacy"", ""name"": ""CVS Pharmacy Counter"", ""telephone"": ""+12294392554"", ""openingHoursSpecification"": [{""@type"": ""OpeningHoursSpecification"", ""dayOfWeek"": [""Monday"", ""Tuesday"", ""Wednesday"", ""Thursday"", ""Friday""], ""opens"": ""08:00"", ""closes"": ""18:00""}, {""@type"": ""OpeningHoursSpecification"", ""dayOfWeek"": ""Saturday"", ""opens"": ""09:00"", ""closes"": ""18:00""}, {""@type"": ""OpeningHoursSpecification"", ""dayOfWeek"": ""Sunday"", ""opens"": ""10:00"", ""closes"": ""18:00""}]}], ""amenityFeature"": [{""@type"": ""LocationFeatureSpecification"", ""name"": ""Wheelchair Accessible"", ""value"": true}], ""makesOffer"": [{""@type"": ""Offer"", ""itemOffered"": {""@type"": ""Service"", ""name"": ""COVID-19 vaccine""}}, {""@type"": ""Offer"", ""itemOffered"": {""@type"": ""Service"", ""name"": ""Flu shots""}}, {""@type"": ""Offer"", ""itemOffered"": {""@type"": ""Service"", ""name"": ""COVID-19 testing""}}, {""@type"": ""Offer"", ""itemOffered"": {""@type"": ""Service"", ""name"": ""In-store pickup""}}, {""@type"": ""Offer"", ""itemOffered"": {""@type"": ""Service"", ""name"": ""Immunizations""}}, {""@type"": ""Offer"", ""itemOffered"": {""@type"": ""Service"", ""name"": ""Photo""}}, {""@type"": ""Offer"", ""itemOffered"": {""@type"": ""Service"", ""name"": ""Drug disposal""}}, {""@type"": ""Offer"", ""itemOffered"": {""@type"": ""Service"", ""name"": ""Rx in-store pickup""}}, {""@type"": ""Offer"", ""itemOffered"": {""@type"": ""Service"", ""name"": ""Pharmacy""}}, {""@type"": ""Offer"", ""itemOffered"": {""@type"": ""Service"", ""name"": ""Rx delivery""}}, {""@type"": ""Offer"", ""itemOffered"": {""@type"": ""Service"", ""name"": ""Accepts SNAP""}}, {""@type"": ""Offer"", ""itemOffered"": {""@type"": ""Service"", ""name"": ""Accepts WIC""}}, {""@type"": ""Offer"", ""itemOffered"": {""@type"": ""Service"", ""name"": ""OTC Health Solutions""}}], ""sameAs"": [""https://www.facebook.com/CVS"", ""https://twitter.com/cvspharmacy"", ""https://www.youtube.com/user/CVSPharmacyVideos"", ""https://www.instagram.com/cvspharmacy""]}"
9595,https://www.cvs.com/store-locator/albany-ca-pharmacies/1382-solano-ave-albany-ca-94706/storeid=9595,https://www.cvs.com/store-locator/albany-ca-pharmacies/1382-solano-ave-albany-ca-94706/storeid=9595,CVS Pharmacy,+15105593414,+15105593414,1382 Solano Ave,Albany,CA,94706,US,37.89057,-122.29053,https://www.google.com/maps?daddr=1382+SOLANO+AVE+ALBANY+CA+94706,Mon: 08:00-22:00 | Tue: 08:00-22:00 | Wed: 08:00-22:00 | Thu: 08:00-22:00 | Fri: 08:00-22:00 | Sat: 08:00-22:00 | Sun: 08:00-22:00,CVS Pharmacy Counter: Mon: 10:00-18:00 | Tue: 10:00-18:00 | Wed: 10:00-18:00 | Thu: 10:00-18:00 | Fri: 10:00-18:00 | Sat: 10:00-18:00 | Sun: 11:00-17:00,"Wheelchair Accessible, UPS Access Point","COVID-19 Vaccinations, Flu Shots, Photo Printing","https://www.facebook.com/CVS, https://twitter.com/cvspharmacy, https://www.youtube.com/user/CVSPharmacyVideos, https://www.instagram.com/cvspharmacy",ok,"{""@context"": ""https://schema.org"", ""@type"": [""Pharmacy"", ""HealthAndBeautyBusiness"", ""Store""], ""name"": ""CVS Pharmacy"", ""alternateName"": [""CVS"", ""CVS Drug Store""], ""url"": ""https://www.cvs.com/store-locator/albany-ca-pharmacies/1382-solano-ave-albany-ca-94706/storeid=9595"", ""logo"": ""https://www.cvs.com/content/dam/enterprise/headless/retail/nav/en/assets/logos/cvs-logo.svg"", ""image"": ""https://www.cvs.com/mobilelanding/storepickup/Landingpage-mobile-640_01.png"", ""telephone"": ""+15105593414"", ""priceRange"": ""$$"", ""paymentAccepted"": [""Cash"", ""Credit Card"", ""Debit Card"", ""Apple Pay"", ""Google Pay"", ""FSA"", ""HSA""], ""address"": {""@type"": ""PostalAddress"", ""streetAddress"": ""1382 Solano Ave"", ""addressLocality"": ""Albany"", ""addressRegion"": ""CA"", ""postalCode"": ""94706"", ""addressCountry"": ""US""}, ""geo"": {""@type"": ""GeoCoordinates"", ""latitude"": 37.89057, ""longitude"": -122.29053}, ""hasMap"": ""https://www.google.com/maps?daddr=1382+SOLANO+AVE+ALBANY+CA+94706"", ""openingHoursSpecification"": [{""@type"": ""OpeningHoursSpecification"", ""dayOfWeek"": [""Monday"", ""Tuesday"", ""Wednesday"", ""Thursday"", ""Friday""], ""opens"": ""08:00"", ""closes"": ""22:00""}, {""@type"": ""OpeningHoursSpecification"", ""dayOfWeek"": ""Saturday"", ""opens"": ""08:00"", ""closes"": ""22:00""}, {""@type"": ""OpeningHoursSpecification"", ""dayOfWeek"": ""Sunday"", ""opens"": ""08:00"", ""closes"": ""22:00""}], ""department"": [{""@context"": ""https://schema.org"", ""@type"": ""Pharmacy"", ""name"": ""CVS Pharmacy Counter"", ""telephone"": ""+15105593414"", ""openingHoursSpecification"": [{""@type"": ""OpeningHoursSpecification"", ""dayOfWeek"": [""Monday"", ""Tuesday"", ""Wednesday"", ""Thursday"", ""Friday""], ""opens"": ""10:00"", ""closes"": ""18:00""}, {""@type"": ""OpeningHoursSpecification"", ""dayOfWeek"": ""Saturday"", ""opens"": ""10:00"", ""closes"": ""18:00""}, {""@type"": ""OpeningHoursSpecification"", ""dayOfWeek"": ""Sunday"", ""opens"": ""11:00"", ""closes"": ""17:00""}]}], ""amenityFeature"": [{""@type"": ""LocationFeatureSpecification"", ""name"": ""Wheelchair Accessible"", ""value"": true}, {""@type"": ""LocationFeatureSpecification"", ""name"": ""UPS Access Point"", ""value"": true}], ""makesOffer"": [{""@type"": ""Offer"", ""itemOffered"": {""@type"": ""Service"", ""name"": ""COVID-19 Vaccinations"", ""serviceType"": ""Immunization""}}, {""@type"": ""Offer"", ""itemOffered"": {""@type"": ""Service"", ""name"": ""Flu Shots"", ""serviceType"": ""Immunization""}}, {""@type"": ""Offer"", ""itemOffered"": {""@type"": ""Service"", ""name"": ""Photo Printing"", ""serviceType"": ""Photo Service""}}], ""sameAs"": [""https://www.facebook.com/CVS"", ""https://twitter.com/cvspharmacy"", ""https://www.youtube.com/user/CVSPharmacyVideos"", ""https://www.instagram.com/cvspharmacy""]}"
10771,https://www.cvs.com/store-locator/albany-mn-pharmacies/740-railroad-ave-albany-mn-56307/storeid=10771,https://www.cvs.com/store-locator/albany-mn-pharmacies/740-railroad-ave-albany-mn-56307/storeid=10771,CVS Pharmacy,+13208457540,+13208457540,740 Railroad Ave.,Albany,MN,56307,US,45.63057,-94.57382,https://www.google.com/maps?daddr=740+RAILROAD+AVE.+ALBANY+MN+56307,Mon: 08:00-19:00 | Tue: 08:00-19:00 | Wed: 08:00-19:00 | Thu: 08:00-19:00 | Fri: 08:00-19:00 | Sat: 10:00-18:00 | Sun: 10:00-17:00,CVS Pharmacy Counter: Mon: 09:00-18:00 | Tue: 09:00-18:00 | Wed: 09:00-18:00 | Thu: 09:00-18:00 | Fri: 09:00-18:00 | Sat: 10:00-18:00 | Sun: 11:00-17:00,Wheelchair Accessible,"COVID-19 Vaccinations, Flu Shots, Photo Printing","https://www.facebook.com/CVS, https://twitter.com/cvspharmacy, https://www.youtube.com/user/CVSPharmacyVideos, https://www.instagram.com/cvspharmacy",ok,"{""@context"": ""https://schema.org"", ""@type"": [""Pharmacy"", ""HealthAndBeautyBusiness"", ""Store""], ""name"": ""CVS Pharmacy"", ""alternateName"": [""CVS"", ""CVS Drug Store""], ""url"": ""https://www.cvs.com/store-locator/albany-mn-pharmacies/740-railroad-ave-albany-mn-56307/storeid=10771"", ""logo"": ""https://www.cvs.com/content/dam/enterprise/headless/retail/nav/en/assets/logos/cvs-logo.svg"", ""image"": ""https://www.cvs.com/mobilelanding/storepickup/Landingpage-mobile-640_01.png"", ""telephone"": ""+13208457540"", ""priceRange"": ""$$"", ""paymentAccepted"": [""Cash"", ""Credit Card"", ""Debit Card"", ""Apple Pay"", ""Google Pay"", ""FSA"", ""HSA""], ""address"": {""@type"": ""PostalAddress"", ""streetAddress"": ""740 Railroad Ave."", ""addressLocality"": ""Albany"", ""addressRegion"": ""MN"", ""postalCode"": ""56307"", ""addressCountry"": ""US""}, ""geo"": {""@type"": ""GeoCoordinates"", ""latitude"": 45.63057, ""longitude"": -94.57382}, ""hasMap"": ""https://www.google.com/maps?daddr=740+RAILROAD+AVE.+ALBANY+MN+56307"", ""openingHoursSpecification"": [{""@type"": ""OpeningHoursSpecification"", ""dayOfWeek"": [""Monday"", ""Tuesday"", ""Wednesday"", ""Thursday"", ""Friday""], ""opens"": ""08:00"", ""closes"": ""19:00""}, {""@type"": ""OpeningHoursSpecification"", ""dayOfWeek"": ""Saturday"", ""opens"": ""10:00"", ""closes"": ""18:00""}, {""@type"": ""OpeningHoursSpecification"", ""dayOfWeek"": ""Sunday"", ""opens"": ""10:00"", ""closes"": ""17:00""}], ""department"": [{""@context"": ""https://schema.org"", ""@type"": ""Pharmacy"", ""name"": ""CVS Pharmacy Counter"", ""telephone"": ""+13208457540"", ""openingHoursSpecification"": [{""@type"": ""OpeningHoursSpecification"", ""dayOfWeek"": [""Monday"", ""Tuesday"", ""Wednesday"", ""Thursday"", ""Friday""], ""opens"": ""09:00"", ""closes"": ""18:00""}, {""@type"": ""OpeningHoursSpecification"", ""dayOfWeek"": ""Saturday"", ""opens"": ""10:00"", ""closes"": ""18:00""}, {""@type"": ""OpeningHoursSpecification"", ""dayOfWeek"": ""Sunday"", ""opens"": ""11:00"", ""closes"": ""17:00""}]}], ""amenityFeature"": [{""@type"": ""LocationFeatureSpecification"", ""name"": ""Wheelchair Accessible"", ""value"": true}], ""makesOffer"": [{""@type"": ""Offer"", ""itemOffered"": {""@type"": ""Service"", ""name"": ""COVID-19 Vaccinations"", ""serviceType"": ""Immunization""}}, {""@type"": ""Offer"", ""itemOffered"": {""@type"": ""Service"", ""name"": ""Flu Shots"", ""serviceType"": ""Immunization""}}, {""@type"": ""Offer"", ""itemOffered"": {""@type"": ""Service"", ""name"": ""Photo Printing"", ""serviceType"": ""Photo Service""}}], ""sameAs"": [""https://www.facebook.com/CVS"", ""https://twitter.com/cvspharmacy"", ""https://www.youtube.com/user/CVSPharmacyVideos"", ""https://www.instagram.com/cvspharmacy""]}"
134,https://www.cvs.com/store-locator/albany-ny-pharmacies/16-new-scotland-ave-albany-ny-12208/storeid=134,https://www.cvs.com/store-locator/albany-ny-pharmacies/16-new-scotland-ave-albany-ny-12208/storeid=134,CVS Pharmacy,+15184340677,+15184340677,16 New Scotland Ave.,Albany,NY,12208,US,42.65332,-73.7734,https://www.google.com/maps?daddr=16+NEW+SCOTLAND+AVE.+ALBANY+NY+12208,Mon: 08:00-22:00 | Tue: 08:00-22:00 | Wed: 08:00-22:00 | Thu: 08:00-22:00 | Fri: 08:00-22:00 | Sat: 08:00-22:00 | Sun: 08:00-21:00,CVS Pharmacy Counter: Mon: 09:00-17:00 | Tue: 09:00-17:00 | Wed: 09:00-17:00 | Thu: 09:00-17:00 | Fri: 09:00-17:00 | Sat: 10:00-17:00 | Sun: 11:00-17:00,Wheelchair Accessible,"COVID-19 Vaccinations, Flu Shots, Photo Printing","https://www.facebook.com/CVS, https://twitter.com/cvspharmacy, https://www.youtube.com/user/CVSPharmacyVideos, https://www.instagram.com/cvspharmacy",ok,"{""@context"": ""https://schema.org"", ""@type"": [""Pharmacy"", ""HealthAndBeautyBusiness"", ""Store""], ""name"": ""CVS Pharmacy"", ""alternateName"": [""CVS"", ""CVS Drug Store""], ""url"": ""https://www.cvs.com/store-locator/albany-ny-pharmacies/16-new-scotland-ave-albany-ny-12208/storeid=134"", ""logo"": ""https://www.cvs.com/content/dam/enterprise/headless/retail/nav/en/assets/logos/cvs-logo.svg"", ""image"": ""https://www.cvs.com/mobilelanding/storepickup/Landingpage-mobile-640_01.png"", ""telephone"": ""+15184340677"", ""priceRange"": ""$$"", ""paymentAccepted"": [""Cash"", ""Credit Card"", ""Debit Card"", ""Apple Pay"", ""Google Pay"", ""FSA"", ""HSA""], ""address"": {""@type"": ""PostalAddress"", ""streetAddress"": ""16 New Scotland Ave."", ""addressLocality"": ""Albany"", ""addressRegion"": ""NY"", ""postalCode"": ""12208"", ""addressCountry"": ""US""}, ""geo"": {""@type"": ""GeoCoordinates"", ""latitude"": 42.65332, ""longitude"": -73.7734}, ""hasMap"": ""https://www.google.com/maps?daddr=16+NEW+SCOTLAND+AVE.+ALBANY+NY+12208"", ""openingHoursSpecification"": [{""@type"": ""OpeningHoursSpecification"", ""dayOfWeek"": [""Monday"", ""Tuesday"", ""Wednesday"", ""Thursday"", ""Friday""], ""opens"": ""08:00"", ""closes"": ""22:00""}, {""@type"": ""OpeningHoursSpecification"", ""dayOfWeek"": ""Saturday"", ""opens"": ""08:00"", ""closes"": ""22:00""}, {""@type"": ""OpeningHoursSpecification"", ""dayOfWeek"": ""Sunday"", ""opens"": ""08:00"", ""closes"": ""21:00""}], ""department"": [{""@context"": ""https://schema.org"", ""@type"": ""Pharmacy"", ""name"": ""CVS Pharmacy Counter"", ""telephone"": ""+15184340677"", ""openingHoursSpecification"": [{""@type"": ""OpeningHoursSpecification"", ""dayOfWeek"": [""Monday"", ""Tuesday"", ""Wednesday"", ""Thursday"", ""Friday""], ""opens"": ""09:00"", ""closes"": ""17:00""}, {""@type"": ""OpeningHoursSpecification"", ""dayOfWeek"": ""Saturday"", ""opens"": ""10:00"", ""closes"": ""17:00""}, {""@type"": ""OpeningHoursSpecification"", ""dayOfWeek"": ""Sunday"", ""opens"": ""11:00"", ""closes"": ""17:00""}]}], ""amenityFeature"": [{""@type"": ""LocationFeatureSpecification"", ""name"": ""Wheelchair Accessible"", ""value"": true}], ""makesOffer"": [{""@type"": ""Offer"", ""itemOffered"": {""@type"": ""Service"", ""name"": ""COVID-19 Vaccinations"", ""serviceType"": ""Immunization""}}, {""@type"": ""Offer"", ""itemOffered"": {""@type"": ""Service"", ""name"": ""Flu Shots"", ""serviceType"": ""Immunization""}}, {""@type"": ""Offer"", ""itemOffered"": {""@type"": ""Service"", ""name"": ""Photo Printing"", ""serviceType"": ""Photo Service""}}], ""sameAs"": [""https://www.facebook.com/CVS"", ""https://twitter.com/cvspharmacy"", ""https://www.youtube.com/user/CVSPharmacyVideos"", ""https://www.instagram.com/cvspharmacy""]}"
1895,https://www.cvs.com/store-locator/albany-ny-pharmacies/2040-western-avenue-route-155-albany-ny-12203/storeid=1895,https://www.cvs.com/store-locator/albany-ny-pharmacies/2040-western-avenue-route-155-albany-ny-12203/storeid=1895,CVS Pharmacy,+15188690249,+15188690249,"2040 Western Avenue, Route 155",Albany,NY,12203,US,42.69701,-73.88766,https://www.google.com/maps?daddr=2040+WESTERN+AVENUE+ROUTE+155+ALBANY+NY+12203,Mon: 07:00-22:00 | Tue: 07:00-22:00 | Wed: 07:00-22:00 | Thu: 07:00-22:00 | Fri: 07:00-22:00 | Sat: 07:00-22:00 | Sun: 08:00-22:00,CVS Pharmacy Counter: Mon: 08:00-18:00 | Tue: 08:00-18:00 | Wed: 08:00-18:00 | Thu: 08:00-18:00 | Fri: 08:00-18:00 | Sat: 09:00-18:00 | Sun: 09:00-18:00,"Wheelchair Accessible, UPS Access Point","COVID-19 vaccine, Flu shots, COVID-19 testing, In-store pickup, Photo, UPS access point, Drug disposal, Pharmacy, Rx delivery, Accepts SNAP, OTC Health Solutions, ATM inside","https://www.facebook.com/CVS, https://twitter.com/cvspharmacy, https://www.youtube.com/user/CVSPharmacyVideos, https://www.instagram.com/cvspharmacy",ok,"{""@context"": ""https://schema.org"", ""@type"": [""Pharmacy"", ""HealthAndBeautyBusiness"", ""Store""], ""name"": ""CVS Pharmacy"", ""alternateName"": [""CVS"", ""CVS Drug Store""], ""url"": ""https://www.cvs.com/store-locator/albany-ny-pharmacies/2040-western-avenue-route-155-albany-ny-12203/storeid=1895"", ""logo"": ""https://www.cvs.com/content/dam/enterprise/headless/retail/nav/en/assets/logos/cvs-logo.svg"", ""image"": ""https://www.cvs.com/mobilelanding/storepickup/Landingpage-mobile-640_01.png"", ""telephone"": ""+15188690249"", ""priceRange"": ""$$"", ""paymentAccepted"": [""Cash"", ""Credit Card"", ""Debit Card"", ""Apple Pay"", ""Google Pay"", ""FSA"", ""HSA""], ""address"": {""@type"": ""PostalAddress"", ""streetAddress"": ""2040 Western Avenue, Route 155"", ""addressLocality"": ""Albany"", ""addressRegion"": ""NY"", ""postalCode"": ""12203"", ""addressCountry"": ""US""}, ""geo"": {""@type"": ""GeoCoordinates"", ""latitude"": 42.69701, ""longitude"": -73.88766}, ""hasMap"": ""https://www.google.com/maps?daddr=2040+WESTERN+AVENUE+ROUTE+155+ALBANY+NY+12203"", ""openingHoursSpecification"": [{""@type"": ""OpeningHoursSpecification"", ""dayOfWeek"": [""Monday"", ""Tuesday"", ""Wednesday"", ""Thursday"", ""Friday""], ""opens"": ""07:00"", ""closes"": ""22:00""}, {""@type"": ""OpeningHoursSpecification"", ""dayOfWeek"": ""Saturday"", ""opens"": ""07:00"", ""closes"": ""22:00""}, {""@type"": ""OpeningHoursSpecification"", ""dayOfWeek"": ""Sunday"", ""opens"": ""08:00"", ""closes"": ""22:00""}], ""department"": [{""@context"": ""https://schema.org"", ""@type"": ""Pharmacy"", ""name"": ""CVS Pharmacy Counter"", ""telephone"": ""+15188690249"", ""openingHoursSpecification"": [{""@type"": ""OpeningHoursSpecification"", ""dayOfWeek"": [""Monday"", ""Tuesday"", ""Wednesday"", ""Thursday"", ""Friday""], ""opens"": ""08:00"", ""closes"": ""18:00""}, {""@type"": ""OpeningHoursSpecification"", ""dayOfWeek"": ""Saturday"", ""opens"": ""09:00"", ""closes"": ""18:00""}, {""@type"": ""OpeningHoursSpecification"", ""dayOfWeek"": ""Sunday"", ""opens"": ""09:00"", ""closes"": ""18:00""}]}], ""amenityFeature"": [{""@type"": ""LocationFeatureSpecification"", ""name"": ""Wheelchair Accessible"", ""value"": true}, {""@type"": ""LocationFeatureSpecification"", ""name"": ""UPS Access Point"", ""value"": true}], ""makesOffer"": [{""@type"": ""Offer"", ""itemOffered"": {""@type"": ""Service"", ""name"": ""COVID-19 vaccine""}}, {""@type"": ""Offer"", ""itemOffered"": {""@type"": ""Service"", ""name"": ""Flu shots""}}, {""@type"": ""Offer"", ""itemOffered"": {""@type"": ""Service"", ""name"": ""COVID-19 testing""}}, {""@type"": ""Offer"", ""itemOffered"": {""@type"": ""Service"", ""name"": ""In-store pickup""}}, {""@type"": ""Offer"", ""itemOffered"": {""@type"": ""Service"", ""name"": ""Photo""}}, {""@type"": ""Offer"", ""itemOffered"": {""@type"": ""Service"", ""name"": ""UPS access point""}}, {""@type"": ""Offer"", ""itemOffered"": {""@type"": ""Service"", ""name"": ""Drug disposal""}}, {""@type"": ""Offer"", ""itemOffered"": {""@type"": ""Service"", ""name"": ""Pharmacy""}}, {""@type"": ""Offer"", ""itemOffered"": {""@type"": ""Service"", ""name"": ""Rx delivery""}}, {""@type"": ""Offer"", ""itemOffered"": {""@type"": ""Service"", ""name"": ""Accepts SNAP""}}, {""@type"": ""Offer"", ""itemOffered"": {""@type"": ""Service"", ""name"": ""OTC Health Solutions""}}, {""@type"": ""Offer"", ""itemOffered"": {""@type"": ""Service"", ""name"": ""ATM inside""}}], ""sameAs"": [""https://www.facebook.com/CVS"", ""https://twitter.com/cvspharmacy"", ""https://www.youtube.com/user/CVSPharmacyVideos"", ""https://www.instagram.com/cvspharmacy""]}"
600,https://www.cvs.com/store-locator/albany-ny-pharmacies/415-419-delaware-avenue-albany-ny-12209/storeid=600,https://www.cvs.com/store-locator/albany-ny-pharmacies/415-419-delaware-avenue-albany-ny-12209/storeid=600,CVS Pharmacy,+15184632986,+15184632986,415-419 Delaware Avenue,Albany,NY,12209,US,42.64141,-73.78164,https://www.google.com/maps?daddr=415-419+DELAWARE+AVENUE+ALBANY+NY+12209,Mon: 08:00-20:00 | Tue: 08:00-20:00 | Wed: 08:00-20:00 | Thu: 08:00-20:00 | Fri: 08:00-20:00 | Sat: 08:00-20:00 | Sun: 08:00-20:00,CVS Pharmacy Counter: Mon: 09:00-18:00 | Tue: 09:00-18:00 | Wed: 09:00-18:00 | Thu: 09:00-18:00 | Fri: 09:00-18:00 | Sat: 09:00-18:00 | Sun: 10:00-18:00,"Wheelchair Accessible, UPS Access Point","COVID-19 Vaccinations, Flu Shots, Photo Printing","https://www.facebook.com/CVS, https://twitter.com/cvspharmacy, https://www.youtube.com/user/CVSPharmacyVideos, https://www.instagram.com/cvspharmacy",ok,"{""@context"": ""https://schema.org"", ""@type"": [""Pharmacy"", ""HealthAndBeautyBusiness"", ""Store""], ""name"": ""CVS Pharmacy"", ""alternateName"": [""CVS"", ""CVS Drug Store""], ""url"": ""https://www.cvs.com/store-locator/albany-ny-pharmacies/415-419-delaware-avenue-albany-ny-12209/storeid=600"", ""logo"": ""https://www.cvs.com/content/dam/enterprise/headless/retail/nav/en/assets/logos/cvs-logo.svg"", ""image"": ""https://www.cvs.com/mobilelanding/storepickup/Landingpage-mobile-640_01.png"", ""telephone"": ""+15184632986"", ""priceRange"": ""$$"", ""paymentAccepted"": [""Cash"", ""Credit Card"", ""Debit Card"", ""Apple Pay"", ""Google Pay"", ""FSA"", ""HSA""], ""address"": {""@type"": ""PostalAddress"", ""streetAddress"": ""415-419 Delaware Avenue"", ""addressLocality"": ""Albany"", ""addressRegion"": ""NY"", ""postalCode"": ""12209"", ""addressCountry"": ""US""}, ""geo"": {""@type"": ""GeoCoordinates"", ""latitude"": 42.64141, ""longitude"": -73.78164}, ""hasMap"": ""https://www.google.com/maps?daddr=415-419+DELAWARE+AVENUE+ALBANY+NY+12209"", ""openingHoursSpecification"": [{""@type"": ""OpeningHoursSpecification"", ""dayOfWeek"": [""Monday"", ""Tuesday"", ""Wednesday"", ""Thursday"", ""Friday""], ""opens"": ""08:00"", ""closes"": ""20:00""}, {""@type"": ""OpeningHoursSpecification"", ""dayOfWeek"": ""Saturday"", ""opens"": ""08:00"", ""closes"": ""20:00""}, {""@type"": ""OpeningHoursSpecification"", ""dayOfWeek"": ""Sunday"", ""opens"": ""08:00"", ""closes"": ""20:00""}], ""department"": [{""@context"": ""https://schema.org"", ""@type"": ""Pharmacy"", ""name"": ""CVS Pharmacy Counter"", ""telephone"": ""+15184632986"", ""openingHoursSpecification"": [{""@type"": ""OpeningHoursSpecification"", ""dayOfWeek"": [""Monday"", ""Tuesday"", ""Wednesday"", ""Thursday"", ""Friday""], ""opens"": ""09:00"", ""closes"": ""18:00""}, {""@type"": ""OpeningHoursSpecification"", ""dayOfWeek"": ""Saturday"", ""opens"": ""09:00"", ""closes"": ""18:00""}, {""@type"": ""OpeningHoursSpecification"", ""dayOfWeek"": ""Sunday"", ""opens"": ""10:00"", ""closes"": ""18:00""}]}], ""amenityFeature"": [{""@type"": ""LocationFeatureSpecification"", ""name"": ""Wheelchair Accessible"", ""value"": true}, {""@type"": ""LocationFeatureSpecification"", ""name"": ""UPS Access Point"", ""value"": true}], ""makesOffer"": [{""@type"": ""Offer"", ""itemOffered"": {""@type"": ""Service"", ""name"": ""COVID-19 Vaccinations"", ""serviceType"": ""Immunization""}}, {""@type"": ""Offer"", ""itemOffered"": {""@type"": ""Service"", ""name"": ""Flu Shots"", ""serviceType"": ""Immunization""}}, {""@type"": ""Offer"", ""itemOffered"": {""@type"": ""Service"", ""name"": ""Photo Printing"", ""serviceType"": ""Photo Service""}}], ""sameAs"": [""https://www.facebook.com/CVS"", ""https://twitter.com/cvspharmacy"", ""https://www.youtube.com/user/CVSPharmacyVideos"", ""https://www.instagram.com/cvspharmacy""]}"
744,https://www.cvs.com/store-locator/albany-ny-pharmacies/613-new-scotland-avenue-albany-ny-12208/storeid=744,https://www.cvs.com/store-locator/albany-ny-pharmacies/613-new-scotland-avenue-albany-ny-12208/storeid=744,CVS Pharmacy,+15184824996,+15184824996,613 New Scotland Avenue,Albany,NY,12208,US,42.6574,-73.80344,https://www.google.com/maps?daddr=613+NEW+SCOTLAND+AVENUE+ALBANY+NY+12208,Mon: 08:00-22:00 | Tue: 08:00-22:00 | Wed: 08:00-22:00 | Thu: 08:00-22:00 | Fri: 08:00-22:00 | Sat: 08:00-22:00 | Sun: 08:00-22:00,CVS Pharmacy Counter: Mon: 09:00-18:00 | Tue: 09:00-18:00 | Wed: 09:00-18:00 | Thu: 09:00-18:00 | Fri: 09:00-18:00 | Sat: 09:00-18:00 | Sun: 10:00-18:00,"Wheelchair Accessible, UPS Access Point","COVID-19 Vaccinations, Flu Shots, Photo Printing","https://www.facebook.com/CVS, https://twitter.com/cvspharmacy, https://www.youtube.com/user/CVSPharmacyVideos, https://www.instagram.com/cvspharmacy",ok,"{""@context"": ""https://schema.org"", ""@type"": [""Pharmacy"", ""HealthAndBeautyBusiness"", ""Store""], ""name"": ""CVS Pharmacy"", ""alternateName"": [""CVS"", ""CVS Drug Store""], ""url"": ""https://www.cvs.com/store-locator/albany-ny-pharmacies/613-new-scotland-avenue-albany-ny-12208/storeid=744"", ""logo"": ""https://www.cvs.com/content/dam/enterprise/headless/retail/nav/en/assets/logos/cvs-logo.svg"", ""image"": ""https://www.cvs.com/mobilelanding/storepickup/Landingpage-mobile-640_01.png"", ""telephone"": ""+15184824996"", ""priceRange"": ""$$"", ""paymentAccepted"": [""Cash"", ""Credit Card"", ""Debit Card"", ""Apple Pay"", ""Google Pay"", ""FSA"", ""HSA""], ""address"": {""@type"": ""PostalAddress"", ""streetAddress"": ""613 New Scotland Avenue"", ""addressLocality"": ""Albany"", ""addressRegion"": ""NY"", ""postalCode"": ""12208"", ""addressCountry"": ""US""}, ""geo"": {""@type"": ""GeoCoordinates"", ""latitude"": 42.6574, ""longitude"": -73.80344}, ""hasMap"": ""https://www.google.com/maps?daddr=613+NEW+SCOTLAND+AVENUE+ALBANY+NY+12208"", ""openingHoursSpecification"": [{""@type"": ""OpeningHoursSpecification"", ""dayOfWeek"": [""Monday"", ""Tuesday"", ""Wednesday"", ""Thursday"", ""Friday""], ""opens"": ""08:00"", ""closes"": ""22:00""}, {""@type"": ""OpeningHoursSpecification"", ""dayOfWeek"": ""Saturday"", ""opens"": ""08:00"", ""closes"": ""22:00""}, {""@type"": ""OpeningHoursSpecification"", ""dayOfWeek"": ""Sunday"", ""opens"": ""08:00"", ""closes"": ""22:00""}], ""department"": [{""@context"": ""https://schema.org"", ""@type"": ""Pharmacy"", ""name"": ""CVS Pharmacy Counter"", ""telephone"": ""+15184824996"", ""openingHoursSpecification"": [{""@type"": ""OpeningHoursSpecification"", ""dayOfWeek"": [""Monday"", ""Tuesday"", ""Wednesday"", ""Thursday"", ""Friday""], ""opens"": ""09:00"", ""closes"": ""18:00""}, {""@type"": ""OpeningHoursSpecification"", ""dayOfWeek"": ""Saturday"", ""opens"": ""09:00"", ""closes"": ""18:00""}, {""@type"": ""OpeningHoursSpecification"", ""dayOfWeek"": ""Sunday"", ""opens"": ""10:00"", ""closes"": ""18:00""}]}], ""amenityFeature"": [{""@type"": ""LocationFeatureSpecification"", ""name"": ""Wheelchair Accessible"", ""value"": true}, {""@type"": ""LocationFeatureSpecification"", ""name"": ""UPS Access Point"", ""value"": true}], ""makesOffer"": [{""@type"": ""Offer"", ""itemOffered"": {""@type"": ""Service"", ""name"": ""COVID-19 Vaccinations"", ""serviceType"": ""Immunization""}}, {""@type"": ""Offer"", ""itemOffered"": {""@type"": ""Service"", ""name"": ""Flu Shots"", ""serviceType"": ""Immunization""}}, {""@type"": ""Offer"", ""itemOffered"": {""@type"": ""Service"", ""name"": ""Photo Printing"", ""serviceType"": ""Photo Service""}}], ""sameAs"": [""https://www.facebook.com/CVS"", ""https://twitter.com/cvspharmacy"", ""https://www.youtube.com/user/CVSPharmacyVideos"", ""https://www.instagram.com/cvspharmacy""]}"
417,https://www.cvs.com/store-locator/albany-ny-pharmacies/885-central-ave-albany-ny-12206/storeid=417,https://www.cvs.com/store-locator/albany-ny-pharmacies/885-central-ave-albany-ny-12206/storeid=417,CVS Pharmacy,+15184594550,+15184594550,885 Central Ave.,Albany,NY,12206,US,42.68106,-73.78952,https://www.google.com/maps?daddr=885+CENTRAL+AVE.+ALBANY+NY+12206,Mon: 09:00-21:00 | Tue: 09:00-21:00 | Wed: 09:00-21:00 | Thu: 09:00-21:00 | Fri: 09:00-21:00 | Sat: 09:00-21:00 | Sun: 09:00-21:00,CVS Pharmacy Counter: Mon: 09:00-18:00 | Tue: 09:00-18:00 | Wed: 09:00-18:00 | Thu: 09:00-18:00 | Fri: 09:00-18:00 | Sat: 09:00-18:00 | Sun: 09:00-18:00,Wheelchair Accessible,"COVID-19 Vaccinations, Flu Shots, Photo Printing","https://www.facebook.com/CVS, https://twitter.com/cvspharmacy, https://www.youtube.com/user/CVSPharmacyVideos, https://www.instagram.com/cvspharmacy",ok,"{""@context"": ""https://schema.org"", ""@type"": [""Pharmacy"", ""HealthAndBeautyBusiness"", ""Store""], ""name"": ""CVS Pharmacy"", ""alternateName"": [""CVS"", ""CVS Drug Store""], ""url"": ""https://www.cvs.com/store-locator/albany-ny-pharmacies/885-central-ave-albany-ny-12206/storeid=417"", ""logo"": ""https://www.cvs.com/content/dam/enterprise/headless/retail/nav/en/assets/logos/cvs-logo.svg"", ""image"": ""https://www.cvs.com/mobilelanding/storepickup/Landingpage-mobile-640_01.png"", ""telephone"": ""+15184594550"", ""priceRange"": ""$$"", ""paymentAccepted"": [""Cash"", ""Credit Card"", ""Debit Card"", ""Apple Pay"", ""Google Pay"", ""FSA"", ""HSA""], ""address"": {""@type"": ""PostalAddress"", ""streetAddress"": ""885 Central Ave."", ""addressLocality"": ""Albany"", ""addressRegion"": ""NY"", ""postalCode"": ""12206"", ""addressCountry"": ""US""}, ""geo"": {""@type"": ""GeoCoordinates"", ""latitude"": 42.68106, ""longitude"": -73.78952}, ""hasMap"": ""https://www.google.com/maps?daddr=885+CENTRAL+AVE.+ALBANY+NY+12206"", ""openingHoursSpecification"": [{""@type"": ""OpeningHoursSpecification"", ""dayOfWeek"": [""Monday"", ""Tuesday"", ""Wednesday"", ""Thursday"", ""Friday""], ""opens"": ""09:00"", ""closes"": ""21:00""}, {""@type"": ""OpeningHoursSpecification"", ""dayOfWeek"": ""Saturday"", ""opens"": ""09:00"", ""closes"": ""21:00""}, {""@type"": ""OpeningHoursSpecification"", ""dayOfWeek"": ""Sunday"", ""opens"": ""09:00"", ""closes"": ""21:00""}], ""department"": [{""@context"": ""https://schema.org"", ""@type"": ""Pharmacy"", ""name"": ""CVS Pharmacy Counter"", ""telephone"": ""+15184594550"", ""openingHoursSpecification"": [{""@type"": ""OpeningHoursSpecification"", ""dayOfWeek"": [""Monday"", ""Tuesday"", ""Wednesday"", ""Thursday"", ""Friday""], ""opens"": ""09:00"", ""closes"": ""18:00""}, {""@type"": ""OpeningHoursSpecification"", ""dayOfWeek"": ""Saturday"", ""opens"": ""09:00"", ""closes"": ""18:00""}, {""@type"": ""OpeningHoursSpecification"", ""dayOfWeek"": ""Sunday"", ""opens"": ""09:00"", ""closes"": ""18:00""}]}], ""amenityFeature"": [{""@type"": ""LocationFeatureSpecification"", ""name"": ""Wheelchair Accessible"", ""value"": true}], ""makesOffer"": [{""@type"": ""Offer"", ""itemOffered"": {""@type"": ""Service"", ""name"": ""COVID-19 Vaccinations"", ""serviceType"": ""Immunization""}}, {""@type"": ""Offer"", ""itemOffered"": {""@type"": ""Service"", ""name"": ""Flu Shots"", ""serviceType"": ""Immunization""}}, {""@type"": ""Offer"", ""itemOffered"": {""@type"": ""Service"", ""name"": ""Photo Printing"", ""serviceType"": ""Photo Service""}}], ""sameAs"": [""https://www.facebook.com/CVS"", ""https://twitter.com/cvspharmacy"", ""https://www.youtube.com/user/CVSPharmacyVideos"", ""https://www.instagram.com/cvspharmacy""]}"
5030,https://www.cvs.com/store-locator/albany-ny-pharmacies/stuyvesant-plaza-1475-western-ave-albany-ny-12203/storeid=5030,https://www.cvs.com/store-locator/albany-ny-pharmacies/stuyvesant-plaza-1475-western-ave-albany-ny-12203/storeid=5030,CVS Pharmacy,+15184828759,+15184828759,"Stuyvesant Plaza, 1475 Western Ave.",Albany,NY,12203,US,42.68353,-73.83863,https://www.google.com/maps?daddr=STUYVESANT+PLAZA+1475+WESTERN+AVE.+ALBANY+NY+12203,Mon: 08:00-22:00 | Tue: 08:00-22:00 | Wed: 08:00-22:00 | Thu: 08:00-22:00 | Fri: 08:00-22:00 | Sat: 08:00-22:00 | Sun: 08:00-22:00,CVS Pharmacy Counter: Mon: 08:00-18:00 | Tue: 08:00-18:00 | Wed: 08:00-18:00 | Thu: 08:00-18:00 | Fri: 08:00-18:00 | Sat: 09:00-18:00 | Sun: 10:00-18:00,"Wheelchair Accessible, UPS Access Point","COVID-19 vaccine, Flu shots, COVID-19 testing, In-store pickup, Photo, UPS access point, Pharmacy, Rx delivery, Accepts SNAP, OTC Health Solutions","https://www.facebook.com/CVS, https://twitter.com/cvspharmacy, https://www.youtube.com/user/CVSPharmacyVideos, https://www.instagram.com/cvspharmacy",ok,"{""@context"": ""https://schema.org"", ""@type"": [""Pharmacy"", ""HealthAndBeautyBusiness"", ""Store""], ""name"": ""CVS Pharmacy"", ""alternateName"": [""CVS"", ""CVS Drug Store""], ""url"": ""https://www.cvs.com/store-locator/albany-ny-pharmacies/stuyvesant-plaza-1475-western-ave-albany-ny-12203/storeid=5030"", ""logo"": ""https://www.cvs.com/content/dam/enterprise/headless/retail/nav/en/assets/logos/cvs-logo.svg"", ""image"": ""https://www.cvs.com/mobilelanding/storepickup/Landingpage-mobile-640_01.png"", ""telephone"": ""+15184828759"", ""priceRange"": ""$$"", ""paymentAccepted"": [""Cash"", ""Credit Card"", ""Debit Card"", ""Apple Pay"", ""Google Pay"", ""FSA"", ""HSA""], ""address"": {""@type"": ""PostalAddress"", ""streetAddress"": ""Stuyvesant Plaza, 1475 Western Ave."", ""addressLocality"": ""Albany"", ""addressRegion"": ""NY"", ""postalCode"": ""12203"", ""addressCountry"": ""US""}, ""geo"": {""@type"": ""GeoCoordinates"", ""latitude"": 42.68353, ""longitude"": -73.83863}, ""hasMap"": ""https://www.google.com/maps?daddr=STUYVESANT+PLAZA+1475+WESTERN+AVE.+ALBANY+NY+12203"", ""openingHoursSpecification"": [{""@type"": ""OpeningHoursSpecification"", ""dayOfWeek"": [""Monday"", ""Tuesday"", ""Wednesday"", ""Thursday"", ""Friday""], ""opens"": ""08:00"", ""closes"": ""22:00""}, {""@type"": ""OpeningHoursSpecification"", ""dayOfWeek"": ""Saturday"", ""opens"": ""08:00"", ""closes"": ""22:00""}, {""@type"": ""OpeningHoursSpecification"", ""dayOfWeek"": ""Sunday"", ""opens"": ""08:00"", ""closes"": ""22:00""}], ""department"": [{""@context"": ""https://schema.org"", ""@type"": ""Pharmacy"", ""name"": ""CVS Pharmacy Counter"", ""telephone"": ""+15184828759"", ""openingHoursSpecification"": [{""@type"": ""OpeningHoursSpecification"", ""dayOfWeek"": [""Monday"", ""Tuesday"", ""Wednesday"", ""Thursday"", ""Friday""], ""opens"": ""08:00"", ""closes"": ""18:00""}, {""@type"": ""OpeningHoursSpecification"", ""dayOfWeek"": ""Saturday"", ""opens"": ""09:00"", ""closes"": ""18:00""}, {""@type"": ""OpeningHoursSpecification"", ""dayOfWeek"": ""Sunday"", ""opens"": ""10:00"", ""closes"": ""18:00""}]}], ""amenityFeature"": [{""@type"": ""LocationFeatureSpecification"", ""name"": ""Wheelchair Accessible"", ""value"": true}, {""@type"": ""LocationFeatureSpecification"", ""name"": ""UPS Access Point"", ""value"": true}], ""makesOffer"": [{""@type"": ""Offer"", ""itemOffered"": {""@type"": ""Service"", ""name"": ""COVID-19 vaccine""}}, {""@type"": ""Offer"", ""itemOffered"": {""@type"": ""Service"", ""name"": ""Flu shots""}}, {""@type"": ""Offer"", ""itemOffered"": {""@type"": ""Service"", ""name"": ""COVID-19 testing""}}, {""@type"": ""Offer"", ""itemOffered"": {""@type"": ""Service"", ""name"": ""In-store pickup""}}, {""@type"": ""Offer"", ""itemOffered"": {""@type"": ""Service"", ""name"": ""Photo""}}, {""@type"": ""Offer"", ""itemOffered"": {""@type"": ""Service"", ""name"": ""UPS access point""}}, {""@type"": ""Offer"", ""itemOffered"": {""@type"": ""Service"", ""name"": ""Pharmacy""}}, {""@type"": ""Offer"", ""itemOffered"": {""@type"": ""Service"", ""name"": ""Rx delivery""}}, {""@type"": ""Offer"", ""itemOffered"": {""@type"": ""Service"", ""name"": ""Accepts SNAP""}}, {""@type"": ""Offer"", ""itemOffered"": {""@type"": ""Service"", ""name"": ""OTC Health Solutions""}}], ""sameAs"": [""https://www.facebook.com/CVS"", ""https://twitter.com/cvspharmacy"", ""https://www.youtube.com/user/CVSPharmacyVideos"", ""https://www.instagram.com/cvspharmacy""]}"
3813,https://www.cvs.com/store-locator/albemarle-nc-pharmacies/835-nc-24-27-bypass-e-albemarle-nc-28001/storeid=3813,https://www.cvs.com/store-locator/albemarle-nc-pharmacies/835-nc-24-27-bypass-e-albemarle-nc-28001/storeid=3813,CVS Pharmacy,+17049832192,+17049832192,835 Nc 24 27 Bypass E,Albemarle,NC,28001,US,35.3483,-80.1683,https://www.google.com/maps?daddr=835+NC+24+27+BYPASS+E+ALBEMARLE+NC+28001,Mon: 09:00-20:00 | Tue: 09:00-20:00 | Wed: 09:00-20:00 | Thu: 09:00-20:00 | Fri: 09:00-20:00 | Sat: 10:00-18:00 | Sun: 10:00-18:00,CVS Pharmacy Counter: Mon: 09:00-18:00 | Tue: 09:00-18:00 | Wed: 09:00-18:00 | Thu: 09:00-18:00 | Fri: 09:00-18:00 | Sat: 10:00-18:00 | Sun: 10:00-18:00,"Wheelchair Accessible, UPS Access Point","COVID-19 Vaccinations, Flu Shots, Photo Printing","https://www.facebook.com/CVS, https://twitter.com/cvspharmacy, https://www.youtube.com/user/CVSPharmacyVideos, https://www.instagram.com/cvspharmacy",ok,"{""@context"": ""https://schema.org"", ""@type"": [""Pharmacy"", ""HealthAndBeautyBusiness"", ""Store""], ""name"": ""CVS Pharmacy"", ""alternateName"": [""CVS"", ""CVS Drug Store""], ""url"": ""https://www.cvs.com/store-locator/albemarle-nc-pharmacies/835-nc-24-27-bypass-e-albemarle-nc-28001/storeid=3813"", ""logo"": ""https://www.cvs.com/content/dam/enterprise/headless/retail/nav/en/assets/logos/cvs-logo.svg"", ""image"": ""https://www.cvs.com/mobilelanding/storepickup/Landingpage-mobile-640_01.png"", ""telephone"": ""+17049832192"", ""priceRange"": ""$$"", ""paymentAccepted"": [""Cash"", ""Credit Card"", ""Debit Card"", ""Apple Pay"", ""Google Pay"", ""FSA"", ""HSA""], ""address"": {""@type"": ""PostalAddress"", ""streetAddress"": ""835 Nc 24 27 Bypass E"", ""addressLocality"": ""Albemarle"", ""addressRegion"": ""NC"", ""postalCode"": ""28001"", ""addressCountry"": ""US""}, ""geo"": {""@type"": ""GeoCoordinates"", ""latitude"": 35.3483, ""longitude"": -80.1683}, ""hasMap"": ""https://www.google.com/maps?daddr=835+NC+24+27+BYPASS+E+ALBEMARLE+NC+28001"", ""openingHoursSpecification"": [{""@type"": ""OpeningHoursSpecification"", ""dayOfWeek"": [""Monday"", ""Tuesday"", ""Wednesday"", ""Thursday"", ""Friday""], ""opens"": ""09:00"", ""closes"": ""20:00""}, {""@type"": ""OpeningHoursSpecification"", ""dayOfWeek"": ""Saturday"", ""opens"": ""10:00"", ""closes"": ""18:00""}, {""@type"": ""OpeningHoursSpecification"", ""dayOfWeek"": ""Sunday"", ""opens"": ""10:00"", ""closes"": ""18:00""}], ""department"": [{""@context"": ""https://schema.org"", ""@type"": ""Pharmacy"", ""name"": ""CVS Pharmacy Counter"", ""telephone"": ""+17049832192"", ""openingHoursSpecification"": [{""@type"": ""OpeningHoursSpecification"", ""dayOfWeek"": [""Monday"", ""Tuesday"", ""Wednesday"", ""Thursday"", ""Friday""], ""opens"": ""09:00"", ""closes"": ""18:00""}, {""@type"": ""OpeningHoursSpecification"", ""dayOfWeek"": ""Saturday"", ""opens"": ""10:00"", ""closes"": ""18:00""}, {""@type"": ""OpeningHoursSpecification"", ""dayOfWeek"": ""Sunday"", ""opens"": ""10:00"", ""closes"": ""18:00""}]}], ""amenityFeature"": [{""@type"": ""LocationFeatureSpecification"", ""name"": ""Wheelchair Accessible"", ""value"": true}, {""@type"": ""LocationFeatureSpecification"", ""name"": ""UPS Access Point"", ""value"": true}], ""makesOffer"": [{""@type"": ""Offer"", ""itemOffered"": {""@type"": ""Service"", ""name"": ""COVID-19 Vaccinations"", ""serviceType"": ""Immunization""}}, {""@type"": ""Offer"", ""itemOffered"": {""@type"": ""Service"", ""name"": ""Flu Shots"", ""serviceType"": ""Immunization""}}, {""@type"": ""Offer"", ""itemOffered"": {""@type"": ""Service"", ""name"": ""Photo Printing"", ""serviceType"": ""Photo Service""}}], ""sameAs"": [""https://www.facebook.com/CVS"", ""https://twitter.com/cvspharmacy"", ""https://www.youtube.com/user/CVSPharmacyVideos"", ""https://www.instagram.com/cvspharmacy""]}"
16155,https://www.cvs.com/store-locator/albany-or-pharmacies/2255-14th-ave-se-albany-or-97322/storeid=16155,https://www.cvs.com/store-locator/albany-or-pharmacies/2255-14th-ave-se-albany-or-97322/storeid=16155,CVS Pharmacy,+15417919566,+15417919566,2255 14Th Ave Se,Albany,OR,97322,US,44.63,-123.0787,https://www.google.com/maps?daddr=2255+14TH+AVE+SE+ALBANY+OR+97322,,CVS Pharmacy Counter: Mon: 09:00-18:00 | Tue: 09:00-18:00 | Wed: 09:00-18:00 | Thu: 09:00-18:00 | Fri: 09:00-18:00 | Sat: 10:00-18:00 | Sun: 11:00-17:00,Wheelchair Accessible,"COVID-19 Vaccinations, Flu Shots, Photo Printing","https://www.facebook.com/CVS, https://twitter.com/cvspharmacy, https://www.youtube.com/user/CVSPharmacyVideos, https://www.instagram.com/cvspharmacy",ok,"{""@context"": ""https://schema.org"", ""@type"": [""Pharmacy""], ""name"": ""CVS Pharmacy"", ""alternateName"": [""CVS"", ""CVS Drug Store""], ""url"": ""https://www.cvs.com/store-locator/albany-or-pharmacies/2255-14th-ave-se-albany-or-97322/storeid=16155"", ""logo"": ""https://www.cvs.com/content/dam/enterprise/headless/retail/nav/en/assets/logos/cvs-logo.svg"", ""image"": ""https://www.cvs.com/mobilelanding/storepickup/Landingpage-mobile-640_01.png"", ""telephone"": ""+15417919566"", ""priceRange"": ""$$"", ""paymentAccepted"": [""Cash"", ""Credit Card"", ""Debit Card"", ""Apple Pay"", ""Google Pay"", ""FSA"", ""HSA""], ""address"": {""@type"": ""PostalAddress"", ""streetAddress"": ""2255 14Th Ave Se"", ""addressLocality"": ""Albany"", ""addressRegion"": ""OR"", ""postalCode"": ""97322"", ""addressCountry"": ""US""}, ""geo"": {""@type"": ""GeoCoordinates"", ""latitude"": 44.63, ""longitude"": -123.0787}, ""hasMap"": ""https://www.google.com/maps?daddr=2255+14TH+AVE+SE+ALBANY+OR+97322"", ""department"": [{""@context"": ""https://schema.org"", ""@type"": ""Pharmacy"", ""name"": ""CVS Pharmacy Counter"", ""telephone"": ""+15417919566"", ""openingHoursSpecification"": [{""@type"": ""OpeningHoursSpecification"", ""dayOfWeek"": [""Monday"", ""Tuesday"", ""Wednesday"", ""Thursday"", ""Friday""], ""opens"": ""09:00"", ""closes"": ""18:00""}, {""@type"": ""OpeningHoursSpecification"", ""dayOfWeek"": ""Saturday"", ""opens"": ""10:00"", ""closes"": ""18:00""}, {""@type"": ""OpeningHoursSpecification"", ""dayOfWeek"": ""Sunday"", ""opens"": ""11:00"", ""closes"": ""17:00""}]}], ""amenityFeature"": [{""@type"": ""LocationFeatureSpecification"", ""name"": ""Wheelchair Accessible"", ""value"": true}], ""makesOffer"": [{""@type"": ""Offer"", ""itemOffered"": {""@type"": ""Service"", ""name"": ""COVID-19 Vaccinations"", ""serviceType"": ""Immunization""}}, {""@type"": ""Offer"", ""itemOffered"": {""@type"": ""Service"", ""name"": ""Flu Shots"", ""serviceType"": ""Immunization""}}, {""@type"": ""Offer"", ""itemOffered"": {""@type"": ""Service"", ""name"": ""Photo Printing"", ""serviceType"": ""Photo Service""}}], ""sameAs"": [""https://www.facebook.com/CVS"", ""https://twitter.com/cvspharmacy"", ""https://www.youtube.com/user/CVSPharmacyVideos"", ""https://www.instagram.com/cvspharmacy""]}"
4910,https://www.cvs.com/store-locator/albertville-al-pharmacies/6181-us-hwy-431-albertville-al-35950/storeid=4910,https://www.cvs.com/store-locator/albertville-al-pharmacies/6181-us-hwy-431-albertville-al-35950/storeid=4910,CVS Pharmacy,+12568783502,+12568783502,6181 Us Hwy 431,Albertville,AL,35950,US,34.26589,-86.19331,https://www.google.com/maps?daddr=6181+US+HWY+431+ALBERTVILLE+AL+35950,Mon: 08:00-21:00 | Tue: 08:00-21:00 | Wed: 08:00-21:00 | Thu: 08:00-21:00 | Fri: 08:00-21:00 | Sat: 09:00-21:00 | Sun: 09:00-19:00,CVS Pharmacy Counter: Mon: 08:00-18:00 | Tue: 08:00-18:00 | Wed: 08:00-18:00 | Thu: 08:00-18:00 | Fri: 08:00-18:00 | Sat: 09:00-18:00 | Sun: 10:00-18:00,"Wheelchair Accessible, UPS Access Point","COVID-19 Vaccinations, Flu Shots, Photo Printing","https://www.facebook.com/CVS, https://twitter.com/cvspharmacy, https://www.youtube.com/user/CVSPharmacyVideos, https://www.instagram.com/cvspharmacy",ok,"{""@context"": ""https://schema.org"", ""@type"": [""Pharmacy"", ""HealthAndBeautyBusiness"", ""Store""], ""name"": ""CVS Pharmacy"", ""alternateName"": [""CVS"", ""CVS Drug Store""], ""url"": ""https://www.cvs.com/store-locator/albertville-al-pharmacies/6181-us-hwy-431-albertville-al-35950/storeid=4910"", ""logo"": ""https://www.cvs.com/content/dam/enterprise/headless/retail/nav/en/assets/logos/cvs-logo.svg"", ""image"": ""https://www.cvs.com/mobilelanding/storepickup/Landingpage-mobile-640_01.png"", ""telephone"": ""+12568783502"", ""priceRange"": ""$$"", ""paymentAccepted"": [""Cash"", ""Credit Card"", ""Debit Card"", ""Apple Pay"", ""Google Pay"", ""FSA"", ""HSA""], ""address"": {""@type"": ""PostalAddress"", ""streetAddress"": ""6181 Us Hwy 431"", ""addressLocality"": ""Albertville"", ""addressRegion"": ""AL"", ""postalCode"": ""35950"", ""addressCountry"": ""US""}, ""geo"": {""@type"": ""GeoCoordinates"", ""latitude"": 34.26589, ""longitude"": -86.19331}, ""hasMap"": ""https://www.google.com/maps?daddr=6181+US+HWY+431+ALBERTVILLE+AL+35950"", ""openingHoursSpecification"": [{""@type"": ""OpeningHoursSpecification"", ""dayOfWeek"": [""Monday"", ""Tuesday"", ""Wednesday"", ""Thursday"", ""Friday""], ""opens"": ""08:00"", ""closes"": ""21:00""}, {""@type"": ""OpeningHoursSpecification"", ""dayOfWeek"": ""Saturday"", ""opens"": ""09:00"", ""closes"": ""21:00""}, {""@type"": ""OpeningHoursSpecification"", ""dayOfWeek"": ""Sunday"", ""opens"": ""09:00"", ""closes"": ""19:00""}], ""department"": [{""@context"": ""https://schema.org"", ""@type"": ""Pharmacy"", ""name"": ""CVS Pharmacy Counter"", ""telephone"": ""+12568783502"", ""openingHoursSpecification"": [{""@type"": ""OpeningHoursSpecification"", ""dayOfWeek"": [""Monday"", ""Tuesday"", ""Wednesday"", ""Thursday"", ""Friday""], ""opens"": ""08:00"", ""closes"": ""18:00""}, {""@type"": ""OpeningHoursSpecification"", ""dayOfWeek"": ""Saturday"", ""opens"": ""09:00"", ""closes"": ""18:00""}, {""@type"": ""OpeningHoursSpecification"", ""dayOfWeek"": ""Sunday"", ""opens"": ""10:00"", ""closes"": ""18:00""}]}], ""amenityFeature"": [{""@type"": ""LocationFeatureSpecification"", ""name"": ""Wheelchair Accessible"", ""value"": true}, {""@type"": ""LocationFeatureSpecification"", ""name"": ""UPS Access Point"", ""value"": true}], ""makesOffer"": [{""@type"": ""Offer"", ""itemOffered"": {""@type"": ""Service"", ""name"": ""COVID-19 Vaccinations"", ""serviceType"": ""Immunization""}}, {""@type"": ""Offer"", ""itemOffered"": {""@type"": ""Service"", ""name"": ""Flu Shots"", ""serviceType"": ""Immunization""}}, {""@type"": ""Offer"", ""itemOffered"": {""@type"": ""Service"", ""name"": ""Photo Printing"", ""serviceType"": ""Photo Service""}}], ""sameAs"": [""https://www.facebook.com/CVS"", ""https://twitter.com/cvspharmacy"", ""https://www.youtube.com/user/CVSPharmacyVideos"", ""https://www.instagram.com/cvspharmacy""]}"
16135,https://www.cvs.com/store-locator/albuquerque-nm-pharmacies/11120-lomas-blvd-ne-albuquerque-nm-87112/storeid=16135,https://www.cvs.com/store-locator/albuquerque-nm-pharmacies/11120-lomas-blvd-ne-albuquerque-nm-87112/storeid=16135,CVS Pharmacy,+15053460193,+15053460193,11120 Lomas Blvd Ne,Albuquerque,NM,87112,US,35.08575,-106.52711,https://www.google.com/maps?daddr=11120+LOMAS+BLVD+NE+ALBUQUERQUE+NM+87112,,CVS Pharmacy Counter: Mon: 10:00-17:00 | Tue: 10:00-17:00 | Wed: 10:00-17:00 | Thu: 10:00-17:00 | Fri: 10:00-17:00 | Sat: 11:00-17:00 | Sun: 11:00-17:00,Wheelchair Accessible,"COVID-19 Vaccinations, Flu Shots, Photo Printing","https://www.facebook.com/CVS, https://twitter.com/cvspharmacy, https://www.youtube.com/user/CVSPharmacyVideos, https://www.instagram.com/cvspharmacy",ok,"{""@context"": ""https://schema.org"", ""@type"": [""Pharmacy""], ""name"": ""CVS Pharmacy"", ""alternateName"": [""CVS"", ""CVS Drug Store""], ""url"": ""https://www.cvs.com/store-locator/albuquerque-nm-pharmacies/11120-lomas-blvd-ne-albuquerque-nm-87112/storeid=16135"", ""logo"": ""https://www.cvs.com/content/dam/enterprise/headless/retail/nav/en/assets/logos/cvs-logo.svg"", ""image"": ""https://www.cvs.com/mobilelanding/storepickup/Landingpage-mobile-640_01.png"", ""telephone"": ""+15053460193"", ""priceRange"": ""$$"", ""paymentAccepted"": [""Cash"", ""Credit Card"", ""Debit Card"", ""Apple Pay"", ""Google Pay"", ""FSA"", ""HSA""], ""address"": {""@type"": ""PostalAddress"", ""streetAddress"": ""11120 Lomas Blvd Ne"", ""addressLocality"": ""Albuquerque"", ""addressRegion"": ""NM"", ""postalCode"": ""87112"", ""addressCountry"": ""US""}, ""geo"": {""@type"": ""GeoCoordinates"", ""latitude"": 35.08575, ""longitude"": -106.52711}, ""hasMap"": ""https://www.google.com/maps?daddr=11120+LOMAS+BLVD+NE+ALBUQUERQUE+NM+87112"", ""department"": [{""@context"": ""https://schema.org"", ""@type"": ""Pharmacy"", ""name"": ""CVS Pharmacy Counter"", ""telephone"": ""+15053460193"", ""openingHoursSpecification"": [{""@type"": ""OpeningHoursSpecification"", ""dayOfWeek"": [""Monday"", ""Tuesday"", ""Wednesday"", ""Thursday"", ""Friday""], ""opens"": ""10:00"", ""closes"": ""17:00""}, {""@type"": ""OpeningHoursSpecification"", ""dayOfWeek"": ""Saturday"", ""opens"": ""11:00"", ""closes"": ""17:00""}, {""@type"": ""OpeningHoursSpecification"", ""dayOfWeek"": ""Sunday"", ""opens"": ""11:00"", ""closes"": ""17:00""}]}], ""amenityFeature"": [{""@type"": ""LocationFeatureSpecification"", ""name"": ""Wheelchair Accessible"", ""value"": true}], ""makesOffer"": [{""@type"": ""Offer"", ""itemOffered"": {""@type"": ""Service"", ""name"": ""COVID-19 Vaccinations"", ""serviceType"": ""Immunization""}}, {""@type"": ""Offer"", ""itemOffered"": {""@type"": ""Service"", ""name"": ""Flu Shots"", ""serviceType"": ""Immunization""}}, {""@type"": ""Offer"", ""itemOffered"": {""@type"": ""Service"", ""name"": ""Photo Printing"", ""serviceType"": ""Photo Service""}}], ""sameAs"": [""https://www.facebook.com/CVS"", ""https://twitter.com/cvspharmacy"", ""https://www.youtube.com/user/CVSPharmacyVideos"", ""https://www.instagram.com/cvspharmacy""]}"
5494,https://www.cvs.com/store-locator/albuquerque-nm-pharmacies/1500-tramway-blvd-ne-albuquerque-nm-87112/storeid=5494,https://www.cvs.com/store-locator/albuquerque-nm-pharmacies/1500-tramway-blvd-ne-albuquerque-nm-87112/storeid=5494,CVS Pharmacy,+15052964803,+15052964803,"1500 Tramway Blvd., Ne",Albuquerque,NM,87112,US,35.09549,-106.49669,https://www.google.com/maps?daddr=1500+TRAMWAY+BLVD.+NE+ALBUQUERQUE+NM+87112,Mon: 08:00-22:00 | Tue: 08:00-22:00 | Wed: 08:00-22:00 | Thu: 08:00-22:00 | Fri: 08:00-22:00 | Sat: 08:00-22:00 | Sun: 08:00-22:00,CVS Pharmacy Counter: Mon: 09:00-18:00 | Tue: 09:00-18:00 | Wed: 09:00-18:00 | Thu: 09:00-18:00 | Fri: 09:00-18:00 | Sat: 10:00-18:00 | Sun: 11:00-17:00,"Wheelchair Accessible, UPS Access Point","COVID-19 vaccine, Flu shots, COVID-19 testing, In-store pickup, Immunizations, Photo, UPS access point, Rx in-store pickup, Pharmacy, Rx delivery, Accepts SNAP, OTC Health Solutions, ATM inside","https://www.facebook.com/CVS, https://twitter.com/cvspharmacy, https://www.youtube.com/user/CVSPharmacyVideos, https://www.instagram.com/cvspharmacy",ok,"{""@context"": ""https://schema.org"", ""@type"": [""Pharmacy"", ""HealthAndBeautyBusiness"", ""Store""], ""name"": ""CVS Pharmacy"", ""alternateName"": [""CVS"", ""CVS Drug Store""], ""url"": ""https://www.cvs.com/store-locator/albuquerque-nm-pharmacies/1500-tramway-blvd-ne-albuquerque-nm-87112/storeid=5494"", ""logo"": ""https://www.cvs.com/content/dam/enterprise/headless/retail/nav/en/assets/logos/cvs-logo.svg"", ""image"": ""https://www.cvs.com/mobilelanding/storepickup/Landingpage-mobile-640_01.png"", ""telephone"": ""+15052964803"", ""priceRange"": ""$$"", ""paymentAccepted"": [""Cash"", ""Credit Card"", ""Debit Card"", ""Apple Pay"", ""Google Pay"", ""FSA"", ""HSA""], ""address"": {""@type"": ""PostalAddress"", ""streetAddress"": ""1500 Tramway Blvd., Ne"", ""addressLocality"": ""Albuquerque"", ""addressRegion"": ""NM"", ""postalCode"": ""87112"", ""addressCountry"": ""US""}, ""geo"": {""@type"": ""GeoCoordinates"", ""latitude"": 35.09549, ""longitude"": -106.49669}, ""hasMap"": ""https://www.google.com/maps?daddr=1500+TRAMWAY+BLVD.+NE+ALBUQUERQUE+NM+87112"", ""openingHoursSpecification"": [{""@type"": ""OpeningHoursSpecification"", ""dayOfWeek"": [""Monday"", ""Tuesday"", ""Wednesday"", ""Thursday"", ""Friday""], ""opens"": ""08:00"", ""closes"": ""22:00""}, {""@type"": ""OpeningHoursSpecification"", ""dayOfWeek"": ""Saturday"", ""opens"": ""08:00"", ""closes"": ""22:00""}, {""@type"": ""OpeningHoursSpecification"", ""dayOfWeek"": ""Sunday"", ""opens"": ""08:00"", ""closes"": ""22:00""}], ""department"": [{""@context"": ""https://schema.org"", ""@type"": ""Pharmacy"", ""name"": ""CVS Pharmacy Counter"", ""telephone"": ""+15052964803"", ""openingHoursSpecification"": [{""@type"": ""OpeningHoursSpecification"", ""dayOfWeek"": [""Monday"", ""Tuesday"", ""Wednesday"", ""Thursday"", ""Friday""], ""opens"": ""09:00"", ""closes"": ""18:00""}, {""@type"": ""OpeningHoursSpecification"", ""dayOfWeek"": ""Saturday"", ""opens"": ""10:00"", ""closes"": ""18:00""}, {""@type"": ""OpeningHoursSpecification"", ""dayOfWeek"": ""Sunday"", ""opens"": ""11:00"", ""closes"": ""17:00""}]}], ""amenityFeature"": [{""@type"": ""LocationFeatureSpecification"", ""name"": ""Wheelchair Accessible"", ""value"": true}, {""@type"": ""LocationFeatureSpecification"", ""name"": ""UPS Access Point"", ""value"": true}], ""makesOffer"": [{""@type"": ""Offer"", ""itemOffered"": {""@type"": ""Service"", ""name"": ""COVID-19 vaccine""}}, {""@type"": ""Offer"", ""itemOffered"": {""@type"": ""Service"", ""name"": ""Flu shots""}}, {""@type"": ""Offer"", ""itemOffered"": {""@type"": ""Service"", ""name"": ""COVID-19 testing""}}, {""@type"": ""Offer"", ""itemOffered"": {""@type"": ""Service"", ""name"": ""In-store pickup""}}, {""@type"": ""Offer"", ""itemOffered"": {""@type"": ""Service"", ""name"": ""Immunizations""}}, {""@type"": ""Offer"", ""itemOffered"": {""@type"": ""Service"", ""name"": ""Photo""}}, {""@type"": ""Offer"", ""itemOffered"": {""@type"": ""Service"", ""name"": ""UPS access point""}}, {""@type"": ""Offer"", ""itemOffered"": {""@type"": ""Service"", ""name"": ""Rx in-store pickup""}}, {""@type"": ""Offer"", ""itemOffered"": {""@type"": ""Service"", ""name"": ""Pharmacy""}}, {""@type"": ""Offer"", ""itemOffered"": {""@type"": ""Service"", ""name"": ""Rx delivery""}}, {""@type"": ""Offer"", ""itemOffered"": {""@type"": ""Service"", ""name"": ""Accepts SNAP""}}, {""@type"": ""Offer"", ""itemOffered"": {""@type"": ""Service"", ""name"": ""OTC Health Solutions""}}, {""@type"": ""Offer"", ""itemOffered"": {""@type"": ""Service"", ""name"": ""ATM inside""}}], ""sameAs"": [""https://www.facebook.com/CVS"", ""https://twitter.com/cvspharmacy"", ""https://www.youtube.com/user/CVSPharmacyVideos"", ""https://www.instagram.com/cvspharmacy""]}"
17650,https://www.cvs.com/store-locator/albuquerque-nm-pharmacies/2120-louisiana-blvd-ne-albuquerque-nm-87110/storeid=17650,https://www.cvs.com/store-locator/albuquerque-nm-pharmacies/2120-louisiana-blvd-ne-albuquerque-nm-87110/storeid=17650,CVS Pharmacy,+15052003235,+15052003235,2120 Louisiana Blvd Ne,Albuquerque,NM,87110,US,35.10102,-106.56772,https://www.google.com/maps?daddr=2120+LOUISIANA+BLVD+NE+ALBUQUERQUE+NM+87110,,CVS Pharmacy Counter: Mon: 10:00-17:00 | Tue: 10:00-17:00 | Wed: 10:00-17:00 | Thu: 10:00-17:00 | Fri: 10:00-17:00 | Sat: 12:00 PM-17:00 | Sun: 00:00-00:00,Wheelchair Accessible,"COVID-19 Vaccinations, Flu Shots, Photo Printing","https://www.facebook.com/CVS, https://twitter.com/cvspharmacy, https://www.youtube.com/user/CVSPharmacyVideos, https://www.instagram.com/cvspharmacy",ok,"{""@context"": ""https://schema.org"", ""@type"": [""Pharmacy""], ""name"": ""CVS Pharmacy"", ""alternateName"": [""CVS"", ""CVS Drug Store""], ""url"": ""https://www.cvs.com/store-locator/albuquerque-nm-pharmacies/2120-louisiana-blvd-ne-albuquerque-nm-87110/storeid=17650"", ""logo"": ""https://www.cvs.com/content/dam/enterprise/headless/retail/nav/en/assets/logos/cvs-logo.svg"", ""image"": ""https://www.cvs.com/mobilelanding/storepickup/Landingpage-mobile-640_01.png"", ""telephone"": ""+15052003235"", ""priceRange"": ""$$"", ""paymentAccepted"": [""Cash"", ""Credit Card"", ""Debit Card"", ""Apple Pay"", ""Google Pay"", ""FSA"", ""HSA""], ""address"": {""@type"": ""PostalAddress"", ""streetAddress"": ""2120 Louisiana Blvd Ne"", ""addressLocality"": ""Albuquerque"", ""addressRegion"": ""NM"", ""postalCode"": ""87110"", ""addressCountry"": ""US""}, ""geo"": {""@type"": ""GeoCoordinates"", ""latitude"": 35.10102, ""longitude"": -106.56772}, ""hasMap"": ""https://www.google.com/maps?daddr=2120+LOUISIANA+BLVD+NE+ALBUQUERQUE+NM+87110"", ""department"": [{""@context"": ""https://schema.org"", ""@type"": ""Pharmacy"", ""name"": ""CVS Pharmacy Counter"", ""telephone"": ""+15052003235"", ""openingHoursSpecification"": [{""@type"": ""OpeningHoursSpecification"", ""dayOfWeek"": [""Monday"", ""Tuesday"", ""Wednesday"", ""Thursday"", ""Friday""], ""opens"": ""10:00"", ""closes"": ""17:00""}, {""@type"": ""OpeningHoursSpecification"", ""dayOfWeek"": ""Saturday"", ""opens"": ""12:00 PM"", ""closes"": ""17:00""}, {""@type"": ""OpeningHoursSpecification"", ""dayOfWeek"": ""Sunday"", ""opens"": ""00:00"", ""closes"": ""00:00""}]}], ""amenityFeature"": [{""@type"": ""LocationFeatureSpecification"", ""name"": ""Wheelchair Accessible"", ""value"": true}], ""makesOffer"": [{""@type"": ""Offer"", ""itemOffered"": {""@type"": ""Service"", ""name"": ""COVID-19 Vaccinations"", ""serviceType"": ""Immunization""}}, {""@type"": ""Offer"", ""itemOffered"": {""@type"": ""Service"", ""name"": ""Flu Shots"", ""serviceType"": ""Immunization""}}, {""@type"": ""Offer"", ""itemOffered"": {""@type"": ""Service"", ""name"": ""Photo Printing"", ""serviceType"": ""Photo Service""}}], ""sameAs"": [""https://www.facebook.com/CVS"", ""https://twitter.com/cvspharmacy"", ""https://www.youtube.com/user/CVSPharmacyVideos"", ""https://www.instagram.com/cvspharmacy""]}"
7242,https://www.cvs.com/store-locator/albuquerque-nm-pharmacies/4201-montano-rd-nw-albuquerque-nm-87120/storeid=7242,https://www.cvs.com/store-locator/albuquerque-nm-pharmacies/4201-montano-rd-nw-albuquerque-nm-87120/storeid=7242,CVS Pharmacy,+15059224997,+15059224997,"4201 Montano Rd., Nw",Albuquerque,NM,87120,US,35.15044,-106.68659,https://www.google.com/maps?daddr=4201+MONTANO+RD.+NW+ALBUQUERQUE+NM+87120,Mon: 07:00-22:00 | Tue: 07:00-22:00 | Wed: 07:00-22:00 | Thu: 07:00-22:00 | Fri: 07:00-22:00 | Sat: 07:00-22:00 | Sun: 07:00-22:00,CVS Pharmacy Counter: Mon: 09:00-18:00 | Tue: 09:00-18:00 | Wed: 09:00-18:00 | Thu: 09:00-18:00 | Fri: 09:00-18:00 | Sat: 09:00-18:00 | Sun: 10:00-18:00,"Wheelchair Accessible, UPS Access Point","COVID-19 vaccine, Flu shots, COVID-19 testing, In-store pickup, Immunizations, Photo, UPS access point, Pharmacy, Rx delivery, Accepts SNAP, OTC Health Solutions, ATM inside","https://www.facebook.com/CVS, https://twitter.com/cvspharmacy, https://www.youtube.com/user/CVSPharmacyVideos, https://www.instagram.com/cvspharmacy",ok,"{""@context"": ""https://schema.org"", ""@type"": [""Pharmacy"", ""HealthAndBeautyBusiness"", ""Store""], ""name"": ""CVS Pharmacy"", ""alternateName"": [""CVS"", ""CVS Drug Store""], ""url"": ""https://www.cvs.com/store-locator/albuquerque-nm-pharmacies/4201-montano-rd-nw-albuquerque-nm-87120/storeid=7242"", ""logo"": ""https://www.cvs.com/content/dam/enterprise/headless/retail/nav/en/assets/logos/cvs-logo.svg"", ""image"": ""https://www.cvs.com/mobilelanding/storepickup/Landingpage-mobile-640_01.png"", ""telephone"": ""+15059224997"", ""priceRange"": ""$$"", ""paymentAccepted"": [""Cash"", ""Credit Card"", ""Debit Card"", ""Apple Pay"", ""Google Pay"", ""FSA"", ""HSA""], ""address"": {""@type"": ""PostalAddress"", ""streetAddress"": ""4201 Montano Rd., Nw"", ""addressLocality"": ""Albuquerque"", ""addressRegion"": ""NM"", ""postalCode"": ""87120"", ""addressCountry"": ""US""}, ""geo"": {""@type"": ""GeoCoordinates"", ""latitude"": 35.15044, ""longitude"": -106.68659}, ""hasMap"": ""https://www.google.com/maps?daddr=4201+MONTANO+RD.+NW+ALBUQUERQUE+NM+87120"", ""openingHoursSpecification"": [{""@type"": ""OpeningHoursSpecification"", ""dayOfWeek"": [""Monday"", ""Tuesday"", ""Wednesday"", ""Thursday"", ""Friday""], ""opens"": ""07:00"", ""closes"": ""22:00""}, {""@type"": ""OpeningHoursSpecification"", ""dayOfWeek"": ""Saturday"", ""opens"": ""07:00"", ""closes"": ""22:00""}, {""@type"": ""OpeningHoursSpecification"", ""dayOfWeek"": ""Sunday"", ""opens"": ""07:00"", ""closes"": ""22:00""}], ""department"": [{""@context"": ""https://schema.org"", ""@type"": ""Pharmacy"", ""name"": ""CVS Pharmacy Counter"", ""telephone"": ""+15059224997"", ""openingHoursSpecification"": [{""@type"": ""OpeningHoursSpecification"", ""dayOfWeek"": [""Monday"", ""Tuesday"", ""Wednesday"", ""Thursday"", ""Friday""], ""opens"": ""09:00"", ""closes"": ""18:00""}, {""@type"": ""OpeningHoursSpecification"", ""dayOfWeek"": ""Saturday"", ""opens"": ""09:00"", ""closes"": ""18:00""}, {""@type"": ""OpeningHoursSpecification"", ""dayOfWeek"": ""Sunday"", ""opens"": ""10:00"", ""closes"": ""18:00""}]}], ""amenityFeature"": [{""@type"": ""LocationFeatureSpecification"", ""name"": ""Wheelchair Accessible"", ""value"": true}, {""@type"": ""LocationFeatureSpecification"", ""name"": ""UPS Access Point"", ""value"": true}], ""makesOffer"": [{""@type"": ""Offer"", ""itemOffered"": {""@type"": ""Service"", ""name"": ""COVID-19 vaccine""}}, {""@type"": ""Offer"", ""itemOffered"": {""@type"": ""Service"", ""name"": ""Flu shots""}}, {""@type"": ""Offer"", ""itemOffered"": {""@type"": ""Service"", ""name"": ""COVID-19 testing""}}, {""@type"": ""Offer"", ""itemOffered"": {""@type"": ""Service"", ""name"": ""In-store pickup""}}, {""@type"": ""Offer"", ""itemOffered"": {""@type"": ""Service"", ""name"": ""Immunizations""}}, {""@type"": ""Offer"", ""itemOffered"": {""@type"": ""Service"", ""name"": ""Photo""}}, {""@type"": ""Offer"", ""itemOffered"": {""@type"": ""Service"", ""name"": ""UPS access point""}}, {""@type"": ""Offer"", ""itemOffered"": {""@type"": ""Service"", ""name"": ""Pharmacy""}}, {""@type"": ""Offer"", ""itemOffered"": {""@type"": ""Service"", ""name"": ""Rx delivery""}}, {""@type"": ""Offer"", ""itemOffered"": {""@type"": ""Service"", ""name"": ""Accepts SNAP""}}, {""@type"": ""Offer"", ""itemOffered"": {""@type"": ""Service"", ""name"": ""OTC Health Solutions""}}, {""@type"": ""Offer"", ""itemOffered"": {""@type"": ""Service"", ""name"": ""ATM inside""}}], ""sameAs"": [""https://www.facebook.com/CVS"", ""https://twitter.com/cvspharmacy"", ""https://www.youtube.com/user/CVSPharmacyVideos"", ""https://www.instagram.com/cvspharmacy""]}"
17124,https://www.cvs.com/store-locator/albuquerque-nm-pharmacies/6100-paseo-del-norte-ne-albuquerque-nm-87113/storeid=17124,https://www.cvs.com/store-locator/albuquerque-nm-pharmacies/6100-paseo-del-norte-ne-albuquerque-nm-87113/storeid=17124,CVS Pharmacy,+15053460136,+15053460136,6100 Paseo Del Norte Ne,Albuquerque,NM,87113,US,35.17222,-106.58175,https://www.google.com/maps?daddr=6100+PASEO+DEL+NORTE+NE+ALBUQUERQUE+NM+87113,,CVS Pharmacy Counter: Mon: 09:00-17:00 | Tue: 09:00-17:00 | Wed: 09:00-17:00 | Thu: 09:00-17:00 | Fri: 09:00-17:00 | Sat: 09:00-17:00 | Sun: 11:00-17:00,Wheelchair Accessible,"COVID-19 Vaccinations, Flu Shots, Photo Printing","https://www.facebook.com/CVS, https://twitter.com/cvspharmacy, https://www.youtube.com/user/CVSPharmacyVideos, https://www.instagram.com/cvspharmacy",ok,"{""@context"": ""https://schema.org"", ""@type"": [""Pharmacy""], ""name"": ""CVS Pharmacy"", ""alternateName"": [""CVS"", ""CVS Drug Store""], ""url"": ""https://www.cvs.com/store-locator/albuquerque-nm-pharmacies/6100-paseo-del-norte-ne-albuquerque-nm-87113/storeid=17124"", ""logo"": ""https://www.cvs.com/content/dam/enterprise/headless/retail/nav/en/assets/logos/cvs-logo.svg"", ""image"": ""https://www.cvs.com/mobilelanding/storepickup/Landingpage-mobile-640_01.png"", ""telephone"": ""+15053460136"", ""priceRange"": ""$$"", ""paymentAccepted"": [""Cash"", ""Credit Card"", ""Debit Card"", ""Apple Pay"", ""Google Pay"", ""FSA"", ""HSA""], ""address"": {""@type"": ""PostalAddress"", ""streetAddress"": ""6100 Paseo Del Norte Ne"", ""addressLocality"": ""Albuquerque"", ""addressRegion"": ""NM"", ""postalCode"": ""87113"", ""addressCountry"": ""US""}, ""geo"": {""@type"": ""GeoCoordinates"", ""latitude"": 35.17222, ""longitude"": -106.58175}, ""hasMap"": ""https://www.google.com/maps?daddr=6100+PASEO+DEL+NORTE+NE+ALBUQUERQUE+NM+87113"", ""department"": [{""@context"": ""https://schema.org"", ""@type"": ""Pharmacy"", ""name"": ""CVS Pharmacy Counter"", ""telephone"": ""+15053460136"", ""openingHoursSpecification"": [{""@type"": ""OpeningHoursSpecification"", ""dayOfWeek"": [""Monday"", ""Tuesday"", ""Wednesday"", ""Thursday"", ""Friday""], ""opens"": ""09:00"", ""closes"": ""17:00""}, {""@type"": ""OpeningHoursSpecification"", ""dayOfWeek"": ""Saturday"", ""opens"": ""09:00"", ""closes"": ""17:00""}, {""@type"": ""OpeningHoursSpecification"", ""dayOfWeek"": ""Sunday"", ""opens"": ""11:00"", ""closes"": ""17:00""}]}], ""amenityFeature"": [{""@type"": ""LocationFeatureSpecification"", ""name"": ""Wheelchair Accessible"", ""value"": true}], ""makesOffer"": [{""@type"": ""Offer"", ""itemOffered"": {""@type"": ""Service"", ""name"": ""COVID-19 Vaccinations"", ""serviceType"": ""Immunization""}}, {""@type"": ""Offer"", ""itemOffered"": {""@type"": ""Service"", ""name"": ""Flu Shots"", ""serviceType"": ""Immunization""}}, {""@type"": ""Offer"", ""itemOffered"": {""@type"": ""Service"", ""name"": ""Photo Printing"", ""serviceType"": ""Photo Service""}}], ""sameAs"": [""https://www.facebook.com/CVS"", ""https://twitter.com/cvspharmacy"", ""https://www.youtube.com/user/CVSPharmacyVideos"", ""https://www.instagram.com/cvspharmacy""]}"
8981,https://www.cvs.com/store-locator/albuquerque-nm-pharmacies/7900-central-ave-sw-albuquerque-nm-87121/storeid=8981,https://www.cvs.com/store-locator/albuquerque-nm-pharmacies/7900-central-ave-sw-albuquerque-nm-87121/storeid=8981,CVS Pharmacy,+15058337598,+15058337598,7900 Central Ave. Sw,Albuquerque,NM,87121,US,35.07621,-106.72356,https://www.google.com/maps?daddr=7900+CENTRAL+AVE.+SW+ALBUQUERQUE+NM+87121,Mon: 09:00-21:00 | Tue: 09:00-21:00 | Wed: 09:00-21:00 | Thu: 09:00-21:00 | Fri: 09:00-21:00 | Sat: 09:00-21:00 | Sun: 10:00-19:00,CVS Pharmacy Counter: Mon: 09:00-18:00 | Tue: 09:00-18:00 | Wed: 09:00-18:00 | Thu: 09:00-18:00 | Fri: 09:00-18:00 | Sat: 10:00-18:00 | Sun: 10:00-18:00,"Wheelchair Accessible, UPS Access Point","COVID-19 vaccine, Flu shots, COVID-19 testing, In-store pickup, Immunizations, Photo, UPS access point, Pharmacy, Rx delivery, Accepts SNAP, OTC Health Solutions, ATM inside","https://www.facebook.com/CVS, https://twitter.com/cvspharmacy, https://www.youtube.com/user/CVSPharmacyVideos, https://www.instagram.com/cvspharmacy",ok,"{""@context"": ""https://schema.org"", ""@type"": [""Pharmacy"", ""HealthAndBeautyBusiness"", ""Store""], ""name"": ""CVS Pharmacy"", ""alternateName"": [""CVS"", ""CVS Drug Store""], ""url"": ""https://www.cvs.com/store-locator/albuquerque-nm-pharmacies/7900-central-ave-sw-albuquerque-nm-87121/storeid=8981"", ""logo"": ""https://www.cvs.com/content/dam/enterprise/headless/retail/nav/en/assets/logos/cvs-logo.svg"", ""image"": ""https://www.cvs.com/mobilelanding/storepickup/Landingpage-mobile-640_01.png"", ""telephone"": ""+15058337598"", ""priceRange"": ""$$"", ""paymentAccepted"": [""Cash"", ""Credit Card"", ""Debit Card"", ""Apple Pay"", ""Google Pay"", ""FSA"", ""HSA""], ""address"": {""@type"": ""PostalAddress"", ""streetAddress"": ""7900 Central Ave. Sw"", ""addressLocality"": ""Albuquerque"", ""addressRegion"": ""NM"", ""postalCode"": ""87121"", ""addressCountry"": ""US""}, ""geo"": {""@type"": ""GeoCoordinates"", ""latitude"": 35.07621, ""longitude"": -106.72356}, ""hasMap"": ""https://www.google.com/maps?daddr=7900+CENTRAL+AVE.+SW+ALBUQUERQUE+NM+87121"", ""openingHoursSpecification"": [{""@type"": ""OpeningHoursSpecification"", ""dayOfWeek"": [""Monday"", ""Tuesday"", ""Wednesday"", ""Thursday"", ""Friday""], ""opens"": ""09:00"", ""closes"": ""21:00""}, {""@type"": ""OpeningHoursSpecification"", ""dayOfWeek"": ""Saturday"", ""opens"": ""09:00"", ""closes"": ""21:00""}, {""@type"": ""OpeningHoursSpecification"", ""dayOfWeek"": ""Sunday"", ""opens"": ""10:00"", ""closes"": ""19:00""}], ""department"": [{""@context"": ""https://schema.org"", ""@type"": ""Pharmacy"", ""name"": ""CVS Pharmacy Counter"", ""telephone"": ""+15058337598"", ""openingHoursSpecification"": [{""@type"": ""OpeningHoursSpecification"", ""dayOfWeek"": [""Monday"", ""Tuesday"", ""Wednesday"", ""Thursday"", ""Friday""], ""opens"": ""09:00"", ""closes"": ""18:00""}, {""@type"": ""OpeningHoursSpecification"", ""dayOfWeek"": ""Saturday"", ""opens"": ""10:00"", ""closes"": ""18:00""}, {""@type"": ""OpeningHoursSpecification"", ""dayOfWeek"": ""Sunday"", ""opens"": ""10:00"", ""closes"": ""18:00""}]}], ""amenityFeature"": [{""@type"": ""LocationFeatureSpecification"", ""name"": ""Wheelchair Accessible"", ""value"": true}, {""@type"": ""LocationFeatureSpecification"", ""name"": ""UPS Access Point"", ""value"": true}], ""makesOffer"": [{""@type"": ""Offer"", ""itemOffered"": {""@type"": ""Service"", ""name"": ""COVID-19 vaccine""}}, {""@type"": ""Offer"", ""itemOffered"": {""@type"": ""Service"", ""name"": ""Flu shots""}}, {""@type"": ""Offer"", ""itemOffered"": {""@type"": ""Service"", ""name"": ""COVID-19 testing""}}, {""@type"": ""Offer"", ""itemOffered"": {""@type"": ""Service"", ""name"": ""In-store pickup""}}, {""@type"": ""Offer"", ""itemOffered"": {""@type"": ""Service"", ""name"": ""Immunizations""}}, {""@type"": ""Offer"", ""itemOffered"": {""@type"": ""Service"", ""name"": ""Photo""}}, {""@type"": ""Offer"", ""itemOffered"": {""@type"": ""Service"", ""name"": ""UPS access point""}}, {""@type"": ""Offer"", ""itemOffered"": {""@type"": ""Service"", ""name"": ""Pharmacy""}}, {""@type"": ""Offer"", ""itemOffered"": {""@type"": ""Service"", ""name"": ""Rx delivery""}}, {""@type"": ""Offer"", ""itemOffered"": {""@type"": ""Service"", ""name"": ""Accepts SNAP""}}, {""@type"": ""Offer"", ""itemOffered"": {""@type"": ""Service"", ""name"": ""OTC Health Solutions""}}, {""@type"": ""Offer"", ""itemOffered"": {""@type"": ""Service"", ""name"": ""ATM inside""}}], ""sameAs"": [""https://www.facebook.com/CVS"", ""https://twitter.com/cvspharmacy"", ""https://www.youtube.com/user/CVSPharmacyVideos"", ""https://www.instagram.com/cvspharmacy""]}"
8917,https://www.cvs.com/store-locator/albuquerque-nm-pharmacies/7847-tramway-blvd-albuquerque-nm-87122/storeid=8917,https://www.cvs.com/store-locator/albuquerque-nm-pharmacies/7847-tramway-blvd-albuquerque-nm-87122/storeid=8917,CVS Pharmacy,+15058215422,+15058215422,7847 Tramway Blvd.,Albuquerque,NM,87122,US,35.17284,-106.49711,https://www.google.com/maps?daddr=7847+TRAMWAY+BLVD.+ALBUQUERQUE+NM+87122,Mon: 08:00-22:00 | Tue: 08:00-22:00 | Wed: 08:00-22:00 | Thu: 08:00-22:00 | Fri: 08:00-22:00 | Sat: 08:00-22:00 | Sun: 08:00-22:00,CVS Pharmacy Counter: Mon: 09:00-18:00 | Tue: 09:00-18:00 | Wed: 09:00-18:00 | Thu: 09:00-18:00 | Fri: 09:00-18:00 | Sat: 10:00-18:00 | Sun: 11:00-17:00,"Wheelchair Accessible, UPS Access Point","COVID-19 vaccine, Flu shots, COVID-19 testing, In-store pickup, Immunizations, Photo, UPS access point, Rx in-store pickup, Pharmacy, Rx delivery, Accepts SNAP, OTC Health Solutions, ATM inside","https://www.facebook.com/CVS, https://twitter.com/cvspharmacy, https://www.youtube.com/user/CVSPharmacyVideos, https://www.instagram.com/cvspharmacy",ok,"{""@context"": ""https://schema.org"", ""@type"": [""Pharmacy"", ""HealthAndBeautyBusiness"", ""Store""], ""name"": ""CVS Pharmacy"", ""alternateName"": [""CVS"", ""CVS Drug Store""], ""url"": ""https://www.cvs.com/store-locator/albuquerque-nm-pharmacies/7847-tramway-blvd-albuquerque-nm-87122/storeid=8917"", ""logo"": ""https://www.cvs.com/content/dam/enterprise/headless/retail/nav/en/assets/logos/cvs-logo.svg"", ""image"": ""https://www.cvs.com/mobilelanding/storepickup/Landingpage-mobile-640_01.png"", ""telephone"": ""+15058215422"", ""priceRange"": ""$$"", ""paymentAccepted"": [""Cash"", ""Credit Card"", ""Debit Card"", ""Apple Pay"", ""Google Pay"", ""FSA"", ""HSA""], ""address"": {""@type"": ""PostalAddress"", ""streetAddress"": ""7847 Tramway Blvd."", ""addressLocality"": ""Albuquerque"", ""addressRegion"": ""NM"", ""postalCode"": ""87122"", ""addressCountry"": ""US""}, ""geo"": {""@type"": ""GeoCoordinates"", ""latitude"": 35.17284, ""longitude"": -106.49711}, ""hasMap"": ""https://www.google.com/maps?daddr=7847+TRAMWAY+BLVD.+ALBUQUERQUE+NM+87122"", ""openingHoursSpecification"": [{""@type"": ""OpeningHoursSpecification"", ""dayOfWeek"": [""Monday"", ""Tuesday"", ""Wednesday"", ""Thursday"", ""Friday""], ""opens"": ""08:00"", ""closes"": ""22:00""}, {""@type"": ""OpeningHoursSpecification"", ""dayOfWeek"": ""Saturday"", ""opens"": ""08:00"", ""closes"": ""22:00""}, {""@type"": ""OpeningHoursSpecification"", ""dayOfWeek"": ""Sunday"", ""opens"": ""08:00"", ""closes"": ""22:00""}], ""department"": [{""@context"": ""https://schema.org"", ""@type"": ""Pharmacy"", ""name"": ""CVS Pharmacy Counter"", ""telephone"": ""+15058215422"", ""openingHoursSpecification"": [{""@type"": ""OpeningHoursSpecification"", ""dayOfWeek"": [""Monday"", ""Tuesday"", ""Wednesday"", ""Thursday"", ""Friday""], ""opens"": ""09:00"", ""closes"": ""18:00""}, {""@type"": ""OpeningHoursSpecification"", ""dayOfWeek"": ""Saturday"", ""opens"": ""10:00"", ""closes"": ""18:00""}, {""@type"": ""OpeningHoursSpecification"", ""dayOfWeek"": ""Sunday"", ""opens"": ""11:00"", ""closes"": ""17:00""}]}], ""amenityFeature"": [{""@type"": ""LocationFeatureSpecification"", ""name"": ""Wheelchair Accessible"", ""value"": true}, {""@type"": ""LocationFeatureSpecification"", ""name"": ""UPS Access Point"", ""value"": true}], ""makesOffer"": [{""@type"": ""Offer"", ""itemOffered"": {""@type"": ""Service"", ""name"": ""COVID-19 vaccine""}}, {""@type"": ""Offer"", ""itemOffered"": {""@type"": ""Service"", ""name"": ""Flu shots""}}, {""@type"": ""Offer"", ""itemOffered"": {""@type"": ""Service"", ""name"": ""COVID-19 testing""}}, {""@type"": ""Offer"", ""itemOffered"": {""@type"": ""Service"", ""name"": ""In-store pickup""}}, {""@type"": ""Offer"", ""itemOffered"": {""@type"": ""Service"", ""name"": ""Immunizations""}}, {""@type"": ""Offer"", ""itemOffered"": {""@type"": ""Service"", ""name"": ""Photo""}}, {""@type"": ""Offer"", ""itemOffered"": {""@type"": ""Service"", ""name"": ""UPS access point""}}, {""@type"": ""Offer"", ""itemOffered"": {""@type"": ""Service"", ""name"": ""Rx in-store pickup""}}, {""@type"": ""Offer"", ""itemOffered"": {""@type"": ""Service"", ""name"": ""Pharmacy""}}, {""@type"": ""Offer"", ""itemOffered"": {""@type"": ""Service"", ""name"": ""Rx delivery""}}, {""@type"": ""Offer"", ""itemOffered"": {""@type"": ""Service"", ""name"": ""Accepts SNAP""}}, {""@type"": ""Offer"", ""itemOffered"": {""@type"": ""Service"", ""name"": ""OTC Health Solutions""}}, {""@type"": ""Offer"", ""itemOffered"": {""@type"": ""Service"", ""name"": ""ATM inside""}}], ""sameAs"": [""https://www.facebook.com/CVS"", ""https://twitter.com/cvspharmacy"", ""https://www.youtube.com/user/CVSPharmacyVideos"", ""https://www.instagram.com/cvspharmacy""]}"
16134,https://www.cvs.com/store-locator/albuquerque-nm-pharmacies/8510-montgomery-blvd-ne-albuquerque-nm-87111/storeid=16134,https://www.cvs.com/store-locator/albuquerque-nm-pharmacies/8510-montgomery-blvd-ne-albuquerque-nm-87111/storeid=16134,CVS Pharmacy,+15053480066,+15053480066,8510 Montgomery Blvd Ne,Albuquerque,NM,87111,US,35.12974,-106.54817,https://www.google.com/maps?daddr=8510+MONTGOMERY+BLVD+NE+ALBUQUERQUE+NM+87111,,CVS Pharmacy Counter: Mon: 09:00-17:00 | Tue: 09:00-17:00 | Wed: 09:00-17:00 | Thu: 09:00-17:00 | Fri: 09:00-17:00 | Sat: 09:00-17:00 | Sun: 11:00-17:00,Wheelchair Accessible,"COVID-19 Vaccinations, Flu Shots, Photo Printing","https://www.facebook.com/CVS, https://twitter.com/cvspharmacy, https://www.youtube.com/user/CVSPharmacyVideos, https://www.instagram.com/cvspharmacy",ok,"{""@context"": ""https://schema.org"", ""@type"": [""Pharmacy""], ""name"": ""CVS Pharmacy"", ""alternateName"": [""CVS"", ""CVS Drug Store""], ""url"": ""https://www.cvs.com/store-locator/albuquerque-nm-pharmacies/8510-montgomery-blvd-ne-albuquerque-nm-87111/storeid=16134"", ""logo"": ""https://www.cvs.com/content/dam/enterprise/headless/retail/nav/en/assets/logos/cvs-logo.svg"", ""image"": ""https://www.cvs.com/mobilelanding/storepickup/Landingpage-mobile-640_01.png"", ""telephone"": ""+15053480066"", ""priceRange"": ""$$"", ""paymentAccepted"": [""Cash"", ""Credit Card"", ""Debit Card"", ""Apple Pay"", ""Google Pay"", ""FSA"", ""HSA""], ""address"": {""@type"": ""PostalAddress"", ""streetAddress"": ""8510 Montgomery Blvd Ne"", ""addressLocality"": ""Albuquerque"", ""addressRegion"": ""NM"", ""postalCode"": ""87111"", ""addressCountry"": ""US""}, ""geo"": {""@type"": ""GeoCoordinates"", ""latitude"": 35.12974, ""longitude"": -106.54817}, ""hasMap"": ""https://www.google.com/maps?daddr=8510+MONTGOMERY+BLVD+NE+ALBUQUERQUE+NM+87111"", ""department"": [{""@context"": ""https://schema.org"", ""@type"": ""Pharmacy"", ""name"": ""CVS Pharmacy Counter"", ""telephone"": ""+15053480066"", ""openingHoursSpecification"": [{""@type"": ""OpeningHoursSpecification"", ""dayOfWeek"": [""Monday"", ""Tuesday"", ""Wednesday"", ""Thursday"", ""Friday""], ""opens"": ""09:00"", ""closes"": ""17:00""}, {""@type"": ""OpeningHoursSpecification"", ""dayOfWeek"": ""Saturday"", ""opens"": ""09:00"", ""closes"": ""17:00""}, {""@type"": ""OpeningHoursSpecification"", ""dayOfWeek"": ""Sunday"", ""opens"": ""11:00"", ""closes"": ""17:00""}]}], ""amenityFeature"": [{""@type"": ""LocationFeatureSpecification"", ""name"": ""Wheelchair Accessible"", ""value"": true}], ""makesOffer"": [{""@type"": ""Offer"", ""itemOffered"": {""@type"": ""Service"", ""name"": ""COVID-19 Vaccinations"", ""serviceType"": ""Immunization""}}, {""@type"": ""Offer"", ""itemOffered"": {""@type"": ""Service"", ""name"": ""Flu Shots"", ""serviceType"": ""Immunization""}}, {""@type"": ""Offer"", ""itemOffered"": {""@type"": ""Service"", ""name"": ""Photo Printing"", ""serviceType"": ""Photo Service""}}], ""sameAs"": [""https://www.facebook.com/CVS"", ""https://twitter.com/cvspharmacy"", ""https://www.youtube.com/user/CVSPharmacyVideos"", ""https://www.instagram.com/cvspharmacy""]}"
16166,https://www.cvs.com/store-locator/albuquerque-nm-pharmacies/9371-coors-blvd-nw-albuquerque-nm-87114/storeid=16166,https://www.cvs.com/store-locator/albuquerque-nm-pharmacies/9371-coors-blvd-nw-albuquerque-nm-87114/storeid=16166,CVS Pharmacy,+15058997731,+15058997731,9371 Coors Blvd Nw,Albuquerque,NM,87114,US,35.1861,-106.66486,https://www.google.com/maps?daddr=9371+COORS+BLVD+NW+ALBUQUERQUE+NM+87114,,CVS Pharmacy Counter: Mon: 10:00-17:00 | Tue: 10:00-17:00 | Wed: 10:00-17:00 | Thu: 10:00-17:00 | Fri: 10:00-17:00 | Sat: 11:00-17:00 | Sun: 11:00-17:00,Wheelchair Accessible,"COVID-19 Vaccinations, Flu Shots, Photo Printing","https://www.facebook.com/CVS, https://twitter.com/cvspharmacy, https://www.youtube.com/user/CVSPharmacyVideos, https://www.instagram.com/cvspharmacy",ok,"{""@context"": ""https://schema.org"", ""@type"": [""Pharmacy""], ""name"": ""CVS Pharmacy"", ""alternateName"": [""CVS"", ""CVS Drug Store""], ""url"": ""https://www.cvs.com/store-locator/albuquerque-nm-pharmacies/9371-coors-blvd-nw-albuquerque-nm-87114/storeid=16166"", ""logo"": ""https://www.cvs.com/content/dam/enterprise/headless/retail/nav/en/assets/logos/cvs-logo.svg"", ""image"": ""https://www.cvs.com/mobilelanding/storepickup/Landingpage-mobile-640_01.png"", ""telephone"": ""+15058997731"", ""priceRange"": ""$$"", ""paymentAccepted"": [""Cash"", ""Credit Card"", ""Debit Card"", ""Apple Pay"", ""Google Pay"", ""FSA"", ""HSA""], ""address"": {""@type"": ""PostalAddress"", ""streetAddress"": ""9371 Coors Blvd Nw"", ""addressLocality"": ""Albuquerque"", ""addressRegion"": ""NM"", ""postalCode"": ""87114"", ""addressCountry"": ""US""}, ""geo"": {""@type"": ""GeoCoordinates"", ""latitude"": 35.1861, ""longitude"": -106.66486}, ""hasMap"": ""https://www.google.com/maps?daddr=9371+COORS+BLVD+NW+ALBUQUERQUE+NM+87114"", ""department"": [{""@context"": ""https://schema.org"", ""@type"": ""Pharmacy"", ""name"": ""CVS Pharmacy Counter"", ""telephone"": ""+15058997731"", ""openingHoursSpecification"": [{""@type"": ""OpeningHoursSpecification"", ""dayOfWeek"": [""Monday"", ""Tuesday"", ""Wednesday"", ""Thursday"", ""Friday""], ""opens"": ""10:00"", ""closes"": ""17:00""}, {""@type"": ""OpeningHoursSpecification"", ""dayOfWeek"": ""Saturday"", ""opens"": ""11:00"", ""closes"": ""17:00""}, {""@type"": ""OpeningHoursSpecification"", ""dayOfWeek"": ""Sunday"", ""opens"": ""11:00"", ""closes"": ""17:00""}]}], ""amenityFeature"": [{""@type"": ""LocationFeatureSpecification"", ""name"": ""Wheelchair Accessible"", ""value"": true}], ""makesOffer"": [{""@type"": ""Offer"", ""itemOffered"": {""@type"": ""Service"", ""name"": ""COVID-19 Vaccinations"", ""serviceType"": ""Immunization""}}, {""@type"": ""Offer"", ""itemOffered"": {""@type"": ""Service"", ""name"": ""Flu Shots"", ""serviceType"": ""Immunization""}}, {""@type"": ""Offer"", ""itemOffered"": {""@type"": ""Service"", ""name"": ""Photo Printing"", ""serviceType"": ""Photo Service""}}], ""sameAs"": [""https://www.facebook.com/CVS"", ""https://twitter.com/cvspharmacy"", ""https://www.youtube.com/user/CVSPharmacyVideos"", ""https://www.instagram.com/cvspharmacy""]}"
7319,https://www.cvs.com/store-locator/albuquerque-nm-pharmacies/10700-unser-blvd-nw-albuquerque-nm-87114/storeid=7319,https://www.cvs.com/store-locator/albuquerque-nm-pharmacies/10700-unser-blvd-nw-albuquerque-nm-87114/storeid=7319,CVS Pharmacy,+15057921992,+15057921992,"10700 Unser Blvd., Nw",Albuquerque,NM,87114,US,35.21242,-106.69804,https://www.google.com/maps?daddr=10700+UNSER+BLVD.+NW+ALBUQUERQUE+NM+87114,Mon: 08:00-22:00 | Tue: 08:00-22:00 | Wed: 08:00-22:00 | Thu: 08:00-22:00 | Fri: 08:00-22:00 | Sat: 08:00-22:00 | Sun: 08:00-22:00,CVS Pharmacy Counter: Mon: 09:00-18:00 | Tue: 09:00-18:00 | Wed: 09:00-18:00 | Thu: 09:00-18:00 | Fri: 09:00-18:00 | Sat: 09:00-18:00 | Sun: 10:00-18:00,"Wheelchair Accessible, UPS Access Point","COVID-19 Vaccinations, Flu Shots, Photo Printing","https://www.facebook.com/CVS, https://twitter.com/cvspharmacy, https://www.youtube.com/user/CVSPharmacyVideos, https://www.instagram.com/cvspharmacy",ok,"{""@context"": ""https://schema.org"", ""@type"": [""Pharmacy"", ""HealthAndBeautyBusiness"", ""Store""], ""name"": ""CVS Pharmacy"", ""alternateName"": [""CVS"", ""CVS Drug Store""], ""url"": ""https://www.cvs.com/store-locator/albuquerque-nm-pharmacies/10700-unser-blvd-nw-albuquerque-nm-87114/storeid=7319"", ""logo"": ""https://www.cvs.com/content/dam/enterprise/headless/retail/nav/en/assets/logos/cvs-logo.svg"", ""image"": ""https://www.cvs.com/mobilelanding/storepickup/Landingpage-mobile-640_01.png"", ""telephone"": ""+15057921992"", ""priceRange"": ""$$"", ""paymentAccepted"": [""Cash"", ""Credit Card"", ""Debit Card"", ""Apple Pay"", ""Google Pay"", ""FSA"", ""HSA""], ""address"": {""@type"": ""PostalAddress"", ""streetAddress"": ""10700 Unser Blvd., Nw"", ""addressLocality"": ""Albuquerque"", ""addressRegion"": ""NM"", ""postalCode"": ""87114"", ""addressCountry"": ""US""}, ""geo"": {""@type"": ""GeoCoordinates"", ""latitude"": 35.21242, ""longitude"": -106.69804}, ""hasMap"": ""https://www.google.com/maps?daddr=10700+UNSER+BLVD.+NW+ALBUQUERQUE+NM+87114"", ""openingHoursSpecification"": [{""@type"": ""OpeningHoursSpecification"", ""dayOfWeek"": [""Monday"", ""Tuesday"", ""Wednesday"", ""Thursday"", ""Friday""], ""opens"": ""08:00"", ""closes"": ""22:00""}, {""@type"": ""OpeningHoursSpecification"", ""dayOfWeek"": ""Saturday"", ""opens"": ""08:00"", ""closes"": ""22:00""}, {""@type"": ""OpeningHoursSpecification"", ""dayOfWeek"": ""Sunday"", ""opens"": ""08:00"", ""closes"": ""22:00""}], ""department"": [{""@context"": ""https://schema.org"", ""@type"": ""Pharmacy"", ""name"": ""CVS Pharmacy Counter"", ""telephone"": ""+15057921992"", ""openingHoursSpecification"": [{""@type"": ""OpeningHoursSpecification"", ""dayOfWeek"": [""Monday"", ""Tuesday"", ""Wednesday"", ""Thursday"", ""Friday""], ""opens"": ""09:00"", ""closes"": ""18:00""}, {""@type"": ""OpeningHoursSpecification"", ""dayOfWeek"": ""Saturday"", ""opens"": ""09:00"", ""closes"": ""18:00""}, {""@type"": ""OpeningHoursSpecification"", ""dayOfWeek"": ""Sunday"", ""opens"": ""10:00"", ""closes"": ""18:00""}]}], ""amenityFeature"": [{""@type"": ""LocationFeatureSpecification"", ""name"": ""Wheelchair Accessible"", ""value"": true}, {""@type"": ""LocationFeatureSpecification"", ""name"": ""UPS Access Point"", ""value"": true}], ""makesOffer"": [{""@type"": ""Offer"", ""itemOffered"": {""@type"": ""Service"", ""name"": ""COVID-19 Vaccinations"", ""serviceType"": ""Immunization""}}, {""@type"": ""Offer"", ""itemOffered"": {""@type"": ""Service"", ""name"": ""Flu Shots"", ""serviceType"": ""Immunization""}}, {""@type"": ""Offer"", ""itemOffered"": {""@type"": ""Service"", ""name"": ""Photo Printing"", ""serviceType"": ""Photo Service""}}], ""sameAs"": [""https://www.facebook.com/CVS"", ""https://twitter.com/cvspharmacy"", ""https://www.youtube.com/user/CVSPharmacyVideos"", ""https://www.instagram.com/cvspharmacy""]}"
