state,city,city_url
Alabama,Alabaster,https://www.cvs.com/store-locator/cvs-pharmacy-locations/Alabama/Alabaster
Alabama,Albertville,https://www.cvs.com/store-locator/cvs-pharmacy-locations/Alabama/Albertville
Alabama,Aliceville,https://www.cvs.com/store-locator/cvs-pharmacy-locations/Alabama/Aliceville
Alabama,Andalusia,https://www.cvs.com/store-locator/cvs-pharmacy-locations/Alabama/Andalusia
Alabama,Anniston,https://www.cvs.com/store-locator/cvs-pharmacy-locations/Alabama/Anniston
Alabama,Arab,https://www.cvs.com/store-locator/cvs-pharmacy-locations/Alabama/Arab
Alabama,Athens,https://www.cvs.com/store-locator/cvs-pharmacy-locations/Alabama/Athens
Alabama,Auburn,https://www.cvs.com/store-locator/cvs-pharmacy-locations/Alabama/Auburn
Alabama,Bay-Minette,https://www.cvs.com/store-locator/cvs-pharmacy-locations/Alabama/Bay-Minette
Alabama,Bayou-La-Batre,https://www.cvs.com/store-locator/cvs-pharmacy-locations/Alabama/Bayou-La-Batre
Alabama,Bessemer,https://www.cvs.com/store-locator/cvs-pharmacy-locations/Alabama/Bessemer
Alabama,Birmingham,https://www.cvs.com/store-locator/cvs-pharmacy-locations/Alabama/Birmingham
Alabama,Calera,https://www.cvs.com/store-locator/cvs-pharmacy-locations/Alabama/Calera
Alabama,Camden,https://www.cvs.com/store-locator/cvs-pharmacy-locations/Alabama/Camden
Alabama,Centre,https://www.cvs.com/store-locator/cvs-pharmacy-locations/Alabama/Centre
Alabama,Centreville,https://www.cvs.com/store-locator/cvs-pharmacy-locations/Alabama/Centreville
Alabama,Childersburg,https://www.cvs.com/store-locator/cvs-pharmacy-locations/Alabama/Childersburg
Alabama,Citronelle,https://www.cvs.com/store-locator/cvs-pharmacy-locations/Alabama/Citronelle
Alabama,Clanton,https://www.cvs.com/store-locator/cvs-pharmacy-locations/Alabama/Clanton
Alabama,Columbiana,https://www.cvs.com/store-locator/cvs-pharmacy-locations/Alabama/Columbiana
Alabama,Cullman,https://www.cvs.com/store-locator/cvs-pharmacy-locations/Alabama/Cullman
Alabama,Daphne,https://www.cvs.com/store-locator/cvs-pharmacy-locations/Alabama/Daphne
Alabama,Decatur,https://www.cvs.com/store-locator/cvs-pharmacy-locations/Alabama/Decatur
Alabama,Dothan,https://www.cvs.com/store-locator/cvs-pharmacy-locations/Alabama/Dothan
Alabama,Enterprise,https://www.cvs.com/store-locator/cvs-pharmacy-locations/Alabama/Enterprise
Alabama,Evergreen,https://www.cvs.com/store-locator/cvs-pharmacy-locations/Alabama/Evergreen
Alabama,Fairhope,https://www.cvs.com/store-locator/cvs-pharmacy-locations/Alabama/Fairhope
Alabama,Florence,https://www.cvs.com/store-locator/cvs-pharmacy-locations/Alabama/Florence
Alabama,Foley,https://www.cvs.com/store-locator/cvs-pharmacy-locations/Alabama/Foley
Alabama,Fultondale,https://www.cvs.com/store-locator/cvs-pharmacy-locations/Alabama/Fultondale
Alabama,Gadsden,https://www.cvs.com/store-locator/cvs-pharmacy-locations/Alabama/Gadsden
Alabama,Gardendale,https://www.cvs.com/store-locator/cvs-pharmacy-locations/Alabama/Gardendale
Alabama,Gordo,https://www.cvs.com/store-locator/cvs-pharmacy-locations/Alabama/Gordo
Alabama,Grand-Bay,https://www.cvs.com/store-locator/cvs-pharmacy-locations/Alabama/Grand-Bay
Alabama,Greensboro,https://www.cvs.com/store-locator/cvs-pharmacy-locations/Alabama/Greensboro
Alabama,Greenville,https://www.cvs.com/store-locator/cvs-pharmacy-locations/Alabama/Greenville
Alabama,Gulf-Shores,https://www.cvs.com/store-locator/cvs-pharmacy-locations/Alabama/Gulf-Shores
Alabama,Guntersville,https://www.cvs.com/store-locator/cvs-pharmacy-locations/Alabama/Guntersville
Alabama,Haleyville,https://www.cvs.com/store-locator/cvs-pharmacy-locations/Alabama/Haleyville
Alabama,Hanceville,https://www.cvs.com/store-locator/cvs-pharmacy-locations/Alabama/Hanceville
Alabama,Hartselle,https://www.cvs.com/store-locator/cvs-pharmacy-locations/Alabama/Hartselle
Alabama,Harvest,https://www.cvs.com/store-locator/cvs-pharmacy-locations/Alabama/Harvest
Alabama,Homewood,https://www.cvs.com/store-locator/cvs-pharmacy-locations/Alabama/Homewood
Alabama,Hoover,https://www.cvs.com/store-locator/cvs-pharmacy-locations/Alabama/Hoover
Alabama,Hueytown,https://www.cvs.com/store-locator/cvs-pharmacy-locations/Alabama/Hueytown
Alabama,Huntsville,https://www.cvs.com/store-locator/cvs-pharmacy-locations/Alabama/Huntsville
Alabama,Jackson,https://www.cvs.com/store-locator/cvs-pharmacy-locations/Alabama/Jackson
Alabama,Jacksonville,https://www.cvs.com/store-locator/cvs-pharmacy-locations/Alabama/Jacksonville
Alabama,Jasper,https://www.cvs.com/store-locator/cvs-pharmacy-locations/Alabama/Jasper
Alabama,Lanett,https://www.cvs.com/store-locator/cvs-pharmacy-locations/Alabama/Lanett
Alabama,Madison,https://www.cvs.com/store-locator/cvs-pharmacy-locations/Alabama/Madison
Alabama,Mccalla,https://www.cvs.com/store-locator/cvs-pharmacy-locations/Alabama/Mccalla
Alabama,Meridianville,https://www.cvs.com/store-locator/cvs-pharmacy-locations/Alabama/Meridianville
Alabama,Millbrook,https://www.cvs.com/store-locator/cvs-pharmacy-locations/Alabama/Millbrook
Alabama,Mobile,https://www.cvs.com/store-locator/cvs-pharmacy-locations/Alabama/Mobile
Alabama,Montevallo,https://www.cvs.com/store-locator/cvs-pharmacy-locations/Alabama/Montevallo
Alabama,Montgomery,https://www.cvs.com/store-locator/cvs-pharmacy-locations/Alabama/Montgomery
Alabama,Moody,https://www.cvs.com/store-locator/cvs-pharmacy-locations/Alabama/Moody
Alabama,Moulton,https://www.cvs.com/store-locator/cvs-pharmacy-locations/Alabama/Moulton
Alabama,Mountain-Brook,https://www.cvs.com/store-locator/cvs-pharmacy-locations/Alabama/Mountain-Brook
Alabama,Muscle-Shoals,https://www.cvs.com/store-locator/cvs-pharmacy-locations/Alabama/Muscle-Shoals
Alabama,Northport,https://www.cvs.com/store-locator/cvs-pharmacy-locations/Alabama/Northport
Alabama,Oneonta,https://www.cvs.com/store-locator/cvs-pharmacy-locations/Alabama/Oneonta
Alabama,Opelika,https://www.cvs.com/store-locator/cvs-pharmacy-locations/Alabama/Opelika
Alabama,Orange-Beach,https://www.cvs.com/store-locator/cvs-pharmacy-locations/Alabama/Orange-Beach
Alabama,Oxford,https://www.cvs.com/store-locator/cvs-pharmacy-locations/Alabama/Oxford
Alabama,Ozark,https://www.cvs.com/store-locator/cvs-pharmacy-locations/Alabama/Ozark
Alabama,Pelham,https://www.cvs.com/store-locator/cvs-pharmacy-locations/Alabama/Pelham
Alabama,Pell-City,https://www.cvs.com/store-locator/cvs-pharmacy-locations/Alabama/Pell-City
Alabama,Phenix-City,https://www.cvs.com/store-locator/cvs-pharmacy-locations/Alabama/Phenix-City
Alabama,Piedmont,https://www.cvs.com/store-locator/cvs-pharmacy-locations/Alabama/Piedmont
Alabama,Pike-Road,https://www.cvs.com/store-locator/cvs-pharmacy-locations/Alabama/Pike-Road
Alabama,Pinson,https://www.cvs.com/store-locator/cvs-pharmacy-locations/Alabama/Pinson
Alabama,Pleasant-Grove,https://www.cvs.com/store-locator/cvs-pharmacy-locations/Alabama/Pleasant-Grove
Alabama,Prattville,https://www.cvs.com/store-locator/cvs-pharmacy-locations/Alabama/Prattville
Alabama,Rainbow-City,https://www.cvs.com/store-locator/cvs-pharmacy-locations/Alabama/Rainbow-City
Alabama,Robertsdale,https://www.cvs.com/store-locator/cvs-pharmacy-locations/Alabama/Robertsdale
Alabama,Russellville,https://www.cvs.com/store-locator/cvs-pharmacy-locations/Alabama/Russellville
Alabama,Saraland,https://www.cvs.com/store-locator/cvs-pharmacy-locations/Alabama/Saraland
Alabama,Scottsboro,https://www.cvs.com/store-locator/cvs-pharmacy-locations/Alabama/Scottsboro
Alabama,Selma,https://www.cvs.com/store-locator/cvs-pharmacy-locations/Alabama/Selma
Alabama,Semmes,https://www.cvs.com/store-locator/cvs-pharmacy-locations/Alabama/Semmes
Alabama,Sylacauga,https://www.cvs.com/store-locator/cvs-pharmacy-locations/Alabama/Sylacauga
Alabama,Talladega,https://www.cvs.com/store-locator/cvs-pharmacy-locations/Alabama/Talladega
Alabama,Tallassee,https://www.cvs.com/store-locator/cvs-pharmacy-locations/Alabama/Tallassee
Alabama,Troy,https://www.cvs.com/store-locator/cvs-pharmacy-locations/Alabama/Troy
Alabama,Trussville,https://www.cvs.com/store-locator/cvs-pharmacy-locations/Alabama/Trussville
Alabama,Tuscaloosa,https://www.cvs.com/store-locator/cvs-pharmacy-locations/Alabama/Tuscaloosa
Alabama,Tuskegee,https://www.cvs.com/store-locator/cvs-pharmacy-locations/Alabama/Tuskegee
Alabama,Union-Springs,https://www.cvs.com/store-locator/cvs-pharmacy-locations/Alabama/Union-Springs
Alabama,Vestavia,https://www.cvs.com/store-locator/cvs-pharmacy-locations/Alabama/Vestavia
Alabama,Vestavia-Hills,https://www.cvs.com/store-locator/cvs-pharmacy-locations/Alabama/Vestavia-Hills
Alabama,Warrior,https://www.cvs.com/store-locator/cvs-pharmacy-locations/Alabama/Warrior
Alabama,Wetumpka,https://www.cvs.com/store-locator/cvs-pharmacy-locations/Alabama/Wetumpka
Alaska,Anchorage,https://www.cvs.com/store-locator/cvs-pharmacy-locations/Alaska/Anchorage
Alaska,Wasilla,https://www.cvs.com/store-locator/cvs-pharmacy-locations/Alaska/Wasilla
Arizona,Anthem,https://www.cvs.com/store-locator/cvs-pharmacy-locations/Arizona/Anthem
Arizona,Apache-Junction,https://www.cvs.com/store-locator/cvs-pharmacy-locations/Arizona/Apache-Junction
Arizona,Avondale,https://www.cvs.com/store-locator/cvs-pharmacy-locations/Arizona/Avondale
Arizona,Buckeye,https://www.cvs.com/store-locator/cvs-pharmacy-locations/Arizona/Buckeye
Arizona,Bullhead-City,https://www.cvs.com/store-locator/cvs-pharmacy-locations/Arizona/Bullhead-City
Arizona,Camp-Verde,https://www.cvs.com/store-locator/cvs-pharmacy-locations/Arizona/Camp-Verde
Arizona,Casa-Grande,https://www.cvs.com/store-locator/cvs-pharmacy-locations/Arizona/Casa-Grande
Arizona,Cave-Creek,https://www.cvs.com/store-locator/cvs-pharmacy-locations/Arizona/Cave-Creek
Arizona,Chandler,https://www.cvs.com/store-locator/cvs-pharmacy-locations/Arizona/Chandler
Arizona,Cottonwood,https://www.cvs.com/store-locator/cvs-pharmacy-locations/Arizona/Cottonwood
Arizona,Flagstaff,https://www.cvs.com/store-locator/cvs-pharmacy-locations/Arizona/Flagstaff
Arizona,Fort-Mohave,https://www.cvs.com/store-locator/cvs-pharmacy-locations/Arizona/Fort-Mohave
Arizona,Fountain-Hills,https://www.cvs.com/store-locator/cvs-pharmacy-locations/Arizona/Fountain-Hills
Arizona,Gilbert,https://www.cvs.com/store-locator/cvs-pharmacy-locations/Arizona/Gilbert
Arizona,Glendale,https://www.cvs.com/store-locator/cvs-pharmacy-locations/Arizona/Glendale
Arizona,Goodyear,https://www.cvs.com/store-locator/cvs-pharmacy-locations/Arizona/Goodyear
Arizona,Green-Valley,https://www.cvs.com/store-locator/cvs-pharmacy-locations/Arizona/Green-Valley
Arizona,Kingman,https://www.cvs.com/store-locator/cvs-pharmacy-locations/Arizona/Kingman
Arizona,Lake-Havasu-City,https://www.cvs.com/store-locator/cvs-pharmacy-locations/Arizona/Lake-Havasu-City
Arizona,Laveen,https://www.cvs.com/store-locator/cvs-pharmacy-locations/Arizona/Laveen
Arizona,Litchfield-Park,https://www.cvs.com/store-locator/cvs-pharmacy-locations/Arizona/Litchfield-Park
Arizona,Maricopa,https://www.cvs.com/store-locator/cvs-pharmacy-locations/Arizona/Maricopa
Arizona,Mesa,https://www.cvs.com/store-locator/cvs-pharmacy-locations/Arizona/Mesa
Arizona,Oro-Valley,https://www.cvs.com/store-locator/cvs-pharmacy-locations/Arizona/Oro-Valley
Arizona,Parker,https://www.cvs.com/store-locator/cvs-pharmacy-locations/Arizona/Parker
Arizona,Peoria,https://www.cvs.com/store-locator/cvs-pharmacy-locations/Arizona/Peoria
Arizona,Phoenix,https://www.cvs.com/store-locator/cvs-pharmacy-locations/Arizona/Phoenix
Arizona,Prescott,https://www.cvs.com/store-locator/cvs-pharmacy-locations/Arizona/Prescott
Arizona,Prescott-Valley,https://www.cvs.com/store-locator/cvs-pharmacy-locations/Arizona/Prescott-Valley
Arizona,Queen-Creek,https://www.cvs.com/store-locator/cvs-pharmacy-locations/Arizona/Queen-Creek
Arizona,Scottsdale,https://www.cvs.com/store-locator/cvs-pharmacy-locations/Arizona/Scottsdale
Arizona,Sedona,https://www.cvs.com/store-locator/cvs-pharmacy-locations/Arizona/Sedona
Arizona,Show-Low,https://www.cvs.com/store-locator/cvs-pharmacy-locations/Arizona/Show-Low
Arizona,Sierra-Vista,https://www.cvs.com/store-locator/cvs-pharmacy-locations/Arizona/Sierra-Vista
Arizona,Sun-City,https://www.cvs.com/store-locator/cvs-pharmacy-locations/Arizona/Sun-City
Arizona,Sun-City-West,https://www.cvs.com/store-locator/cvs-pharmacy-locations/Arizona/Sun-City-West
Arizona,Sun-Lakes,https://www.cvs.com/store-locator/cvs-pharmacy-locations/Arizona/Sun-Lakes
Arizona,Surprise,https://www.cvs.com/store-locator/cvs-pharmacy-locations/Arizona/Surprise
Arizona,Tempe,https://www.cvs.com/store-locator/cvs-pharmacy-locations/Arizona/Tempe
Arizona,Tolleson,https://www.cvs.com/store-locator/cvs-pharmacy-locations/Arizona/Tolleson
Arizona,Tucson,https://www.cvs.com/store-locator/cvs-pharmacy-locations/Arizona/Tucson
Arizona,Wickenburg,https://www.cvs.com/store-locator/cvs-pharmacy-locations/Arizona/Wickenburg
Arizona,Yuma,https://www.cvs.com/store-locator/cvs-pharmacy-locations/Arizona/Yuma
Arkansas,Bella-Vista,https://www.cvs.com/store-locator/cvs-pharmacy-locations/Arkansas/Bella-Vista
Arkansas,Bryant,https://www.cvs.com/store-locator/cvs-pharmacy-locations/Arkansas/Bryant
Arkansas,Conway,https://www.cvs.com/store-locator/cvs-pharmacy-locations/Arkansas/Conway
Arkansas,Fayetteville,https://www.cvs.com/store-locator/cvs-pharmacy-locations/Arkansas/Fayetteville
Arkansas,Fort-Smith,https://www.cvs.com/store-locator/cvs-pharmacy-locations/Arkansas/Fort-Smith
Arkansas,Hot-Springs,https://www.cvs.com/store-locator/cvs-pharmacy-locations/Arkansas/Hot-Springs
Arkansas,Jonesboro,https://www.cvs.com/store-locator/cvs-pharmacy-locations/Arkansas/Jonesboro
Arkansas,Little-Rock,https://www.cvs.com/store-locator/cvs-pharmacy-locations/Arkansas/Little-Rock
Arkansas,North-Little-Rock,https://www.cvs.com/store-locator/cvs-pharmacy-locations/Arkansas/North-Little-Rock
Arkansas,Paragould,https://www.cvs.com/store-locator/cvs-pharmacy-locations/Arkansas/Paragould
Arkansas,Rogers,https://www.cvs.com/store-locator/cvs-pharmacy-locations/Arkansas/Rogers
Arkansas,Russellville,https://www.cvs.com/store-locator/cvs-pharmacy-locations/Arkansas/Russellville
Arkansas,Sherwood,https://www.cvs.com/store-locator/cvs-pharmacy-locations/Arkansas/Sherwood
Arkansas,Springdale,https://www.cvs.com/store-locator/cvs-pharmacy-locations/Arkansas/Springdale
Arkansas,Texarkana,https://www.cvs.com/store-locator/cvs-pharmacy-locations/Arkansas/Texarkana
Arkansas,Van-Buren,https://www.cvs.com/store-locator/cvs-pharmacy-locations/Arkansas/Van-Buren
California,Adelanto,https://www.cvs.com/store-locator/cvs-pharmacy-locations/California/Adelanto
California,Agoura-Hills,https://www.cvs.com/store-locator/cvs-pharmacy-locations/California/Agoura-Hills
California,Alameda,https://www.cvs.com/store-locator/cvs-pharmacy-locations/California/Alameda
California,Alamo,https://www.cvs.com/store-locator/cvs-pharmacy-locations/California/Alamo
California,Albany,https://www.cvs.com/store-locator/cvs-pharmacy-locations/California/Albany
California,Alhambra,https://www.cvs.com/store-locator/cvs-pharmacy-locations/California/Alhambra
California,Aliso-Viejo,https://www.cvs.com/store-locator/cvs-pharmacy-locations/California/Aliso-Viejo
California,Alpine,https://www.cvs.com/store-locator/cvs-pharmacy-locations/California/Alpine
California,Anaheim,https://www.cvs.com/store-locator/cvs-pharmacy-locations/California/Anaheim
California,Anaheim-Hills,https://www.cvs.com/store-locator/cvs-pharmacy-locations/California/Anaheim-Hills
California,Anderson,https://www.cvs.com/store-locator/cvs-pharmacy-locations/California/Anderson
California,Angels-Camp,https://www.cvs.com/store-locator/cvs-pharmacy-locations/California/Angels-Camp
California,Antioch,https://www.cvs.com/store-locator/cvs-pharmacy-locations/California/Antioch
California,Apple-Valley,https://www.cvs.com/store-locator/cvs-pharmacy-locations/California/Apple-Valley
California,Aptos,https://www.cvs.com/store-locator/cvs-pharmacy-locations/California/Aptos
California,Arcadia,https://www.cvs.com/store-locator/cvs-pharmacy-locations/California/Arcadia
California,Arcata,https://www.cvs.com/store-locator/cvs-pharmacy-locations/California/Arcata
California,Arleta,https://www.cvs.com/store-locator/cvs-pharmacy-locations/California/Arleta
California,Arroyo-Grande,https://www.cvs.com/store-locator/cvs-pharmacy-locations/California/Arroyo-Grande
California,Artesia,https://www.cvs.com/store-locator/cvs-pharmacy-locations/California/Artesia
California,Arvin,https://www.cvs.com/store-locator/cvs-pharmacy-locations/California/Arvin
California,Atascadero,https://www.cvs.com/store-locator/cvs-pharmacy-locations/California/Atascadero
California,Atwater,https://www.cvs.com/store-locator/cvs-pharmacy-locations/California/Atwater
California,Auburn,https://www.cvs.com/store-locator/cvs-pharmacy-locations/California/Auburn
California,Azusa,https://www.cvs.com/store-locator/cvs-pharmacy-locations/California/Azusa
California,Bakersfield,https://www.cvs.com/store-locator/cvs-pharmacy-locations/California/Bakersfield
California,Baldwin-Park,https://www.cvs.com/store-locator/cvs-pharmacy-locations/California/Baldwin-Park
California,Bell,https://www.cvs.com/store-locator/cvs-pharmacy-locations/California/Bell
California,Benicia,https://www.cvs.com/store-locator/cvs-pharmacy-locations/California/Benicia
California,Berkeley,https://www.cvs.com/store-locator/cvs-pharmacy-locations/California/Berkeley
California,Beverly-Hills,https://www.cvs.com/store-locator/cvs-pharmacy-locations/California/Beverly-Hills
California,Big-Bear-Lake,https://www.cvs.com/store-locator/cvs-pharmacy-locations/California/Big-Bear-Lake
California,Brea,https://www.cvs.com/store-locator/cvs-pharmacy-locations/California/Brea
California,Brentwood,https://www.cvs.com/store-locator/cvs-pharmacy-locations/California/Brentwood
California,Buellton,https://www.cvs.com/store-locator/cvs-pharmacy-locations/California/Buellton
California,Buena-Park,https://www.cvs.com/store-locator/cvs-pharmacy-locations/California/Buena-Park
California,Burbank,https://www.cvs.com/store-locator/cvs-pharmacy-locations/California/Burbank
California,Burlingame,https://www.cvs.com/store-locator/cvs-pharmacy-locations/California/Burlingame
California,Calexico,https://www.cvs.com/store-locator/cvs-pharmacy-locations/California/Calexico
California,Camarillo,https://www.cvs.com/store-locator/cvs-pharmacy-locations/California/Camarillo
California,Cameron-Park,https://www.cvs.com/store-locator/cvs-pharmacy-locations/California/Cameron-Park
California,Campbell,https://www.cvs.com/store-locator/cvs-pharmacy-locations/California/Campbell
California,Canoga-Park,https://www.cvs.com/store-locator/cvs-pharmacy-locations/California/Canoga-Park
California,Canyon-Country,https://www.cvs.com/store-locator/cvs-pharmacy-locations/California/Canyon-Country
California,Capitola,https://www.cvs.com/store-locator/cvs-pharmacy-locations/California/Capitola
California,Carlsbad,https://www.cvs.com/store-locator/cvs-pharmacy-locations/California/Carlsbad
California,Carmel,https://www.cvs.com/store-locator/cvs-pharmacy-locations/California/Carmel
California,Carmichael,https://www.cvs.com/store-locator/cvs-pharmacy-locations/California/Carmichael
California,Carpinteria,https://www.cvs.com/store-locator/cvs-pharmacy-locations/California/Carpinteria
California,Carson,https://www.cvs.com/store-locator/cvs-pharmacy-locations/California/Carson
California,Castro-Valley,https://www.cvs.com/store-locator/cvs-pharmacy-locations/California/Castro-Valley
California,Cathedral-City,https://www.cvs.com/store-locator/cvs-pharmacy-locations/California/Cathedral-City
California,Cerritos,https://www.cvs.com/store-locator/cvs-pharmacy-locations/California/Cerritos
California,Chico,https://www.cvs.com/store-locator/cvs-pharmacy-locations/California/Chico
California,Chino,https://www.cvs.com/store-locator/cvs-pharmacy-locations/California/Chino
California,Chino-Hills,https://www.cvs.com/store-locator/cvs-pharmacy-locations/California/Chino-Hills
California,Chula-Vista,https://www.cvs.com/store-locator/cvs-pharmacy-locations/California/Chula-Vista
California,Citrus-Heights,https://www.cvs.com/store-locator/cvs-pharmacy-locations/California/Citrus-Heights
California,City-Of-Industry,https://www.cvs.com/store-locator/cvs-pharmacy-locations/California/City-Of-Industry
California,Clayton,https://www.cvs.com/store-locator/cvs-pharmacy-locations/California/Clayton
California,Cloverdale,https://www.cvs.com/store-locator/cvs-pharmacy-locations/California/Cloverdale
California,Clovis,https://www.cvs.com/store-locator/cvs-pharmacy-locations/California/Clovis
California,Coachella,https://www.cvs.com/store-locator/cvs-pharmacy-locations/California/Coachella
California,Colma,https://www.cvs.com/store-locator/cvs-pharmacy-locations/California/Colma
California,Colton,https://www.cvs.com/store-locator/cvs-pharmacy-locations/California/Colton
California,Commerce,https://www.cvs.com/store-locator/cvs-pharmacy-locations/California/Commerce
California,Compton,https://www.cvs.com/store-locator/cvs-pharmacy-locations/California/Compton
California,Concord,https://www.cvs.com/store-locator/cvs-pharmacy-locations/California/Concord
California,Corona,https://www.cvs.com/store-locator/cvs-pharmacy-locations/California/Corona
California,Corona-Del-Mar,https://www.cvs.com/store-locator/cvs-pharmacy-locations/California/Corona-Del-Mar
California,Costa-Mesa,https://www.cvs.com/store-locator/cvs-pharmacy-locations/California/Costa-Mesa
California,Covina,https://www.cvs.com/store-locator/cvs-pharmacy-locations/California/Covina
California,Crescent-City,https://www.cvs.com/store-locator/cvs-pharmacy-locations/California/Crescent-City
California,Culver-City,https://www.cvs.com/store-locator/cvs-pharmacy-locations/California/Culver-City
California,Cupertino,https://www.cvs.com/store-locator/cvs-pharmacy-locations/California/Cupertino
California,Cypress,https://www.cvs.com/store-locator/cvs-pharmacy-locations/California/Cypress
California,Daly-City,https://www.cvs.com/store-locator/cvs-pharmacy-locations/California/Daly-City
California,Dana-Point,https://www.cvs.com/store-locator/cvs-pharmacy-locations/California/Dana-Point
California,Danville,https://www.cvs.com/store-locator/cvs-pharmacy-locations/California/Danville
California,Davis,https://www.cvs.com/store-locator/cvs-pharmacy-locations/California/Davis
California,Del-Mar,https://www.cvs.com/store-locator/cvs-pharmacy-locations/California/Del-Mar
California,Delano,https://www.cvs.com/store-locator/cvs-pharmacy-locations/California/Delano
California,Diamond-Bar,https://www.cvs.com/store-locator/cvs-pharmacy-locations/California/Diamond-Bar
California,Discovery-Bay,https://www.cvs.com/store-locator/cvs-pharmacy-locations/California/Discovery-Bay
California,Dixon,https://www.cvs.com/store-locator/cvs-pharmacy-locations/California/Dixon
California,Downey,https://www.cvs.com/store-locator/cvs-pharmacy-locations/California/Downey
California,Duarte,https://www.cvs.com/store-locator/cvs-pharmacy-locations/California/Duarte
California,Dublin,https://www.cvs.com/store-locator/cvs-pharmacy-locations/California/Dublin
California,Eagle-Rock,https://www.cvs.com/store-locator/cvs-pharmacy-locations/California/Eagle-Rock
California,Eastvale,https://www.cvs.com/store-locator/cvs-pharmacy-locations/California/Eastvale
California,El-Cajon,https://www.cvs.com/store-locator/cvs-pharmacy-locations/California/El-Cajon
California,El-Centro,https://www.cvs.com/store-locator/cvs-pharmacy-locations/California/El-Centro
California,El-Cerrito,https://www.cvs.com/store-locator/cvs-pharmacy-locations/California/El-Cerrito
California,El-Dorado-Hills,https://www.cvs.com/store-locator/cvs-pharmacy-locations/California/El-Dorado-Hills
California,El-Monte,https://www.cvs.com/store-locator/cvs-pharmacy-locations/California/El-Monte
California,Elk-Grove,https://www.cvs.com/store-locator/cvs-pharmacy-locations/California/Elk-Grove
California,Emeryville,https://www.cvs.com/store-locator/cvs-pharmacy-locations/California/Emeryville
California,Encinitas,https://www.cvs.com/store-locator/cvs-pharmacy-locations/California/Encinitas
California,Encino,https://www.cvs.com/store-locator/cvs-pharmacy-locations/California/Encino
California,Escondido,https://www.cvs.com/store-locator/cvs-pharmacy-locations/California/Escondido
California,Eureka,https://www.cvs.com/store-locator/cvs-pharmacy-locations/California/Eureka
California,Fair-Oaks,https://www.cvs.com/store-locator/cvs-pharmacy-locations/California/Fair-Oaks
California,Fairfield,https://www.cvs.com/store-locator/cvs-pharmacy-locations/California/Fairfield
California,Fallbrook,https://www.cvs.com/store-locator/cvs-pharmacy-locations/California/Fallbrook
California,Felton,https://www.cvs.com/store-locator/cvs-pharmacy-locations/California/Felton
California,Fillmore,https://www.cvs.com/store-locator/cvs-pharmacy-locations/California/Fillmore
California,Folsom,https://www.cvs.com/store-locator/cvs-pharmacy-locations/California/Folsom
California,Fontana,https://www.cvs.com/store-locator/cvs-pharmacy-locations/California/Fontana
California,Foothill-Ranch,https://www.cvs.com/store-locator/cvs-pharmacy-locations/California/Foothill-Ranch
California,Fort-Bragg,https://www.cvs.com/store-locator/cvs-pharmacy-locations/California/Fort-Bragg
California,Foster-City,https://www.cvs.com/store-locator/cvs-pharmacy-locations/California/Foster-City
California,Fountain-Valley,https://www.cvs.com/store-locator/cvs-pharmacy-locations/California/Fountain-Valley
California,Fremont,https://www.cvs.com/store-locator/cvs-pharmacy-locations/California/Fremont
California,Fresno,https://www.cvs.com/store-locator/cvs-pharmacy-locations/California/Fresno
California,Fullerton,https://www.cvs.com/store-locator/cvs-pharmacy-locations/California/Fullerton
California,Galt,https://www.cvs.com/store-locator/cvs-pharmacy-locations/California/Galt
California,Garden-Grove,https://www.cvs.com/store-locator/cvs-pharmacy-locations/California/Garden-Grove
California,Gardena,https://www.cvs.com/store-locator/cvs-pharmacy-locations/California/Gardena
California,Gilroy,https://www.cvs.com/store-locator/cvs-pharmacy-locations/California/Gilroy
California,Glendale,https://www.cvs.com/store-locator/cvs-pharmacy-locations/California/Glendale
California,Glendora,https://www.cvs.com/store-locator/cvs-pharmacy-locations/California/Glendora
California,Goleta,https://www.cvs.com/store-locator/cvs-pharmacy-locations/California/Goleta
California,Granada-Hills,https://www.cvs.com/store-locator/cvs-pharmacy-locations/California/Granada-Hills
California,Grand-Terrace,https://www.cvs.com/store-locator/cvs-pharmacy-locations/California/Grand-Terrace
California,Granite-Bay,https://www.cvs.com/store-locator/cvs-pharmacy-locations/California/Granite-Bay
California,Grass-Valley,https://www.cvs.com/store-locator/cvs-pharmacy-locations/California/Grass-Valley
California,Greenbrae,https://www.cvs.com/store-locator/cvs-pharmacy-locations/California/Greenbrae
California,Gridley,https://www.cvs.com/store-locator/cvs-pharmacy-locations/California/Gridley
California,Hacienda-Heights,https://www.cvs.com/store-locator/cvs-pharmacy-locations/California/Hacienda-Heights
California,Half-Moon-Bay,https://www.cvs.com/store-locator/cvs-pharmacy-locations/California/Half-Moon-Bay
California,Hanford,https://www.cvs.com/store-locator/cvs-pharmacy-locations/California/Hanford
California,Hawaiian-Gardens,https://www.cvs.com/store-locator/cvs-pharmacy-locations/California/Hawaiian-Gardens
California,Hawthorne,https://www.cvs.com/store-locator/cvs-pharmacy-locations/California/Hawthorne
California,Hayward,https://www.cvs.com/store-locator/cvs-pharmacy-locations/California/Hayward
California,Healdsburg,https://www.cvs.com/store-locator/cvs-pharmacy-locations/California/Healdsburg
California,Hemet,https://www.cvs.com/store-locator/cvs-pharmacy-locations/California/Hemet
California,Hermosa-Beach,https://www.cvs.com/store-locator/cvs-pharmacy-locations/California/Hermosa-Beach
California,Hesperia,https://www.cvs.com/store-locator/cvs-pharmacy-locations/California/Hesperia
California,Highland,https://www.cvs.com/store-locator/cvs-pharmacy-locations/California/Highland
California,Hollister,https://www.cvs.com/store-locator/cvs-pharmacy-locations/California/Hollister
California,Hollywood,https://www.cvs.com/store-locator/cvs-pharmacy-locations/California/Hollywood
California,Huntington-Beach,https://www.cvs.com/store-locator/cvs-pharmacy-locations/California/Huntington-Beach
California,Huntington-Park,https://www.cvs.com/store-locator/cvs-pharmacy-locations/California/Huntington-Park
California,Imperial-Beach,https://www.cvs.com/store-locator/cvs-pharmacy-locations/California/Imperial-Beach
California,Indian-Wells,https://www.cvs.com/store-locator/cvs-pharmacy-locations/California/Indian-Wells
California,Indio,https://www.cvs.com/store-locator/cvs-pharmacy-locations/California/Indio
California,Inglewood,https://www.cvs.com/store-locator/cvs-pharmacy-locations/California/Inglewood
California,Irvine,https://www.cvs.com/store-locator/cvs-pharmacy-locations/California/Irvine
California,Jackson,https://www.cvs.com/store-locator/cvs-pharmacy-locations/California/Jackson
California,Jurupa-Valley,https://www.cvs.com/store-locator/cvs-pharmacy-locations/California/Jurupa-Valley
California,Kingsburg,https://www.cvs.com/store-locator/cvs-pharmacy-locations/California/Kingsburg
California,La-Habra,https://www.cvs.com/store-locator/cvs-pharmacy-locations/California/La-Habra
California,La-Jolla,https://www.cvs.com/store-locator/cvs-pharmacy-locations/California/La-Jolla
California,La-Mesa,https://www.cvs.com/store-locator/cvs-pharmacy-locations/California/La-Mesa
California,La-Mirada,https://www.cvs.com/store-locator/cvs-pharmacy-locations/California/La-Mirada
California,La-Puente,https://www.cvs.com/store-locator/cvs-pharmacy-locations/California/La-Puente
California,La-Quinta,https://www.cvs.com/store-locator/cvs-pharmacy-locations/California/La-Quinta
California,La-Verne,https://www.cvs.com/store-locator/cvs-pharmacy-locations/California/La-Verne
California,Ladera-Ranch,https://www.cvs.com/store-locator/cvs-pharmacy-locations/California/Ladera-Ranch
California,Lafayette,https://www.cvs.com/store-locator/cvs-pharmacy-locations/California/Lafayette
California,Laguna-Beach,https://www.cvs.com/store-locator/cvs-pharmacy-locations/California/Laguna-Beach
California,Laguna-Niguel,https://www.cvs.com/store-locator/cvs-pharmacy-locations/California/Laguna-Niguel
California,Laguna-Woods,https://www.cvs.com/store-locator/cvs-pharmacy-locations/California/Laguna-Woods
California,Lake-Arrowhead,https://www.cvs.com/store-locator/cvs-pharmacy-locations/California/Lake-Arrowhead
California,Lake-Elsinore,https://www.cvs.com/store-locator/cvs-pharmacy-locations/California/Lake-Elsinore
California,Lake-Forest,https://www.cvs.com/store-locator/cvs-pharmacy-locations/California/Lake-Forest
California,Lakeport,https://www.cvs.com/store-locator/cvs-pharmacy-locations/California/Lakeport
California,Lakewood,https://www.cvs.com/store-locator/cvs-pharmacy-locations/California/Lakewood
California,Lancaster,https://www.cvs.com/store-locator/cvs-pharmacy-locations/California/Lancaster
California,Lathrop,https://www.cvs.com/store-locator/cvs-pharmacy-locations/California/Lathrop
California,Lawndale,https://www.cvs.com/store-locator/cvs-pharmacy-locations/California/Lawndale
California,Lemon-Grove,https://www.cvs.com/store-locator/cvs-pharmacy-locations/California/Lemon-Grove
California,Lincoln,https://www.cvs.com/store-locator/cvs-pharmacy-locations/California/Lincoln
California,Livermore,https://www.cvs.com/store-locator/cvs-pharmacy-locations/California/Livermore
California,Livingston,https://www.cvs.com/store-locator/cvs-pharmacy-locations/California/Livingston
California,Lodi,https://www.cvs.com/store-locator/cvs-pharmacy-locations/California/Lodi
California,Lomita,https://www.cvs.com/store-locator/cvs-pharmacy-locations/California/Lomita
California,Lompoc,https://www.cvs.com/store-locator/cvs-pharmacy-locations/California/Lompoc
California,Long-Beach,https://www.cvs.com/store-locator/cvs-pharmacy-locations/California/Long-Beach
California,Los-Alamitos,https://www.cvs.com/store-locator/cvs-pharmacy-locations/California/Los-Alamitos
California,Los-Angeles,https://www.cvs.com/store-locator/cvs-pharmacy-locations/California/Los-Angeles
California,Los-Banos,https://www.cvs.com/store-locator/cvs-pharmacy-locations/California/Los-Banos
California,Los-Gatos,https://www.cvs.com/store-locator/cvs-pharmacy-locations/California/Los-Gatos
California,Lynwood,https://www.cvs.com/store-locator/cvs-pharmacy-locations/California/Lynwood
California,Madera,https://www.cvs.com/store-locator/cvs-pharmacy-locations/California/Madera
California,Malibu,https://www.cvs.com/store-locator/cvs-pharmacy-locations/California/Malibu
California,Manhattan-Beach,https://www.cvs.com/store-locator/cvs-pharmacy-locations/California/Manhattan-Beach
California,Manteca,https://www.cvs.com/store-locator/cvs-pharmacy-locations/California/Manteca
California,Mar-Vista,https://www.cvs.com/store-locator/cvs-pharmacy-locations/California/Mar-Vista
California,Marina,https://www.cvs.com/store-locator/cvs-pharmacy-locations/California/Marina
California,Marina-Del-Rey,https://www.cvs.com/store-locator/cvs-pharmacy-locations/California/Marina-Del-Rey
California,Martinez,https://www.cvs.com/store-locator/cvs-pharmacy-locations/California/Martinez
California,Marysville,https://www.cvs.com/store-locator/cvs-pharmacy-locations/California/Marysville
California,Mckinleyville,https://www.cvs.com/store-locator/cvs-pharmacy-locations/California/Mckinleyville
California,Menifee,https://www.cvs.com/store-locator/cvs-pharmacy-locations/California/Menifee
California,Menlo-Park,https://www.cvs.com/store-locator/cvs-pharmacy-locations/California/Menlo-Park
California,Merced,https://www.cvs.com/store-locator/cvs-pharmacy-locations/California/Merced
California,Mill-Valley,https://www.cvs.com/store-locator/cvs-pharmacy-locations/California/Mill-Valley
California,Milpitas,https://www.cvs.com/store-locator/cvs-pharmacy-locations/California/Milpitas
California,Mission-Hills,https://www.cvs.com/store-locator/cvs-pharmacy-locations/California/Mission-Hills
California,Mission-Viejo,https://www.cvs.com/store-locator/cvs-pharmacy-locations/California/Mission-Viejo
California,Modesto,https://www.cvs.com/store-locator/cvs-pharmacy-locations/California/Modesto
California,Monrovia,https://www.cvs.com/store-locator/cvs-pharmacy-locations/California/Monrovia
California,Montclair,https://www.cvs.com/store-locator/cvs-pharmacy-locations/California/Montclair
California,Montebello,https://www.cvs.com/store-locator/cvs-pharmacy-locations/California/Montebello
California,Monterey,https://www.cvs.com/store-locator/cvs-pharmacy-locations/California/Monterey
California,Monterey-Park,https://www.cvs.com/store-locator/cvs-pharmacy-locations/California/Monterey-Park
California,Montrose,https://www.cvs.com/store-locator/cvs-pharmacy-locations/California/Montrose
California,Moorpark,https://www.cvs.com/store-locator/cvs-pharmacy-locations/California/Moorpark
California,Moraga,https://www.cvs.com/store-locator/cvs-pharmacy-locations/California/Moraga
California,Moreno-Valley,https://www.cvs.com/store-locator/cvs-pharmacy-locations/California/Moreno-Valley
California,Morgan-Hill,https://www.cvs.com/store-locator/cvs-pharmacy-locations/California/Morgan-Hill
California,Mount-Shasta,https://www.cvs.com/store-locator/cvs-pharmacy-locations/California/Mount-Shasta
California,Mountain-View,https://www.cvs.com/store-locator/cvs-pharmacy-locations/California/Mountain-View
California,Murrieta,https://www.cvs.com/store-locator/cvs-pharmacy-locations/California/Murrieta
California,Napa,https://www.cvs.com/store-locator/cvs-pharmacy-locations/California/Napa
California,National-City,https://www.cvs.com/store-locator/cvs-pharmacy-locations/California/National-City
California,Newark,https://www.cvs.com/store-locator/cvs-pharmacy-locations/California/Newark
California,Newbury-Park,https://www.cvs.com/store-locator/cvs-pharmacy-locations/California/Newbury-Park
California,Newport-Beach,https://www.cvs.com/store-locator/cvs-pharmacy-locations/California/Newport-Beach
California,Nipomo,https://www.cvs.com/store-locator/cvs-pharmacy-locations/California/Nipomo
California,Norco,https://www.cvs.com/store-locator/cvs-pharmacy-locations/California/Norco
California,North-Hollywood,https://www.cvs.com/store-locator/cvs-pharmacy-locations/California/North-Hollywood
California,Northridge,https://www.cvs.com/store-locator/cvs-pharmacy-locations/California/Northridge
California,Norwalk,https://www.cvs.com/store-locator/cvs-pharmacy-locations/California/Norwalk
California,Novato,https://www.cvs.com/store-locator/cvs-pharmacy-locations/California/Novato
California,Oak-Park,https://www.cvs.com/store-locator/cvs-pharmacy-locations/California/Oak-Park
California,Oakdale,https://www.cvs.com/store-locator/cvs-pharmacy-locations/California/Oakdale
California,Oakhurst,https://www.cvs.com/store-locator/cvs-pharmacy-locations/California/Oakhurst
California,Oakland,https://www.cvs.com/store-locator/cvs-pharmacy-locations/California/Oakland
California,Oceanside,https://www.cvs.com/store-locator/cvs-pharmacy-locations/California/Oceanside
California,Ontario,https://www.cvs.com/store-locator/cvs-pharmacy-locations/California/Ontario
California,Orange,https://www.cvs.com/store-locator/cvs-pharmacy-locations/California/Orange
California,Orinda,https://www.cvs.com/store-locator/cvs-pharmacy-locations/California/Orinda
California,Orland,https://www.cvs.com/store-locator/cvs-pharmacy-locations/California/Orland
California,Oroville,https://www.cvs.com/store-locator/cvs-pharmacy-locations/California/Oroville
California,Oxnard,https://www.cvs.com/store-locator/cvs-pharmacy-locations/California/Oxnard
California,Pacific-Palisades,https://www.cvs.com/store-locator/cvs-pharmacy-locations/California/Pacific-Palisades
California,Palm-Desert,https://www.cvs.com/store-locator/cvs-pharmacy-locations/California/Palm-Desert
California,Palm-Springs,https://www.cvs.com/store-locator/cvs-pharmacy-locations/California/Palm-Springs
California,Palmdale,https://www.cvs.com/store-locator/cvs-pharmacy-locations/California/Palmdale
California,Palo-Alto,https://www.cvs.com/store-locator/cvs-pharmacy-locations/California/Palo-Alto
California,Paramount,https://www.cvs.com/store-locator/cvs-pharmacy-locations/California/Paramount
California,Pasadena,https://www.cvs.com/store-locator/cvs-pharmacy-locations/California/Pasadena
California,Paso-Robles,https://www.cvs.com/store-locator/cvs-pharmacy-locations/California/Paso-Robles
California,Perris,https://www.cvs.com/store-locator/cvs-pharmacy-locations/California/Perris
California,Petaluma,https://www.cvs.com/store-locator/cvs-pharmacy-locations/California/Petaluma
California,Pico-Rivera,https://www.cvs.com/store-locator/cvs-pharmacy-locations/California/Pico-Rivera
California,Pinole,https://www.cvs.com/store-locator/cvs-pharmacy-locations/California/Pinole
California,Pismo-Beach,https://www.cvs.com/store-locator/cvs-pharmacy-locations/California/Pismo-Beach
California,Placentia,https://www.cvs.com/store-locator/cvs-pharmacy-locations/California/Placentia
California,Placerville,https://www.cvs.com/store-locator/cvs-pharmacy-locations/California/Placerville
California,Playa-Vista,https://www.cvs.com/store-locator/cvs-pharmacy-locations/California/Playa-Vista
California,Pleasant-Hill,https://www.cvs.com/store-locator/cvs-pharmacy-locations/California/Pleasant-Hill
California,Pleasanton,https://www.cvs.com/store-locator/cvs-pharmacy-locations/California/Pleasanton
California,Pollock-Pines,https://www.cvs.com/store-locator/cvs-pharmacy-locations/California/Pollock-Pines
California,Pomona,https://www.cvs.com/store-locator/cvs-pharmacy-locations/California/Pomona
California,Port-Hueneme,https://www.cvs.com/store-locator/cvs-pharmacy-locations/California/Port-Hueneme
California,Porter-Ranch,https://www.cvs.com/store-locator/cvs-pharmacy-locations/California/Porter-Ranch
California,Porterville,https://www.cvs.com/store-locator/cvs-pharmacy-locations/California/Porterville
California,Poway,https://www.cvs.com/store-locator/cvs-pharmacy-locations/California/Poway
California,Prather,https://www.cvs.com/store-locator/cvs-pharmacy-locations/California/Prather
California,Ramona,https://www.cvs.com/store-locator/cvs-pharmacy-locations/California/Ramona
California,Rancho-Bernardo,https://www.cvs.com/store-locator/cvs-pharmacy-locations/California/Rancho-Bernardo
California,Rancho-Cordova,https://www.cvs.com/store-locator/cvs-pharmacy-locations/California/Rancho-Cordova
California,Rancho-Cucamonga,https://www.cvs.com/store-locator/cvs-pharmacy-locations/California/Rancho-Cucamonga
California,Rancho-Mirage,https://www.cvs.com/store-locator/cvs-pharmacy-locations/California/Rancho-Mirage
California,Rancho-Santa-Margarita,https://www.cvs.com/store-locator/cvs-pharmacy-locations/California/Rancho-Santa-Margarita
California,Red-Bluff,https://www.cvs.com/store-locator/cvs-pharmacy-locations/California/Red-Bluff
California,Redding,https://www.cvs.com/store-locator/cvs-pharmacy-locations/California/Redding
California,Redlands,https://www.cvs.com/store-locator/cvs-pharmacy-locations/California/Redlands
California,Redondo-Beach,https://www.cvs.com/store-locator/cvs-pharmacy-locations/California/Redondo-Beach
California,Redwood-City,https://www.cvs.com/store-locator/cvs-pharmacy-locations/California/Redwood-City
California,Reedley,https://www.cvs.com/store-locator/cvs-pharmacy-locations/California/Reedley
California,Reseda,https://www.cvs.com/store-locator/cvs-pharmacy-locations/California/Reseda
California,Rialto,https://www.cvs.com/store-locator/cvs-pharmacy-locations/California/Rialto
California,Richmond,https://www.cvs.com/store-locator/cvs-pharmacy-locations/California/Richmond
California,Ripon,https://www.cvs.com/store-locator/cvs-pharmacy-locations/California/Ripon
California,Riverbank,https://www.cvs.com/store-locator/cvs-pharmacy-locations/California/Riverbank
California,Riverside,https://www.cvs.com/store-locator/cvs-pharmacy-locations/California/Riverside
California,Rocklin,https://www.cvs.com/store-locator/cvs-pharmacy-locations/California/Rocklin
California,Rohnert-Park,https://www.cvs.com/store-locator/cvs-pharmacy-locations/California/Rohnert-Park
California,Rolling-Hills-Estates,https://www.cvs.com/store-locator/cvs-pharmacy-locations/California/Rolling-Hills-Estates
California,Rosemead,https://www.cvs.com/store-locator/cvs-pharmacy-locations/California/Rosemead
California,Roseville,https://www.cvs.com/store-locator/cvs-pharmacy-locations/California/Roseville
California,Sacramento,https://www.cvs.com/store-locator/cvs-pharmacy-locations/California/Sacramento
California,Salinas,https://www.cvs.com/store-locator/cvs-pharmacy-locations/California/Salinas
California,San-Anselmo,https://www.cvs.com/store-locator/cvs-pharmacy-locations/California/San-Anselmo
California,San-Bernardino,https://www.cvs.com/store-locator/cvs-pharmacy-locations/California/San-Bernardino
California,San-Bruno,https://www.cvs.com/store-locator/cvs-pharmacy-locations/California/San-Bruno
California,San-Carlos,https://www.cvs.com/store-locator/cvs-pharmacy-locations/California/San-Carlos
California,San-Clemente,https://www.cvs.com/store-locator/cvs-pharmacy-locations/California/San-Clemente
California,San-Diego,https://www.cvs.com/store-locator/cvs-pharmacy-locations/California/San-Diego
California,San-Dimas,https://www.cvs.com/store-locator/cvs-pharmacy-locations/California/San-Dimas
California,San-Fernando,https://www.cvs.com/store-locator/cvs-pharmacy-locations/California/San-Fernando
California,San-Francisco,https://www.cvs.com/store-locator/cvs-pharmacy-locations/California/San-Francisco
California,San-Gabriel,https://www.cvs.com/store-locator/cvs-pharmacy-locations/California/San-Gabriel
California,San-Jacinto,https://www.cvs.com/store-locator/cvs-pharmacy-locations/California/San-Jacinto
California,San-Jose,https://www.cvs.com/store-locator/cvs-pharmacy-locations/California/San-Jose
California,San-Juan-Capistrano,https://www.cvs.com/store-locator/cvs-pharmacy-locations/California/San-Juan-Capistrano
California,San-Leandro,https://www.cvs.com/store-locator/cvs-pharmacy-locations/California/San-Leandro
California,San-Luis-Obispo,https://www.cvs.com/store-locator/cvs-pharmacy-locations/California/San-Luis-Obispo
California,San-Marcos,https://www.cvs.com/store-locator/cvs-pharmacy-locations/California/San-Marcos
California,San-Mateo,https://www.cvs.com/store-locator/cvs-pharmacy-locations/California/San-Mateo
California,San-Pedro,https://www.cvs.com/store-locator/cvs-pharmacy-locations/California/San-Pedro
California,San-Rafael,https://www.cvs.com/store-locator/cvs-pharmacy-locations/California/San-Rafael
California,San-Ramon,https://www.cvs.com/store-locator/cvs-pharmacy-locations/California/San-Ramon
California,Sand-City,https://www.cvs.com/store-locator/cvs-pharmacy-locations/California/Sand-City
California,Sanger,https://www.cvs.com/store-locator/cvs-pharmacy-locations/California/Sanger
California,Santa-Ana,https://www.cvs.com/store-locator/cvs-pharmacy-locations/California/Santa-Ana
California,Santa-Barbara,https://www.cvs.com/store-locator/cvs-pharmacy-locations/California/Santa-Barbara
California,Santa-Clara,https://www.cvs.com/store-locator/cvs-pharmacy-locations/California/Santa-Clara
California,Santa-Clarita,https://www.cvs.com/store-locator/cvs-pharmacy-locations/California/Santa-Clarita
California,Santa-Cruz,https://www.cvs.com/store-locator/cvs-pharmacy-locations/California/Santa-Cruz
California,Santa-Fe-Springs,https://www.cvs.com/store-locator/cvs-pharmacy-locations/California/Santa-Fe-Springs
California,Santa-Maria,https://www.cvs.com/store-locator/cvs-pharmacy-locations/California/Santa-Maria
California,Santa-Monica,https://www.cvs.com/store-locator/cvs-pharmacy-locations/California/Santa-Monica
California,Santa-Paula,https://www.cvs.com/store-locator/cvs-pharmacy-locations/California/Santa-Paula
California,Santa-Rosa,https://www.cvs.com/store-locator/cvs-pharmacy-locations/California/Santa-Rosa
California,Santee,https://www.cvs.com/store-locator/cvs-pharmacy-locations/California/Santee
California,Saratoga,https://www.cvs.com/store-locator/cvs-pharmacy-locations/California/Saratoga
California,Saugus,https://www.cvs.com/store-locator/cvs-pharmacy-locations/California/Saugus
California,Sausalito,https://www.cvs.com/store-locator/cvs-pharmacy-locations/California/Sausalito
California,Scotts-Valley,https://www.cvs.com/store-locator/cvs-pharmacy-locations/California/Scotts-Valley
California,Seal-Beach,https://www.cvs.com/store-locator/cvs-pharmacy-locations/California/Seal-Beach
California,Sebastopol,https://www.cvs.com/store-locator/cvs-pharmacy-locations/California/Sebastopol
California,Sherman-Oaks,https://www.cvs.com/store-locator/cvs-pharmacy-locations/California/Sherman-Oaks
California,Signal-Hill,https://www.cvs.com/store-locator/cvs-pharmacy-locations/California/Signal-Hill
California,Simi-Valley,https://www.cvs.com/store-locator/cvs-pharmacy-locations/California/Simi-Valley
California,Solana-Beach,https://www.cvs.com/store-locator/cvs-pharmacy-locations/California/Solana-Beach
California,Soledad,https://www.cvs.com/store-locator/cvs-pharmacy-locations/California/Soledad
California,Solvang,https://www.cvs.com/store-locator/cvs-pharmacy-locations/California/Solvang
California,Sonoma,https://www.cvs.com/store-locator/cvs-pharmacy-locations/California/Sonoma
California,Sonora,https://www.cvs.com/store-locator/cvs-pharmacy-locations/California/Sonora
California,South-El-Monte,https://www.cvs.com/store-locator/cvs-pharmacy-locations/California/South-El-Monte
California,South-Gate,https://www.cvs.com/store-locator/cvs-pharmacy-locations/California/South-Gate
California,South-Lake-Tahoe,https://www.cvs.com/store-locator/cvs-pharmacy-locations/California/South-Lake-Tahoe
California,Spring-Valley,https://www.cvs.com/store-locator/cvs-pharmacy-locations/California/Spring-Valley
California,Stanton,https://www.cvs.com/store-locator/cvs-pharmacy-locations/California/Stanton
California,Stockton,https://www.cvs.com/store-locator/cvs-pharmacy-locations/California/Stockton
California,Studio-City,https://www.cvs.com/store-locator/cvs-pharmacy-locations/California/Studio-City
California,Sun-Valley,https://www.cvs.com/store-locator/cvs-pharmacy-locations/California/Sun-Valley
California,Sunnyvale,https://www.cvs.com/store-locator/cvs-pharmacy-locations/California/Sunnyvale
California,Sylmar,https://www.cvs.com/store-locator/cvs-pharmacy-locations/California/Sylmar
California,Tahoe-City,https://www.cvs.com/store-locator/cvs-pharmacy-locations/California/Tahoe-City
California,Tarzana,https://www.cvs.com/store-locator/cvs-pharmacy-locations/California/Tarzana
California,Temecula,https://www.cvs.com/store-locator/cvs-pharmacy-locations/California/Temecula
California,Thousand-Oaks,https://www.cvs.com/store-locator/cvs-pharmacy-locations/California/Thousand-Oaks
California,Tiburon,https://www.cvs.com/store-locator/cvs-pharmacy-locations/California/Tiburon
California,Torrance,https://www.cvs.com/store-locator/cvs-pharmacy-locations/California/Torrance
California,Trabuco-Canyon,https://www.cvs.com/store-locator/cvs-pharmacy-locations/California/Trabuco-Canyon
California,Tracy,https://www.cvs.com/store-locator/cvs-pharmacy-locations/California/Tracy
California,Truckee,https://www.cvs.com/store-locator/cvs-pharmacy-locations/California/Truckee
California,Tujunga,https://www.cvs.com/store-locator/cvs-pharmacy-locations/California/Tujunga
California,Tulare,https://www.cvs.com/store-locator/cvs-pharmacy-locations/California/Tulare
California,Turlock,https://www.cvs.com/store-locator/cvs-pharmacy-locations/California/Turlock
California,Tustin,https://www.cvs.com/store-locator/cvs-pharmacy-locations/California/Tustin
California,Ukiah,https://www.cvs.com/store-locator/cvs-pharmacy-locations/California/Ukiah
California,Upland,https://www.cvs.com/store-locator/cvs-pharmacy-locations/California/Upland
California,Vacaville,https://www.cvs.com/store-locator/cvs-pharmacy-locations/California/Vacaville
California,Valencia,https://www.cvs.com/store-locator/cvs-pharmacy-locations/California/Valencia
California,Vallejo,https://www.cvs.com/store-locator/cvs-pharmacy-locations/California/Vallejo
California,Valley-Springs,https://www.cvs.com/store-locator/cvs-pharmacy-locations/California/Valley-Springs
California,Van-Nuys,https://www.cvs.com/store-locator/cvs-pharmacy-locations/California/Van-Nuys
California,Venice,https://www.cvs.com/store-locator/cvs-pharmacy-locations/California/Venice
California,Ventura,https://www.cvs.com/store-locator/cvs-pharmacy-locations/California/Ventura
California,Victorville,https://www.cvs.com/store-locator/cvs-pharmacy-locations/California/Victorville
California,Visalia,https://www.cvs.com/store-locator/cvs-pharmacy-locations/California/Visalia
California,Vista,https://www.cvs.com/store-locator/cvs-pharmacy-locations/California/Vista
California,Walnut-Creek,https://www.cvs.com/store-locator/cvs-pharmacy-locations/California/Walnut-Creek
California,Walnut-Park,https://www.cvs.com/store-locator/cvs-pharmacy-locations/California/Walnut-Park
California,Watsonville,https://www.cvs.com/store-locator/cvs-pharmacy-locations/California/Watsonville
California,Weaverville,https://www.cvs.com/store-locator/cvs-pharmacy-locations/California/Weaverville
California,West-Covina,https://www.cvs.com/store-locator/cvs-pharmacy-locations/California/West-Covina
California,West-Hills,https://www.cvs.com/store-locator/cvs-pharmacy-locations/California/West-Hills
California,West-Hollywood,https://www.cvs.com/store-locator/cvs-pharmacy-locations/California/West-Hollywood
California,West-Sacramento,https://www.cvs.com/store-locator/cvs-pharmacy-locations/California/West-Sacramento
California,Westlake-Village,https://www.cvs.com/store-locator/cvs-pharmacy-locations/California/Westlake-Village
California,Westminster,https://www.cvs.com/store-locator/cvs-pharmacy-locations/California/Westminster
California,Whittier,https://www.cvs.com/store-locator/cvs-pharmacy-locations/California/Whittier
California,Wilmington,https://www.cvs.com/store-locator/cvs-pharmacy-locations/California/Wilmington
California,Winchester,https://www.cvs.com/store-locator/cvs-pharmacy-locations/California/Winchester
California,Windsor,https://www.cvs.com/store-locator/cvs-pharmacy-locations/California/Windsor
California,Winnetka,https://www.cvs.com/store-locator/cvs-pharmacy-locations/California/Winnetka
California,Woodland,https://www.cvs.com/store-locator/cvs-pharmacy-locations/California/Woodland
California,Woodland-Hills,https://www.cvs.com/store-locator/cvs-pharmacy-locations/California/Woodland-Hills
California,Yorba-Linda,https://www.cvs.com/store-locator/cvs-pharmacy-locations/California/Yorba-Linda
California,Yuba-City,https://www.cvs.com/store-locator/cvs-pharmacy-locations/California/Yuba-City
California,Yucaipa,https://www.cvs.com/store-locator/cvs-pharmacy-locations/California/Yucaipa
Colorado,Arvada,https://www.cvs.com/store-locator/cvs-pharmacy-locations/Colorado/Arvada
Colorado,Aurora,https://www.cvs.com/store-locator/cvs-pharmacy-locations/Colorado/Aurora
Colorado,Boulder,https://www.cvs.com/store-locator/cvs-pharmacy-locations/Colorado/Boulder
Colorado,Brighton,https://www.cvs.com/store-locator/cvs-pharmacy-locations/Colorado/Brighton
Colorado,Castle-Rock,https://www.cvs.com/store-locator/cvs-pharmacy-locations/Colorado/Castle-Rock
Colorado,Colorado-Springs,https://www.cvs.com/store-locator/cvs-pharmacy-locations/Colorado/Colorado-Springs
Colorado,Denver,https://www.cvs.com/store-locator/cvs-pharmacy-locations/Colorado/Denver
Colorado,Edgewater,https://www.cvs.com/store-locator/cvs-pharmacy-locations/Colorado/Edgewater
Colorado,Englewood,https://www.cvs.com/store-locator/cvs-pharmacy-locations/Colorado/Englewood
Colorado,Firestone,https://www.cvs.com/store-locator/cvs-pharmacy-locations/Colorado/Firestone
Colorado,Fort-Collins,https://www.cvs.com/store-locator/cvs-pharmacy-locations/Colorado/Fort-Collins
Colorado,Glendale,https://www.cvs.com/store-locator/cvs-pharmacy-locations/Colorado/Glendale
Colorado,Glenwood-Springs,https://www.cvs.com/store-locator/cvs-pharmacy-locations/Colorado/Glenwood-Springs
Colorado,Grand-Junction,https://www.cvs.com/store-locator/cvs-pharmacy-locations/Colorado/Grand-Junction
Colorado,Greeley,https://www.cvs.com/store-locator/cvs-pharmacy-locations/Colorado/Greeley
Colorado,Highlands-Ranch,https://www.cvs.com/store-locator/cvs-pharmacy-locations/Colorado/Highlands-Ranch
Colorado,Lakewood,https://www.cvs.com/store-locator/cvs-pharmacy-locations/Colorado/Lakewood
Colorado,Littleton,https://www.cvs.com/store-locator/cvs-pharmacy-locations/Colorado/Littleton
Colorado,Lone-Tree,https://www.cvs.com/store-locator/cvs-pharmacy-locations/Colorado/Lone-Tree
Colorado,Longmont,https://www.cvs.com/store-locator/cvs-pharmacy-locations/Colorado/Longmont
Colorado,Loveland,https://www.cvs.com/store-locator/cvs-pharmacy-locations/Colorado/Loveland
Colorado,Montrose,https://www.cvs.com/store-locator/cvs-pharmacy-locations/Colorado/Montrose
Colorado,Parker,https://www.cvs.com/store-locator/cvs-pharmacy-locations/Colorado/Parker
Colorado,Pueblo,https://www.cvs.com/store-locator/cvs-pharmacy-locations/Colorado/Pueblo
Colorado,Sheridan,https://www.cvs.com/store-locator/cvs-pharmacy-locations/Colorado/Sheridan
Colorado,Silverthorne,https://www.cvs.com/store-locator/cvs-pharmacy-locations/Colorado/Silverthorne
Colorado,Superior,https://www.cvs.com/store-locator/cvs-pharmacy-locations/Colorado/Superior
Colorado,Thornton,https://www.cvs.com/store-locator/cvs-pharmacy-locations/Colorado/Thornton
Colorado,Westminster,https://www.cvs.com/store-locator/cvs-pharmacy-locations/Colorado/Westminster
Colorado,Wheat-Ridge,https://www.cvs.com/store-locator/cvs-pharmacy-locations/Colorado/Wheat-Ridge
Connecticut,Ansonia,https://www.cvs.com/store-locator/cvs-pharmacy-locations/Connecticut/Ansonia
Connecticut,Avon,https://www.cvs.com/store-locator/cvs-pharmacy-locations/Connecticut/Avon
Connecticut,Bethel,https://www.cvs.com/store-locator/cvs-pharmacy-locations/Connecticut/Bethel
Connecticut,Bloomfield,https://www.cvs.com/store-locator/cvs-pharmacy-locations/Connecticut/Bloomfield
Connecticut,Branford,https://www.cvs.com/store-locator/cvs-pharmacy-locations/Connecticut/Branford
Connecticut,Bridgeport,https://www.cvs.com/store-locator/cvs-pharmacy-locations/Connecticut/Bridgeport
Connecticut,Bristol,https://www.cvs.com/store-locator/cvs-pharmacy-locations/Connecticut/Bristol
Connecticut,Brookfield,https://www.cvs.com/store-locator/cvs-pharmacy-locations/Connecticut/Brookfield
Connecticut,Brooklyn,https://www.cvs.com/store-locator/cvs-pharmacy-locations/Connecticut/Brooklyn
Connecticut,Burlington,https://www.cvs.com/store-locator/cvs-pharmacy-locations/Connecticut/Burlington
Connecticut,Canton,https://www.cvs.com/store-locator/cvs-pharmacy-locations/Connecticut/Canton
Connecticut,Cheshire,https://www.cvs.com/store-locator/cvs-pharmacy-locations/Connecticut/Cheshire
Connecticut,Clinton,https://www.cvs.com/store-locator/cvs-pharmacy-locations/Connecticut/Clinton
Connecticut,Colchester,https://www.cvs.com/store-locator/cvs-pharmacy-locations/Connecticut/Colchester
Connecticut,Cos-Cob,https://www.cvs.com/store-locator/cvs-pharmacy-locations/Connecticut/Cos-Cob
Connecticut,Coventry,https://www.cvs.com/store-locator/cvs-pharmacy-locations/Connecticut/Coventry
Connecticut,Cromwell,https://www.cvs.com/store-locator/cvs-pharmacy-locations/Connecticut/Cromwell
Connecticut,Danbury,https://www.cvs.com/store-locator/cvs-pharmacy-locations/Connecticut/Danbury
Connecticut,Darien,https://www.cvs.com/store-locator/cvs-pharmacy-locations/Connecticut/Darien
Connecticut,Dayville,https://www.cvs.com/store-locator/cvs-pharmacy-locations/Connecticut/Dayville
Connecticut,Derby,https://www.cvs.com/store-locator/cvs-pharmacy-locations/Connecticut/Derby
Connecticut,East-Hampton,https://www.cvs.com/store-locator/cvs-pharmacy-locations/Connecticut/East-Hampton
Connecticut,East-Hartford,https://www.cvs.com/store-locator/cvs-pharmacy-locations/Connecticut/East-Hartford
Connecticut,East-Haven,https://www.cvs.com/store-locator/cvs-pharmacy-locations/Connecticut/East-Haven
Connecticut,East-Lyme,https://www.cvs.com/store-locator/cvs-pharmacy-locations/Connecticut/East-Lyme
Connecticut,Enfield,https://www.cvs.com/store-locator/cvs-pharmacy-locations/Connecticut/Enfield
Connecticut,Fairfield,https://www.cvs.com/store-locator/cvs-pharmacy-locations/Connecticut/Fairfield
Connecticut,Farmington,https://www.cvs.com/store-locator/cvs-pharmacy-locations/Connecticut/Farmington
Connecticut,Gales-Ferry,https://www.cvs.com/store-locator/cvs-pharmacy-locations/Connecticut/Gales-Ferry
Connecticut,Glastonbury,https://www.cvs.com/store-locator/cvs-pharmacy-locations/Connecticut/Glastonbury
Connecticut,Granby,https://www.cvs.com/store-locator/cvs-pharmacy-locations/Connecticut/Granby
Connecticut,Greenwich,https://www.cvs.com/store-locator/cvs-pharmacy-locations/Connecticut/Greenwich
Connecticut,Groton,https://www.cvs.com/store-locator/cvs-pharmacy-locations/Connecticut/Groton
Connecticut,Guilford,https://www.cvs.com/store-locator/cvs-pharmacy-locations/Connecticut/Guilford
Connecticut,Hamden,https://www.cvs.com/store-locator/cvs-pharmacy-locations/Connecticut/Hamden
Connecticut,Hartford,https://www.cvs.com/store-locator/cvs-pharmacy-locations/Connecticut/Hartford
Connecticut,Hebron,https://www.cvs.com/store-locator/cvs-pharmacy-locations/Connecticut/Hebron
Connecticut,Kensington,https://www.cvs.com/store-locator/cvs-pharmacy-locations/Connecticut/Kensington
Connecticut,Lisbon,https://www.cvs.com/store-locator/cvs-pharmacy-locations/Connecticut/Lisbon
Connecticut,Litchfield,https://www.cvs.com/store-locator/cvs-pharmacy-locations/Connecticut/Litchfield
Connecticut,Madison,https://www.cvs.com/store-locator/cvs-pharmacy-locations/Connecticut/Madison
Connecticut,Manchester,https://www.cvs.com/store-locator/cvs-pharmacy-locations/Connecticut/Manchester
Connecticut,Meriden,https://www.cvs.com/store-locator/cvs-pharmacy-locations/Connecticut/Meriden
Connecticut,Middletown,https://www.cvs.com/store-locator/cvs-pharmacy-locations/Connecticut/Middletown
Connecticut,Milford,https://www.cvs.com/store-locator/cvs-pharmacy-locations/Connecticut/Milford
Connecticut,Monroe,https://www.cvs.com/store-locator/cvs-pharmacy-locations/Connecticut/Monroe
Connecticut,Mystic,https://www.cvs.com/store-locator/cvs-pharmacy-locations/Connecticut/Mystic
Connecticut,Naugatuck,https://www.cvs.com/store-locator/cvs-pharmacy-locations/Connecticut/Naugatuck
Connecticut,New-Britain,https://www.cvs.com/store-locator/cvs-pharmacy-locations/Connecticut/New-Britain
Connecticut,New-Canaan,https://www.cvs.com/store-locator/cvs-pharmacy-locations/Connecticut/New-Canaan
Connecticut,New-Haven,https://www.cvs.com/store-locator/cvs-pharmacy-locations/Connecticut/New-Haven
Connecticut,New-London,https://www.cvs.com/store-locator/cvs-pharmacy-locations/Connecticut/New-London
Connecticut,New-Milford,https://www.cvs.com/store-locator/cvs-pharmacy-locations/Connecticut/New-Milford
Connecticut,Newington,https://www.cvs.com/store-locator/cvs-pharmacy-locations/Connecticut/Newington
Connecticut,Newtown,https://www.cvs.com/store-locator/cvs-pharmacy-locations/Connecticut/Newtown
Connecticut,Niantic,https://www.cvs.com/store-locator/cvs-pharmacy-locations/Connecticut/Niantic
Connecticut,North-Haven,https://www.cvs.com/store-locator/cvs-pharmacy-locations/Connecticut/North-Haven
Connecticut,Norwalk,https://www.cvs.com/store-locator/cvs-pharmacy-locations/Connecticut/Norwalk
Connecticut,Norwich,https://www.cvs.com/store-locator/cvs-pharmacy-locations/Connecticut/Norwich
Connecticut,Oakville,https://www.cvs.com/store-locator/cvs-pharmacy-locations/Connecticut/Oakville
Connecticut,Old-Greenwich,https://www.cvs.com/store-locator/cvs-pharmacy-locations/Connecticut/Old-Greenwich
Connecticut,Old-Saybrook,https://www.cvs.com/store-locator/cvs-pharmacy-locations/Connecticut/Old-Saybrook
Connecticut,Orange,https://www.cvs.com/store-locator/cvs-pharmacy-locations/Connecticut/Orange
Connecticut,Plainfield,https://www.cvs.com/store-locator/cvs-pharmacy-locations/Connecticut/Plainfield
Connecticut,Plainville,https://www.cvs.com/store-locator/cvs-pharmacy-locations/Connecticut/Plainville
Connecticut,Prospect,https://www.cvs.com/store-locator/cvs-pharmacy-locations/Connecticut/Prospect
Connecticut,Putnam,https://www.cvs.com/store-locator/cvs-pharmacy-locations/Connecticut/Putnam
Connecticut,Ridgefield,https://www.cvs.com/store-locator/cvs-pharmacy-locations/Connecticut/Ridgefield
Connecticut,Riverside,https://www.cvs.com/store-locator/cvs-pharmacy-locations/Connecticut/Riverside
Connecticut,Rocky-Hill,https://www.cvs.com/store-locator/cvs-pharmacy-locations/Connecticut/Rocky-Hill
Connecticut,Seymour,https://www.cvs.com/store-locator/cvs-pharmacy-locations/Connecticut/Seymour
Connecticut,Shelton,https://www.cvs.com/store-locator/cvs-pharmacy-locations/Connecticut/Shelton
Connecticut,Simsbury,https://www.cvs.com/store-locator/cvs-pharmacy-locations/Connecticut/Simsbury
Connecticut,South-Windsor,https://www.cvs.com/store-locator/cvs-pharmacy-locations/Connecticut/South-Windsor
Connecticut,Southbury,https://www.cvs.com/store-locator/cvs-pharmacy-locations/Connecticut/Southbury
Connecticut,Southington,https://www.cvs.com/store-locator/cvs-pharmacy-locations/Connecticut/Southington
Connecticut,Stafford-Springs,https://www.cvs.com/store-locator/cvs-pharmacy-locations/Connecticut/Stafford-Springs
Connecticut,Stamford,https://www.cvs.com/store-locator/cvs-pharmacy-locations/Connecticut/Stamford
Connecticut,Storrs-Mansfield,https://www.cvs.com/store-locator/cvs-pharmacy-locations/Connecticut/Storrs-Mansfield
Connecticut,Stratford,https://www.cvs.com/store-locator/cvs-pharmacy-locations/Connecticut/Stratford
Connecticut,Suffield,https://www.cvs.com/store-locator/cvs-pharmacy-locations/Connecticut/Suffield
Connecticut,Terryville,https://www.cvs.com/store-locator/cvs-pharmacy-locations/Connecticut/Terryville
Connecticut,Torrington,https://www.cvs.com/store-locator/cvs-pharmacy-locations/Connecticut/Torrington
Connecticut,Trumbull,https://www.cvs.com/store-locator/cvs-pharmacy-locations/Connecticut/Trumbull
Connecticut,Uncasville,https://www.cvs.com/store-locator/cvs-pharmacy-locations/Connecticut/Uncasville
Connecticut,Unionville,https://www.cvs.com/store-locator/cvs-pharmacy-locations/Connecticut/Unionville
Connecticut,Vernon,https://www.cvs.com/store-locator/cvs-pharmacy-locations/Connecticut/Vernon
Connecticut,Vernon-Rockville,https://www.cvs.com/store-locator/cvs-pharmacy-locations/Connecticut/Vernon-Rockville
Connecticut,Wallingford,https://www.cvs.com/store-locator/cvs-pharmacy-locations/Connecticut/Wallingford
Connecticut,Waterbury,https://www.cvs.com/store-locator/cvs-pharmacy-locations/Connecticut/Waterbury
Connecticut,Waterford,https://www.cvs.com/store-locator/cvs-pharmacy-locations/Connecticut/Waterford
Connecticut,West-Hartford,https://www.cvs.com/store-locator/cvs-pharmacy-locations/Connecticut/West-Hartford
Connecticut,West-Haven,https://www.cvs.com/store-locator/cvs-pharmacy-locations/Connecticut/West-Haven
Connecticut,Westport,https://www.cvs.com/store-locator/cvs-pharmacy-locations/Connecticut/Westport
Connecticut,Wethersfield,https://www.cvs.com/store-locator/cvs-pharmacy-locations/Connecticut/Wethersfield
Connecticut,Willimantic,https://www.cvs.com/store-locator/cvs-pharmacy-locations/Connecticut/Willimantic
Connecticut,Wilton,https://www.cvs.com/store-locator/cvs-pharmacy-locations/Connecticut/Wilton
Connecticut,Windsor,https://www.cvs.com/store-locator/cvs-pharmacy-locations/Connecticut/Windsor
Connecticut,Windsor-Locks,https://www.cvs.com/store-locator/cvs-pharmacy-locations/Connecticut/Windsor-Locks
Connecticut,Winsted,https://www.cvs.com/store-locator/cvs-pharmacy-locations/Connecticut/Winsted
Delaware,Bear,https://www.cvs.com/store-locator/cvs-pharmacy-locations/Delaware/Bear
Delaware,Bethany-Beach,https://www.cvs.com/store-locator/cvs-pharmacy-locations/Delaware/Bethany-Beach
Delaware,Claymont,https://www.cvs.com/store-locator/cvs-pharmacy-locations/Delaware/Claymont
Delaware,Dover,https://www.cvs.com/store-locator/cvs-pharmacy-locations/Delaware/Dover
Delaware,Lewes,https://www.cvs.com/store-locator/cvs-pharmacy-locations/Delaware/Lewes
Delaware,Middletown,https://www.cvs.com/store-locator/cvs-pharmacy-locations/Delaware/Middletown
Delaware,Milford,https://www.cvs.com/store-locator/cvs-pharmacy-locations/Delaware/Milford
Delaware,New-Castle,https://www.cvs.com/store-locator/cvs-pharmacy-locations/Delaware/New-Castle
Delaware,Newark,https://www.cvs.com/store-locator/cvs-pharmacy-locations/Delaware/Newark
Delaware,Ocean-View,https://www.cvs.com/store-locator/cvs-pharmacy-locations/Delaware/Ocean-View
Delaware,Rehoboth-Beach,https://www.cvs.com/store-locator/cvs-pharmacy-locations/Delaware/Rehoboth-Beach
Delaware,Selbyville,https://www.cvs.com/store-locator/cvs-pharmacy-locations/Delaware/Selbyville
Delaware,Wilmington,https://www.cvs.com/store-locator/cvs-pharmacy-locations/Delaware/Wilmington
District-of-Columbia,Washington,https://www.cvs.com/store-locator/cvs-pharmacy-locations/District-of-Columbia/Washington
Florida,Alachua,https://www.cvs.com/store-locator/cvs-pharmacy-locations/Florida/Alachua
Florida,Altamonte-Springs,https://www.cvs.com/store-locator/cvs-pharmacy-locations/Florida/Altamonte-Springs
Florida,Apalachicola,https://www.cvs.com/store-locator/cvs-pharmacy-locations/Florida/Apalachicola
Florida,Apollo-Beach,https://www.cvs.com/store-locator/cvs-pharmacy-locations/Florida/Apollo-Beach
Florida,Apopka,https://www.cvs.com/store-locator/cvs-pharmacy-locations/Florida/Apopka
Florida,Arcadia,https://www.cvs.com/store-locator/cvs-pharmacy-locations/Florida/Arcadia
Florida,Auburndale,https://www.cvs.com/store-locator/cvs-pharmacy-locations/Florida/Auburndale
Florida,Aventura,https://www.cvs.com/store-locator/cvs-pharmacy-locations/Florida/Aventura
Florida,Belle-Glade,https://www.cvs.com/store-locator/cvs-pharmacy-locations/Florida/Belle-Glade
Florida,Belleview,https://www.cvs.com/store-locator/cvs-pharmacy-locations/Florida/Belleview
Florida,Big-Pine-Key,https://www.cvs.com/store-locator/cvs-pharmacy-locations/Florida/Big-Pine-Key
Florida,Boca-Raton,https://www.cvs.com/store-locator/cvs-pharmacy-locations/Florida/Boca-Raton
Florida,Bonita-Springs,https://www.cvs.com/store-locator/cvs-pharmacy-locations/Florida/Bonita-Springs
Florida,Boynton-Beach,https://www.cvs.com/store-locator/cvs-pharmacy-locations/Florida/Boynton-Beach
Florida,Bradenton,https://www.cvs.com/store-locator/cvs-pharmacy-locations/Florida/Bradenton
Florida,Brandon,https://www.cvs.com/store-locator/cvs-pharmacy-locations/Florida/Brandon
Florida,Brooksville,https://www.cvs.com/store-locator/cvs-pharmacy-locations/Florida/Brooksville
Florida,Bushnell,https://www.cvs.com/store-locator/cvs-pharmacy-locations/Florida/Bushnell
Florida,Callahan,https://www.cvs.com/store-locator/cvs-pharmacy-locations/Florida/Callahan
Florida,Cantonment,https://www.cvs.com/store-locator/cvs-pharmacy-locations/Florida/Cantonment
Florida,Cape-Coral,https://www.cvs.com/store-locator/cvs-pharmacy-locations/Florida/Cape-Coral
Florida,Casselberry,https://www.cvs.com/store-locator/cvs-pharmacy-locations/Florida/Casselberry
Florida,Century,https://www.cvs.com/store-locator/cvs-pharmacy-locations/Florida/Century
Florida,Chattahoochee,https://www.cvs.com/store-locator/cvs-pharmacy-locations/Florida/Chattahoochee
Florida,Chiefland,https://www.cvs.com/store-locator/cvs-pharmacy-locations/Florida/Chiefland
Florida,Chipley,https://www.cvs.com/store-locator/cvs-pharmacy-locations/Florida/Chipley
Florida,Citrus-Hills,https://www.cvs.com/store-locator/cvs-pharmacy-locations/Florida/Citrus-Hills
Florida,Clearwater,https://www.cvs.com/store-locator/cvs-pharmacy-locations/Florida/Clearwater
Florida,Clearwater-Beach,https://www.cvs.com/store-locator/cvs-pharmacy-locations/Florida/Clearwater-Beach
Florida,Clermont,https://www.cvs.com/store-locator/cvs-pharmacy-locations/Florida/Clermont
Florida,Cocoa,https://www.cvs.com/store-locator/cvs-pharmacy-locations/Florida/Cocoa
Florida,Cocoa-Beach,https://www.cvs.com/store-locator/cvs-pharmacy-locations/Florida/Cocoa-Beach
Florida,Coconut-Creek,https://www.cvs.com/store-locator/cvs-pharmacy-locations/Florida/Coconut-Creek
Florida,Coconut-Grove,https://www.cvs.com/store-locator/cvs-pharmacy-locations/Florida/Coconut-Grove
Florida,Cooper-City,https://www.cvs.com/store-locator/cvs-pharmacy-locations/Florida/Cooper-City
Florida,Coral-Gables,https://www.cvs.com/store-locator/cvs-pharmacy-locations/Florida/Coral-Gables
Florida,Coral-Springs,https://www.cvs.com/store-locator/cvs-pharmacy-locations/Florida/Coral-Springs
Florida,Crawfordville,https://www.cvs.com/store-locator/cvs-pharmacy-locations/Florida/Crawfordville
Florida,Crestview,https://www.cvs.com/store-locator/cvs-pharmacy-locations/Florida/Crestview
Florida,Crystal-River,https://www.cvs.com/store-locator/cvs-pharmacy-locations/Florida/Crystal-River
Florida,Cutler-Bay,https://www.cvs.com/store-locator/cvs-pharmacy-locations/Florida/Cutler-Bay
Florida,Dade-City,https://www.cvs.com/store-locator/cvs-pharmacy-locations/Florida/Dade-City
Florida,Davenport,https://www.cvs.com/store-locator/cvs-pharmacy-locations/Florida/Davenport
Florida,Davie,https://www.cvs.com/store-locator/cvs-pharmacy-locations/Florida/Davie
Florida,Daytona-Beach,https://www.cvs.com/store-locator/cvs-pharmacy-locations/Florida/Daytona-Beach
Florida,Daytona-Beach-Shores,https://www.cvs.com/store-locator/cvs-pharmacy-locations/Florida/Daytona-Beach-Shores
Florida,Deerfield-Beach,https://www.cvs.com/store-locator/cvs-pharmacy-locations/Florida/Deerfield-Beach
Florida,Deland,https://www.cvs.com/store-locator/cvs-pharmacy-locations/Florida/Deland
Florida,Delray-Beach,https://www.cvs.com/store-locator/cvs-pharmacy-locations/Florida/Delray-Beach
Florida,Deltona,https://www.cvs.com/store-locator/cvs-pharmacy-locations/Florida/Deltona
Florida,Destin,https://www.cvs.com/store-locator/cvs-pharmacy-locations/Florida/Destin
Florida,Doral,https://www.cvs.com/store-locator/cvs-pharmacy-locations/Florida/Doral
Florida,Dunedin,https://www.cvs.com/store-locator/cvs-pharmacy-locations/Florida/Dunedin
Florida,Dunnellon,https://www.cvs.com/store-locator/cvs-pharmacy-locations/Florida/Dunnellon
Florida,East-Palatka,https://www.cvs.com/store-locator/cvs-pharmacy-locations/Florida/East-Palatka
Florida,Edgewater,https://www.cvs.com/store-locator/cvs-pharmacy-locations/Florida/Edgewater
Florida,Englewood,https://www.cvs.com/store-locator/cvs-pharmacy-locations/Florida/Englewood
Florida,Estero,https://www.cvs.com/store-locator/cvs-pharmacy-locations/Florida/Estero
Florida,Eustis,https://www.cvs.com/store-locator/cvs-pharmacy-locations/Florida/Eustis
Florida,Fernandina-Beach,https://www.cvs.com/store-locator/cvs-pharmacy-locations/Florida/Fernandina-Beach
Florida,Flagler-Beach,https://www.cvs.com/store-locator/cvs-pharmacy-locations/Florida/Flagler-Beach
Florida,Fleming-Island,https://www.cvs.com/store-locator/cvs-pharmacy-locations/Florida/Fleming-Island
Florida,Fort-Lauderdale,https://www.cvs.com/store-locator/cvs-pharmacy-locations/Florida/Fort-Lauderdale
Florida,Fort-Myers,https://www.cvs.com/store-locator/cvs-pharmacy-locations/Florida/Fort-Myers
Florida,Fort-Myers-Beach,https://www.cvs.com/store-locator/cvs-pharmacy-locations/Florida/Fort-Myers-Beach
Florida,Fort-Pierce,https://www.cvs.com/store-locator/cvs-pharmacy-locations/Florida/Fort-Pierce
Florida,Fort-Walton-Beach,https://www.cvs.com/store-locator/cvs-pharmacy-locations/Florida/Fort-Walton-Beach
Florida,Gainesville,https://www.cvs.com/store-locator/cvs-pharmacy-locations/Florida/Gainesville
Florida,Greenacres,https://www.cvs.com/store-locator/cvs-pharmacy-locations/Florida/Greenacres
Florida,Gulf-Breeze,https://www.cvs.com/store-locator/cvs-pharmacy-locations/Florida/Gulf-Breeze
Florida,Haines-City,https://www.cvs.com/store-locator/cvs-pharmacy-locations/Florida/Haines-City
Florida,Hallandale-Beach,https://www.cvs.com/store-locator/cvs-pharmacy-locations/Florida/Hallandale-Beach
Florida,Hawthorne,https://www.cvs.com/store-locator/cvs-pharmacy-locations/Florida/Hawthorne
Florida,Hialeah,https://www.cvs.com/store-locator/cvs-pharmacy-locations/Florida/Hialeah
Florida,Hialeah-Gardens,https://www.cvs.com/store-locator/cvs-pharmacy-locations/Florida/Hialeah-Gardens
Florida,High-Springs,https://www.cvs.com/store-locator/cvs-pharmacy-locations/Florida/High-Springs
Florida,Hobe-Sound,https://www.cvs.com/store-locator/cvs-pharmacy-locations/Florida/Hobe-Sound
Florida,Holiday,https://www.cvs.com/store-locator/cvs-pharmacy-locations/Florida/Holiday
Florida,Hollywood,https://www.cvs.com/store-locator/cvs-pharmacy-locations/Florida/Hollywood
Florida,Holmes-Beach,https://www.cvs.com/store-locator/cvs-pharmacy-locations/Florida/Holmes-Beach
Florida,Homestead,https://www.cvs.com/store-locator/cvs-pharmacy-locations/Florida/Homestead
Florida,Hudson,https://www.cvs.com/store-locator/cvs-pharmacy-locations/Florida/Hudson
Florida,Immokalee,https://www.cvs.com/store-locator/cvs-pharmacy-locations/Florida/Immokalee
Florida,Indialantic,https://www.cvs.com/store-locator/cvs-pharmacy-locations/Florida/Indialantic
Florida,Indian-Rocks-Beach,https://www.cvs.com/store-locator/cvs-pharmacy-locations/Florida/Indian-Rocks-Beach
Florida,Interlachen,https://www.cvs.com/store-locator/cvs-pharmacy-locations/Florida/Interlachen
Florida,Inverness,https://www.cvs.com/store-locator/cvs-pharmacy-locations/Florida/Inverness
Florida,Islamorada,https://www.cvs.com/store-locator/cvs-pharmacy-locations/Florida/Islamorada
Florida,Jacksonville,https://www.cvs.com/store-locator/cvs-pharmacy-locations/Florida/Jacksonville
Florida,Jacksonville-Beach,https://www.cvs.com/store-locator/cvs-pharmacy-locations/Florida/Jacksonville-Beach
Florida,Jasper,https://www.cvs.com/store-locator/cvs-pharmacy-locations/Florida/Jasper
Florida,Jensen-Beach,https://www.cvs.com/store-locator/cvs-pharmacy-locations/Florida/Jensen-Beach
Florida,Jonesville,https://www.cvs.com/store-locator/cvs-pharmacy-locations/Florida/Jonesville
Florida,Juno-Beach,https://www.cvs.com/store-locator/cvs-pharmacy-locations/Florida/Juno-Beach
Florida,Jupiter,https://www.cvs.com/store-locator/cvs-pharmacy-locations/Florida/Jupiter
Florida,Key-Biscayne,https://www.cvs.com/store-locator/cvs-pharmacy-locations/Florida/Key-Biscayne
Florida,Key-Largo,https://www.cvs.com/store-locator/cvs-pharmacy-locations/Florida/Key-Largo
Florida,Key-West,https://www.cvs.com/store-locator/cvs-pharmacy-locations/Florida/Key-West
Florida,Keystone-Heights,https://www.cvs.com/store-locator/cvs-pharmacy-locations/Florida/Keystone-Heights
Florida,Kissimmee,https://www.cvs.com/store-locator/cvs-pharmacy-locations/Florida/Kissimmee
Florida,Lady-Lake,https://www.cvs.com/store-locator/cvs-pharmacy-locations/Florida/Lady-Lake
Florida,Lake-Butler,https://www.cvs.com/store-locator/cvs-pharmacy-locations/Florida/Lake-Butler
Florida,Lake-City,https://www.cvs.com/store-locator/cvs-pharmacy-locations/Florida/Lake-City
Florida,Lake-Mary,https://www.cvs.com/store-locator/cvs-pharmacy-locations/Florida/Lake-Mary
Florida,Lake-Park,https://www.cvs.com/store-locator/cvs-pharmacy-locations/Florida/Lake-Park
Florida,Lake-Placid,https://www.cvs.com/store-locator/cvs-pharmacy-locations/Florida/Lake-Placid
Florida,Lake-Wales,https://www.cvs.com/store-locator/cvs-pharmacy-locations/Florida/Lake-Wales
Florida,Lake-Worth,https://www.cvs.com/store-locator/cvs-pharmacy-locations/Florida/Lake-Worth
Florida,Lakeland,https://www.cvs.com/store-locator/cvs-pharmacy-locations/Florida/Lakeland
Florida,Largo,https://www.cvs.com/store-locator/cvs-pharmacy-locations/Florida/Largo
Florida,Lauderdale-By-The-Sea,https://www.cvs.com/store-locator/cvs-pharmacy-locations/Florida/Lauderdale-By-The-Sea
Florida,Lauderhill,https://www.cvs.com/store-locator/cvs-pharmacy-locations/Florida/Lauderhill
Florida,Lecanto,https://www.cvs.com/store-locator/cvs-pharmacy-locations/Florida/Lecanto
Florida,Lehigh-Acres,https://www.cvs.com/store-locator/cvs-pharmacy-locations/Florida/Lehigh-Acres
Florida,Lighthouse-Point,https://www.cvs.com/store-locator/cvs-pharmacy-locations/Florida/Lighthouse-Point
Florida,Live-Oak,https://www.cvs.com/store-locator/cvs-pharmacy-locations/Florida/Live-Oak
Florida,Longboat-Key,https://www.cvs.com/store-locator/cvs-pharmacy-locations/Florida/Longboat-Key
Florida,Longwood,https://www.cvs.com/store-locator/cvs-pharmacy-locations/Florida/Longwood
Florida,Lutz,https://www.cvs.com/store-locator/cvs-pharmacy-locations/Florida/Lutz
Florida,Lynn-Haven,https://www.cvs.com/store-locator/cvs-pharmacy-locations/Florida/Lynn-Haven
Florida,Macclenny,https://www.cvs.com/store-locator/cvs-pharmacy-locations/Florida/Macclenny
Florida,Madeira-Beach,https://www.cvs.com/store-locator/cvs-pharmacy-locations/Florida/Madeira-Beach
Florida,Madison,https://www.cvs.com/store-locator/cvs-pharmacy-locations/Florida/Madison
Florida,Marco-Island,https://www.cvs.com/store-locator/cvs-pharmacy-locations/Florida/Marco-Island
Florida,Margate,https://www.cvs.com/store-locator/cvs-pharmacy-locations/Florida/Margate
Florida,Marianna,https://www.cvs.com/store-locator/cvs-pharmacy-locations/Florida/Marianna
Florida,Mary-Esther,https://www.cvs.com/store-locator/cvs-pharmacy-locations/Florida/Mary-Esther
Florida,Melbourne,https://www.cvs.com/store-locator/cvs-pharmacy-locations/Florida/Melbourne
Florida,Melbourne-Village,https://www.cvs.com/store-locator/cvs-pharmacy-locations/Florida/Melbourne-Village
Florida,Merritt-Island,https://www.cvs.com/store-locator/cvs-pharmacy-locations/Florida/Merritt-Island
Florida,Miami,https://www.cvs.com/store-locator/cvs-pharmacy-locations/Florida/Miami
Florida,Miami-Beach,https://www.cvs.com/store-locator/cvs-pharmacy-locations/Florida/Miami-Beach
Florida,Miami-Gardens,https://www.cvs.com/store-locator/cvs-pharmacy-locations/Florida/Miami-Gardens
Florida,Miami-Lakes,https://www.cvs.com/store-locator/cvs-pharmacy-locations/Florida/Miami-Lakes
Florida,Middleburg,https://www.cvs.com/store-locator/cvs-pharmacy-locations/Florida/Middleburg
Florida,Milton,https://www.cvs.com/store-locator/cvs-pharmacy-locations/Florida/Milton
Florida,Minneola,https://www.cvs.com/store-locator/cvs-pharmacy-locations/Florida/Minneola
Florida,Miramar,https://www.cvs.com/store-locator/cvs-pharmacy-locations/Florida/Miramar
Florida,Miramar-Beach,https://www.cvs.com/store-locator/cvs-pharmacy-locations/Florida/Miramar-Beach
Florida,Monticello,https://www.cvs.com/store-locator/cvs-pharmacy-locations/Florida/Monticello
Florida,Mount-Dora,https://www.cvs.com/store-locator/cvs-pharmacy-locations/Florida/Mount-Dora
Florida,Naples,https://www.cvs.com/store-locator/cvs-pharmacy-locations/Florida/Naples
Florida,Navarre,https://www.cvs.com/store-locator/cvs-pharmacy-locations/Florida/Navarre
Florida,Neptune-Beach,https://www.cvs.com/store-locator/cvs-pharmacy-locations/Florida/Neptune-Beach
Florida,New-Port-Richey,https://www.cvs.com/store-locator/cvs-pharmacy-locations/Florida/New-Port-Richey
Florida,New-Smyrna-Beach,https://www.cvs.com/store-locator/cvs-pharmacy-locations/Florida/New-Smyrna-Beach
Florida,Niceville,https://www.cvs.com/store-locator/cvs-pharmacy-locations/Florida/Niceville
Florida,Nokomis,https://www.cvs.com/store-locator/cvs-pharmacy-locations/Florida/Nokomis
Florida,North-Fort-Myers,https://www.cvs.com/store-locator/cvs-pharmacy-locations/Florida/North-Fort-Myers
Florida,North-Miami,https://www.cvs.com/store-locator/cvs-pharmacy-locations/Florida/North-Miami
Florida,North-Miami-Beach,https://www.cvs.com/store-locator/cvs-pharmacy-locations/Florida/North-Miami-Beach
Florida,North-Palm-Beach,https://www.cvs.com/store-locator/cvs-pharmacy-locations/Florida/North-Palm-Beach
Florida,North-Port,https://www.cvs.com/store-locator/cvs-pharmacy-locations/Florida/North-Port
Florida,Oakland-Park,https://www.cvs.com/store-locator/cvs-pharmacy-locations/Florida/Oakland-Park
Florida,Ocala,https://www.cvs.com/store-locator/cvs-pharmacy-locations/Florida/Ocala
Florida,Ocoee,https://www.cvs.com/store-locator/cvs-pharmacy-locations/Florida/Ocoee
Florida,Odessa,https://www.cvs.com/store-locator/cvs-pharmacy-locations/Florida/Odessa
Florida,Okeechobee,https://www.cvs.com/store-locator/cvs-pharmacy-locations/Florida/Okeechobee
Florida,Oldsmar,https://www.cvs.com/store-locator/cvs-pharmacy-locations/Florida/Oldsmar
Florida,Orange-City,https://www.cvs.com/store-locator/cvs-pharmacy-locations/Florida/Orange-City
Florida,Orange-Park,https://www.cvs.com/store-locator/cvs-pharmacy-locations/Florida/Orange-Park
Florida,Orlando,https://www.cvs.com/store-locator/cvs-pharmacy-locations/Florida/Orlando
Florida,Ormond-Beach,https://www.cvs.com/store-locator/cvs-pharmacy-locations/Florida/Ormond-Beach
Florida,Osprey,https://www.cvs.com/store-locator/cvs-pharmacy-locations/Florida/Osprey
Florida,Oviedo,https://www.cvs.com/store-locator/cvs-pharmacy-locations/Florida/Oviedo
Florida,Pace,https://www.cvs.com/store-locator/cvs-pharmacy-locations/Florida/Pace
Florida,Palatka,https://www.cvs.com/store-locator/cvs-pharmacy-locations/Florida/Palatka
Florida,Palm-Bay,https://www.cvs.com/store-locator/cvs-pharmacy-locations/Florida/Palm-Bay
Florida,Palm-Beach-Gardens,https://www.cvs.com/store-locator/cvs-pharmacy-locations/Florida/Palm-Beach-Gardens
Florida,Palm-City,https://www.cvs.com/store-locator/cvs-pharmacy-locations/Florida/Palm-City
Florida,Palm-Coast,https://www.cvs.com/store-locator/cvs-pharmacy-locations/Florida/Palm-Coast
Florida,Palm-Harbor,https://www.cvs.com/store-locator/cvs-pharmacy-locations/Florida/Palm-Harbor
Florida,Palm-Springs,https://www.cvs.com/store-locator/cvs-pharmacy-locations/Florida/Palm-Springs
Florida,Palmetto,https://www.cvs.com/store-locator/cvs-pharmacy-locations/Florida/Palmetto
Florida,Panama-City,https://www.cvs.com/store-locator/cvs-pharmacy-locations/Florida/Panama-City
Florida,Panama-City-Beach,https://www.cvs.com/store-locator/cvs-pharmacy-locations/Florida/Panama-City-Beach
Florida,Parkland,https://www.cvs.com/store-locator/cvs-pharmacy-locations/Florida/Parkland
Florida,Parrish,https://www.cvs.com/store-locator/cvs-pharmacy-locations/Florida/Parrish
Florida,Pembroke-Pines,https://www.cvs.com/store-locator/cvs-pharmacy-locations/Florida/Pembroke-Pines
Florida,Pensacola,https://www.cvs.com/store-locator/cvs-pharmacy-locations/Florida/Pensacola
Florida,Pinecrest,https://www.cvs.com/store-locator/cvs-pharmacy-locations/Florida/Pinecrest
Florida,Pinellas-Park,https://www.cvs.com/store-locator/cvs-pharmacy-locations/Florida/Pinellas-Park
Florida,Plant-City,https://www.cvs.com/store-locator/cvs-pharmacy-locations/Florida/Plant-City
Florida,Plantation,https://www.cvs.com/store-locator/cvs-pharmacy-locations/Florida/Plantation
Florida,Pompano-Beach,https://www.cvs.com/store-locator/cvs-pharmacy-locations/Florida/Pompano-Beach
Florida,Ponte-Vedra,https://www.cvs.com/store-locator/cvs-pharmacy-locations/Florida/Ponte-Vedra
Florida,Ponte-Vedra-Beach,https://www.cvs.com/store-locator/cvs-pharmacy-locations/Florida/Ponte-Vedra-Beach
Florida,Port-Charlotte,https://www.cvs.com/store-locator/cvs-pharmacy-locations/Florida/Port-Charlotte
Florida,Port-Orange,https://www.cvs.com/store-locator/cvs-pharmacy-locations/Florida/Port-Orange
Florida,Port-Richey,https://www.cvs.com/store-locator/cvs-pharmacy-locations/Florida/Port-Richey
Florida,Port-Saint-Joe,https://www.cvs.com/store-locator/cvs-pharmacy-locations/Florida/Port-Saint-Joe
Florida,Port-Saint-Lucie,https://www.cvs.com/store-locator/cvs-pharmacy-locations/Florida/Port-Saint-Lucie
Florida,Punta-Gorda,https://www.cvs.com/store-locator/cvs-pharmacy-locations/Florida/Punta-Gorda
Florida,Quincy,https://www.cvs.com/store-locator/cvs-pharmacy-locations/Florida/Quincy
Florida,Riverview,https://www.cvs.com/store-locator/cvs-pharmacy-locations/Florida/Riverview
Florida,Rockledge,https://www.cvs.com/store-locator/cvs-pharmacy-locations/Florida/Rockledge
Florida,Royal-Palm-Beach,https://www.cvs.com/store-locator/cvs-pharmacy-locations/Florida/Royal-Palm-Beach
Florida,Saint-Augustine,https://www.cvs.com/store-locator/cvs-pharmacy-locations/Florida/Saint-Augustine
Florida,Saint-Cloud,https://www.cvs.com/store-locator/cvs-pharmacy-locations/Florida/Saint-Cloud
Florida,Saint-James-City,https://www.cvs.com/store-locator/cvs-pharmacy-locations/Florida/Saint-James-City
Florida,Saint-Johns,https://www.cvs.com/store-locator/cvs-pharmacy-locations/Florida/Saint-Johns
Florida,Saint-Petersburg,https://www.cvs.com/store-locator/cvs-pharmacy-locations/Florida/Saint-Petersburg
Florida,San-Antonio,https://www.cvs.com/store-locator/cvs-pharmacy-locations/Florida/San-Antonio
Florida,Sanford,https://www.cvs.com/store-locator/cvs-pharmacy-locations/Florida/Sanford
Florida,Sanibel,https://www.cvs.com/store-locator/cvs-pharmacy-locations/Florida/Sanibel
Florida,Sarasota,https://www.cvs.com/store-locator/cvs-pharmacy-locations/Florida/Sarasota
Florida,Satellite-Beach,https://www.cvs.com/store-locator/cvs-pharmacy-locations/Florida/Satellite-Beach
Florida,Sebring,https://www.cvs.com/store-locator/cvs-pharmacy-locations/Florida/Sebring
Florida,Seffner,https://www.cvs.com/store-locator/cvs-pharmacy-locations/Florida/Seffner
Florida,Seminole,https://www.cvs.com/store-locator/cvs-pharmacy-locations/Florida/Seminole
Florida,Silver-Springs,https://www.cvs.com/store-locator/cvs-pharmacy-locations/Florida/Silver-Springs
Florida,South-Miami,https://www.cvs.com/store-locator/cvs-pharmacy-locations/Florida/South-Miami
Florida,South-Pasadena,https://www.cvs.com/store-locator/cvs-pharmacy-locations/Florida/South-Pasadena
Florida,Spring-Hill,https://www.cvs.com/store-locator/cvs-pharmacy-locations/Florida/Spring-Hill
Florida,Stock-Island,https://www.cvs.com/store-locator/cvs-pharmacy-locations/Florida/Stock-Island
Florida,Stuart,https://www.cvs.com/store-locator/cvs-pharmacy-locations/Florida/Stuart
Florida,Summerfield,https://www.cvs.com/store-locator/cvs-pharmacy-locations/Florida/Summerfield
Florida,Sun-City-Center,https://www.cvs.com/store-locator/cvs-pharmacy-locations/Florida/Sun-City-Center
Florida,Sunny-Isles-Beach,https://www.cvs.com/store-locator/cvs-pharmacy-locations/Florida/Sunny-Isles-Beach
Florida,Sunrise,https://www.cvs.com/store-locator/cvs-pharmacy-locations/Florida/Sunrise
Florida,Surfside,https://www.cvs.com/store-locator/cvs-pharmacy-locations/Florida/Surfside
Florida,Tallahassee,https://www.cvs.com/store-locator/cvs-pharmacy-locations/Florida/Tallahassee
Florida,Tamarac,https://www.cvs.com/store-locator/cvs-pharmacy-locations/Florida/Tamarac
Florida,Tampa,https://www.cvs.com/store-locator/cvs-pharmacy-locations/Florida/Tampa
Florida,Tarpon-Springs,https://www.cvs.com/store-locator/cvs-pharmacy-locations/Florida/Tarpon-Springs
Florida,Tavares,https://www.cvs.com/store-locator/cvs-pharmacy-locations/Florida/Tavares
Florida,Tavernier,https://www.cvs.com/store-locator/cvs-pharmacy-locations/Florida/Tavernier
Florida,Temple-Terrace,https://www.cvs.com/store-locator/cvs-pharmacy-locations/Florida/Temple-Terrace
Florida,Tequesta,https://www.cvs.com/store-locator/cvs-pharmacy-locations/Florida/Tequesta
Florida,The-Villages,https://www.cvs.com/store-locator/cvs-pharmacy-locations/Florida/The-Villages
Florida,Titusville,https://www.cvs.com/store-locator/cvs-pharmacy-locations/Florida/Titusville
Florida,Trinity,https://www.cvs.com/store-locator/cvs-pharmacy-locations/Florida/Trinity
Florida,University-Park,https://www.cvs.com/store-locator/cvs-pharmacy-locations/Florida/University-Park
Florida,Valrico,https://www.cvs.com/store-locator/cvs-pharmacy-locations/Florida/Valrico
Florida,Venice,https://www.cvs.com/store-locator/cvs-pharmacy-locations/Florida/Venice
Florida,Vero-Beach,https://www.cvs.com/store-locator/cvs-pharmacy-locations/Florida/Vero-Beach
Florida,Wauchula,https://www.cvs.com/store-locator/cvs-pharmacy-locations/Florida/Wauchula
Florida,Weeki-Wachee,https://www.cvs.com/store-locator/cvs-pharmacy-locations/Florida/Weeki-Wachee
Florida,Wellington,https://www.cvs.com/store-locator/cvs-pharmacy-locations/Florida/Wellington
Florida,Wesley-Chapel,https://www.cvs.com/store-locator/cvs-pharmacy-locations/Florida/Wesley-Chapel
Florida,West-Melbourne,https://www.cvs.com/store-locator/cvs-pharmacy-locations/Florida/West-Melbourne
Florida,West-Miami,https://www.cvs.com/store-locator/cvs-pharmacy-locations/Florida/West-Miami
Florida,West-Palm-Beach,https://www.cvs.com/store-locator/cvs-pharmacy-locations/Florida/West-Palm-Beach
Florida,Weston,https://www.cvs.com/store-locator/cvs-pharmacy-locations/Florida/Weston
Florida,Wildwood,https://www.cvs.com/store-locator/cvs-pharmacy-locations/Florida/Wildwood
Florida,Williston,https://www.cvs.com/store-locator/cvs-pharmacy-locations/Florida/Williston
Florida,Wilton-Manors,https://www.cvs.com/store-locator/cvs-pharmacy-locations/Florida/Wilton-Manors
Florida,Windermere,https://www.cvs.com/store-locator/cvs-pharmacy-locations/Florida/Windermere
Florida,Winter-Garden,https://www.cvs.com/store-locator/cvs-pharmacy-locations/Florida/Winter-Garden
Florida,Winter-Haven,https://www.cvs.com/store-locator/cvs-pharmacy-locations/Florida/Winter-Haven
Florida,Winter-Park,https://www.cvs.com/store-locator/cvs-pharmacy-locations/Florida/Winter-Park
Florida,Winter-Springs,https://www.cvs.com/store-locator/cvs-pharmacy-locations/Florida/Winter-Springs
Florida,Yulee,https://www.cvs.com/store-locator/cvs-pharmacy-locations/Florida/Yulee
Florida,Zephyrhills,https://www.cvs.com/store-locator/cvs-pharmacy-locations/Florida/Zephyrhills
Georgia,Acworth,https://www.cvs.com/store-locator/cvs-pharmacy-locations/Georgia/Acworth
Georgia,Albany,https://www.cvs.com/store-locator/cvs-pharmacy-locations/Georgia/Albany
Georgia,Alpharetta,https://www.cvs.com/store-locator/cvs-pharmacy-locations/Georgia/Alpharetta
Georgia,Americus,https://www.cvs.com/store-locator/cvs-pharmacy-locations/Georgia/Americus
Georgia,Athens,https://www.cvs.com/store-locator/cvs-pharmacy-locations/Georgia/Athens
Georgia,Atlanta,https://www.cvs.com/store-locator/cvs-pharmacy-locations/Georgia/Atlanta
Georgia,Augusta,https://www.cvs.com/store-locator/cvs-pharmacy-locations/Georgia/Augusta
Georgia,Austell,https://www.cvs.com/store-locator/cvs-pharmacy-locations/Georgia/Austell
Georgia,Bainbridge,https://www.cvs.com/store-locator/cvs-pharmacy-locations/Georgia/Bainbridge
Georgia,Barnesville,https://www.cvs.com/store-locator/cvs-pharmacy-locations/Georgia/Barnesville
Georgia,Baxley,https://www.cvs.com/store-locator/cvs-pharmacy-locations/Georgia/Baxley
Georgia,Bethlehem,https://www.cvs.com/store-locator/cvs-pharmacy-locations/Georgia/Bethlehem
Georgia,Blairsville,https://www.cvs.com/store-locator/cvs-pharmacy-locations/Georgia/Blairsville
Georgia,Blakely,https://www.cvs.com/store-locator/cvs-pharmacy-locations/Georgia/Blakely
Georgia,Blue-Ridge,https://www.cvs.com/store-locator/cvs-pharmacy-locations/Georgia/Blue-Ridge
Georgia,Bowdon,https://www.cvs.com/store-locator/cvs-pharmacy-locations/Georgia/Bowdon
Georgia,Bremen,https://www.cvs.com/store-locator/cvs-pharmacy-locations/Georgia/Bremen
Georgia,Brookhaven,https://www.cvs.com/store-locator/cvs-pharmacy-locations/Georgia/Brookhaven
Georgia,Brunswick,https://www.cvs.com/store-locator/cvs-pharmacy-locations/Georgia/Brunswick
Georgia,Buford,https://www.cvs.com/store-locator/cvs-pharmacy-locations/Georgia/Buford
Georgia,Calhoun,https://www.cvs.com/store-locator/cvs-pharmacy-locations/Georgia/Calhoun
Georgia,Canton,https://www.cvs.com/store-locator/cvs-pharmacy-locations/Georgia/Canton
Georgia,Carrollton,https://www.cvs.com/store-locator/cvs-pharmacy-locations/Georgia/Carrollton
Georgia,Cartersville,https://www.cvs.com/store-locator/cvs-pharmacy-locations/Georgia/Cartersville
Georgia,Cedartown,https://www.cvs.com/store-locator/cvs-pharmacy-locations/Georgia/Cedartown
Georgia,Chamblee,https://www.cvs.com/store-locator/cvs-pharmacy-locations/Georgia/Chamblee
Georgia,Chatsworth,https://www.cvs.com/store-locator/cvs-pharmacy-locations/Georgia/Chatsworth
Georgia,Clayton,https://www.cvs.com/store-locator/cvs-pharmacy-locations/Georgia/Clayton
Georgia,Cochran,https://www.cvs.com/store-locator/cvs-pharmacy-locations/Georgia/Cochran
Georgia,Columbus,https://www.cvs.com/store-locator/cvs-pharmacy-locations/Georgia/Columbus
Georgia,Commerce,https://www.cvs.com/store-locator/cvs-pharmacy-locations/Georgia/Commerce
Georgia,Conyers,https://www.cvs.com/store-locator/cvs-pharmacy-locations/Georgia/Conyers
Georgia,Cordele,https://www.cvs.com/store-locator/cvs-pharmacy-locations/Georgia/Cordele
Georgia,Cornelia,https://www.cvs.com/store-locator/cvs-pharmacy-locations/Georgia/Cornelia
Georgia,Covington,https://www.cvs.com/store-locator/cvs-pharmacy-locations/Georgia/Covington
Georgia,Cumming,https://www.cvs.com/store-locator/cvs-pharmacy-locations/Georgia/Cumming
Georgia,Dacula,https://www.cvs.com/store-locator/cvs-pharmacy-locations/Georgia/Dacula
Georgia,Dallas,https://www.cvs.com/store-locator/cvs-pharmacy-locations/Georgia/Dallas
Georgia,Dalton,https://www.cvs.com/store-locator/cvs-pharmacy-locations/Georgia/Dalton
Georgia,Dawsonville,https://www.cvs.com/store-locator/cvs-pharmacy-locations/Georgia/Dawsonville
Georgia,Decatur,https://www.cvs.com/store-locator/cvs-pharmacy-locations/Georgia/Decatur
Georgia,Douglas,https://www.cvs.com/store-locator/cvs-pharmacy-locations/Georgia/Douglas
Georgia,Douglasville,https://www.cvs.com/store-locator/cvs-pharmacy-locations/Georgia/Douglasville
Georgia,Dublin,https://www.cvs.com/store-locator/cvs-pharmacy-locations/Georgia/Dublin
Georgia,Duluth,https://www.cvs.com/store-locator/cvs-pharmacy-locations/Georgia/Duluth
Georgia,Dunwoody,https://www.cvs.com/store-locator/cvs-pharmacy-locations/Georgia/Dunwoody
Georgia,East-Ellijay,https://www.cvs.com/store-locator/cvs-pharmacy-locations/Georgia/East-Ellijay
Georgia,East-Point,https://www.cvs.com/store-locator/cvs-pharmacy-locations/Georgia/East-Point
Georgia,Eastman,https://www.cvs.com/store-locator/cvs-pharmacy-locations/Georgia/Eastman
Georgia,Eatonton,https://www.cvs.com/store-locator/cvs-pharmacy-locations/Georgia/Eatonton
Georgia,Elberton,https://www.cvs.com/store-locator/cvs-pharmacy-locations/Georgia/Elberton
Georgia,Ellenwood,https://www.cvs.com/store-locator/cvs-pharmacy-locations/Georgia/Ellenwood
Georgia,Evans,https://www.cvs.com/store-locator/cvs-pharmacy-locations/Georgia/Evans
Georgia,Fairburn,https://www.cvs.com/store-locator/cvs-pharmacy-locations/Georgia/Fairburn
Georgia,Fayetteville,https://www.cvs.com/store-locator/cvs-pharmacy-locations/Georgia/Fayetteville
Georgia,Fitzgerald,https://www.cvs.com/store-locator/cvs-pharmacy-locations/Georgia/Fitzgerald
Georgia,Flowery-Branch,https://www.cvs.com/store-locator/cvs-pharmacy-locations/Georgia/Flowery-Branch
Georgia,Forest-Park,https://www.cvs.com/store-locator/cvs-pharmacy-locations/Georgia/Forest-Park
Georgia,Forsyth,https://www.cvs.com/store-locator/cvs-pharmacy-locations/Georgia/Forsyth
Georgia,Fort-Oglethorpe,https://www.cvs.com/store-locator/cvs-pharmacy-locations/Georgia/Fort-Oglethorpe
Georgia,Fort-Valley,https://www.cvs.com/store-locator/cvs-pharmacy-locations/Georgia/Fort-Valley
Georgia,Gainesville,https://www.cvs.com/store-locator/cvs-pharmacy-locations/Georgia/Gainesville
Georgia,Greensboro,https://www.cvs.com/store-locator/cvs-pharmacy-locations/Georgia/Greensboro
Georgia,Griffin,https://www.cvs.com/store-locator/cvs-pharmacy-locations/Georgia/Griffin
Georgia,Grovetown,https://www.cvs.com/store-locator/cvs-pharmacy-locations/Georgia/Grovetown
Georgia,Hartwell,https://www.cvs.com/store-locator/cvs-pharmacy-locations/Georgia/Hartwell
Georgia,Hazlehurst,https://www.cvs.com/store-locator/cvs-pharmacy-locations/Georgia/Hazlehurst
Georgia,Hinesville,https://www.cvs.com/store-locator/cvs-pharmacy-locations/Georgia/Hinesville
Georgia,Hiram,https://www.cvs.com/store-locator/cvs-pharmacy-locations/Georgia/Hiram
Georgia,Hoschton,https://www.cvs.com/store-locator/cvs-pharmacy-locations/Georgia/Hoschton
Georgia,Hull,https://www.cvs.com/store-locator/cvs-pharmacy-locations/Georgia/Hull
Georgia,Jackson,https://www.cvs.com/store-locator/cvs-pharmacy-locations/Georgia/Jackson
Georgia,Jasper,https://www.cvs.com/store-locator/cvs-pharmacy-locations/Georgia/Jasper
Georgia,Jefferson,https://www.cvs.com/store-locator/cvs-pharmacy-locations/Georgia/Jefferson
Georgia,Jesup,https://www.cvs.com/store-locator/cvs-pharmacy-locations/Georgia/Jesup
Georgia,Jonesboro,https://www.cvs.com/store-locator/cvs-pharmacy-locations/Georgia/Jonesboro
Georgia,Kennesaw,https://www.cvs.com/store-locator/cvs-pharmacy-locations/Georgia/Kennesaw
Georgia,Kingsland,https://www.cvs.com/store-locator/cvs-pharmacy-locations/Georgia/Kingsland
Georgia,La-Grange,https://www.cvs.com/store-locator/cvs-pharmacy-locations/Georgia/La-Grange
Georgia,Lafayette,https://www.cvs.com/store-locator/cvs-pharmacy-locations/Georgia/Lafayette
Georgia,Lagrange,https://www.cvs.com/store-locator/cvs-pharmacy-locations/Georgia/Lagrange
Georgia,Lawrenceville,https://www.cvs.com/store-locator/cvs-pharmacy-locations/Georgia/Lawrenceville
Georgia,Leesburg,https://www.cvs.com/store-locator/cvs-pharmacy-locations/Georgia/Leesburg
Georgia,Lilburn,https://www.cvs.com/store-locator/cvs-pharmacy-locations/Georgia/Lilburn
Georgia,Lithonia,https://www.cvs.com/store-locator/cvs-pharmacy-locations/Georgia/Lithonia
Georgia,Loganville,https://www.cvs.com/store-locator/cvs-pharmacy-locations/Georgia/Loganville
Georgia,Mableton,https://www.cvs.com/store-locator/cvs-pharmacy-locations/Georgia/Mableton
Georgia,Macon,https://www.cvs.com/store-locator/cvs-pharmacy-locations/Georgia/Macon
Georgia,Manchester,https://www.cvs.com/store-locator/cvs-pharmacy-locations/Georgia/Manchester
Georgia,Marietta,https://www.cvs.com/store-locator/cvs-pharmacy-locations/Georgia/Marietta
Georgia,Martinez,https://www.cvs.com/store-locator/cvs-pharmacy-locations/Georgia/Martinez
Georgia,Mcdonough,https://www.cvs.com/store-locator/cvs-pharmacy-locations/Georgia/Mcdonough
Georgia,Milledgeville,https://www.cvs.com/store-locator/cvs-pharmacy-locations/Georgia/Milledgeville
Georgia,Milton,https://www.cvs.com/store-locator/cvs-pharmacy-locations/Georgia/Milton
Georgia,Monroe,https://www.cvs.com/store-locator/cvs-pharmacy-locations/Georgia/Monroe
Georgia,Montezuma,https://www.cvs.com/store-locator/cvs-pharmacy-locations/Georgia/Montezuma
Georgia,Monticello,https://www.cvs.com/store-locator/cvs-pharmacy-locations/Georgia/Monticello
Georgia,Morrow,https://www.cvs.com/store-locator/cvs-pharmacy-locations/Georgia/Morrow
Georgia,Moultrie,https://www.cvs.com/store-locator/cvs-pharmacy-locations/Georgia/Moultrie
Georgia,Newnan,https://www.cvs.com/store-locator/cvs-pharmacy-locations/Georgia/Newnan
Georgia,Norcross,https://www.cvs.com/store-locator/cvs-pharmacy-locations/Georgia/Norcross
Georgia,Oakwood,https://www.cvs.com/store-locator/cvs-pharmacy-locations/Georgia/Oakwood
Georgia,Peachtree-City,https://www.cvs.com/store-locator/cvs-pharmacy-locations/Georgia/Peachtree-City
Georgia,Perry,https://www.cvs.com/store-locator/cvs-pharmacy-locations/Georgia/Perry
Georgia,Pooler,https://www.cvs.com/store-locator/cvs-pharmacy-locations/Georgia/Pooler
Georgia,Port-Wentworth,https://www.cvs.com/store-locator/cvs-pharmacy-locations/Georgia/Port-Wentworth
Georgia,Powder-Springs,https://www.cvs.com/store-locator/cvs-pharmacy-locations/Georgia/Powder-Springs
Georgia,Richmond-Hill,https://www.cvs.com/store-locator/cvs-pharmacy-locations/Georgia/Richmond-Hill
Georgia,Rincon,https://www.cvs.com/store-locator/cvs-pharmacy-locations/Georgia/Rincon
Georgia,Ringgold,https://www.cvs.com/store-locator/cvs-pharmacy-locations/Georgia/Ringgold
Georgia,Riverdale,https://www.cvs.com/store-locator/cvs-pharmacy-locations/Georgia/Riverdale
Georgia,Rome,https://www.cvs.com/store-locator/cvs-pharmacy-locations/Georgia/Rome
Georgia,Roswell,https://www.cvs.com/store-locator/cvs-pharmacy-locations/Georgia/Roswell
Georgia,Saint-Marys,https://www.cvs.com/store-locator/cvs-pharmacy-locations/Georgia/Saint-Marys
Georgia,Saint-Simons-Island,https://www.cvs.com/store-locator/cvs-pharmacy-locations/Georgia/Saint-Simons-Island
Georgia,Sandersville,https://www.cvs.com/store-locator/cvs-pharmacy-locations/Georgia/Sandersville
Georgia,Sandy-Springs,https://www.cvs.com/store-locator/cvs-pharmacy-locations/Georgia/Sandy-Springs
Georgia,Savannah,https://www.cvs.com/store-locator/cvs-pharmacy-locations/Georgia/Savannah
Georgia,Smyrna,https://www.cvs.com/store-locator/cvs-pharmacy-locations/Georgia/Smyrna
Georgia,Snellville,https://www.cvs.com/store-locator/cvs-pharmacy-locations/Georgia/Snellville
Georgia,Statesboro,https://www.cvs.com/store-locator/cvs-pharmacy-locations/Georgia/Statesboro
Georgia,Stockbridge,https://www.cvs.com/store-locator/cvs-pharmacy-locations/Georgia/Stockbridge
Georgia,Stone-Mountain,https://www.cvs.com/store-locator/cvs-pharmacy-locations/Georgia/Stone-Mountain
Georgia,Summerville,https://www.cvs.com/store-locator/cvs-pharmacy-locations/Georgia/Summerville
Georgia,Suwanee,https://www.cvs.com/store-locator/cvs-pharmacy-locations/Georgia/Suwanee
Georgia,Sylvester,https://www.cvs.com/store-locator/cvs-pharmacy-locations/Georgia/Sylvester
Georgia,Tallapoosa,https://www.cvs.com/store-locator/cvs-pharmacy-locations/Georgia/Tallapoosa
Georgia,Thomasville,https://www.cvs.com/store-locator/cvs-pharmacy-locations/Georgia/Thomasville
Georgia,Thomson,https://www.cvs.com/store-locator/cvs-pharmacy-locations/Georgia/Thomson
Georgia,Tifton,https://www.cvs.com/store-locator/cvs-pharmacy-locations/Georgia/Tifton
Georgia,Toccoa,https://www.cvs.com/store-locator/cvs-pharmacy-locations/Georgia/Toccoa
Georgia,Trenton,https://www.cvs.com/store-locator/cvs-pharmacy-locations/Georgia/Trenton
Georgia,Tucker,https://www.cvs.com/store-locator/cvs-pharmacy-locations/Georgia/Tucker
Georgia,Tyrone,https://www.cvs.com/store-locator/cvs-pharmacy-locations/Georgia/Tyrone
Georgia,Union-City,https://www.cvs.com/store-locator/cvs-pharmacy-locations/Georgia/Union-City
Georgia,Valdosta,https://www.cvs.com/store-locator/cvs-pharmacy-locations/Georgia/Valdosta
Georgia,Vidalia,https://www.cvs.com/store-locator/cvs-pharmacy-locations/Georgia/Vidalia
Georgia,Villa-Rica,https://www.cvs.com/store-locator/cvs-pharmacy-locations/Georgia/Villa-Rica
Georgia,Warner-Robins,https://www.cvs.com/store-locator/cvs-pharmacy-locations/Georgia/Warner-Robins
Georgia,Washington,https://www.cvs.com/store-locator/cvs-pharmacy-locations/Georgia/Washington
Georgia,Watkinsville,https://www.cvs.com/store-locator/cvs-pharmacy-locations/Georgia/Watkinsville
Georgia,Waycross,https://www.cvs.com/store-locator/cvs-pharmacy-locations/Georgia/Waycross
Georgia,Waynesboro,https://www.cvs.com/store-locator/cvs-pharmacy-locations/Georgia/Waynesboro
Georgia,Winder,https://www.cvs.com/store-locator/cvs-pharmacy-locations/Georgia/Winder
Georgia,Woodstock,https://www.cvs.com/store-locator/cvs-pharmacy-locations/Georgia/Woodstock
Hawaii,Aiea,https://www.cvs.com/store-locator/cvs-pharmacy-locations/Hawaii/Aiea
Hawaii,Eleele,https://www.cvs.com/store-locator/cvs-pharmacy-locations/Hawaii/Eleele
Hawaii,Ewa-Beach,https://www.cvs.com/store-locator/cvs-pharmacy-locations/Hawaii/Ewa-Beach
Hawaii,Haleiwa,https://www.cvs.com/store-locator/cvs-pharmacy-locations/Hawaii/Haleiwa
Hawaii,Hauula,https://www.cvs.com/store-locator/cvs-pharmacy-locations/Hawaii/Hauula
Hawaii,Hilo,https://www.cvs.com/store-locator/cvs-pharmacy-locations/Hawaii/Hilo
Hawaii,Honolulu,https://www.cvs.com/store-locator/cvs-pharmacy-locations/Hawaii/Honolulu
Hawaii,Kahului,https://www.cvs.com/store-locator/cvs-pharmacy-locations/Hawaii/Kahului
Hawaii,Kailua,https://www.cvs.com/store-locator/cvs-pharmacy-locations/Hawaii/Kailua
Hawaii,Kailua-Kona,https://www.cvs.com/store-locator/cvs-pharmacy-locations/Hawaii/Kailua-Kona
Hawaii,Kamuela,https://www.cvs.com/store-locator/cvs-pharmacy-locations/Hawaii/Kamuela
Hawaii,Kaneohe,https://www.cvs.com/store-locator/cvs-pharmacy-locations/Hawaii/Kaneohe
Hawaii,Kapaa,https://www.cvs.com/store-locator/cvs-pharmacy-locations/Hawaii/Kapaa
Hawaii,Kapolei,https://www.cvs.com/store-locator/cvs-pharmacy-locations/Hawaii/Kapolei
Hawaii,Keaau,https://www.cvs.com/store-locator/cvs-pharmacy-locations/Hawaii/Keaau
Hawaii,Kihei,https://www.cvs.com/store-locator/cvs-pharmacy-locations/Hawaii/Kihei
Hawaii,Koloa,https://www.cvs.com/store-locator/cvs-pharmacy-locations/Hawaii/Koloa
Hawaii,Lahaina,https://www.cvs.com/store-locator/cvs-pharmacy-locations/Hawaii/Lahaina
Hawaii,Lihue,https://www.cvs.com/store-locator/cvs-pharmacy-locations/Hawaii/Lihue
Hawaii,Makawao,https://www.cvs.com/store-locator/cvs-pharmacy-locations/Hawaii/Makawao
Hawaii,Mililani,https://www.cvs.com/store-locator/cvs-pharmacy-locations/Hawaii/Mililani
Hawaii,Pahala,https://www.cvs.com/store-locator/cvs-pharmacy-locations/Hawaii/Pahala
Hawaii,Pahoa,https://www.cvs.com/store-locator/cvs-pharmacy-locations/Hawaii/Pahoa
Hawaii,Pearl-City,https://www.cvs.com/store-locator/cvs-pharmacy-locations/Hawaii/Pearl-City
Hawaii,Wahiawa,https://www.cvs.com/store-locator/cvs-pharmacy-locations/Hawaii/Wahiawa
Hawaii,Waianae,https://www.cvs.com/store-locator/cvs-pharmacy-locations/Hawaii/Waianae
Hawaii,Wailuku,https://www.cvs.com/store-locator/cvs-pharmacy-locations/Hawaii/Wailuku
Hawaii,Waipahu,https://www.cvs.com/store-locator/cvs-pharmacy-locations/Hawaii/Waipahu
Idaho,Boise,https://www.cvs.com/store-locator/cvs-pharmacy-locations/Idaho/Boise
Idaho,Lewiston,https://www.cvs.com/store-locator/cvs-pharmacy-locations/Idaho/Lewiston
Idaho,Nampa,https://www.cvs.com/store-locator/cvs-pharmacy-locations/Idaho/Nampa
Idaho,Twin-Falls,https://www.cvs.com/store-locator/cvs-pharmacy-locations/Idaho/Twin-Falls
Illinois,Addison,https://www.cvs.com/store-locator/cvs-pharmacy-locations/Illinois/Addison
Illinois,Algonquin,https://www.cvs.com/store-locator/cvs-pharmacy-locations/Illinois/Algonquin
Illinois,Alton,https://www.cvs.com/store-locator/cvs-pharmacy-locations/Illinois/Alton
Illinois,Antioch,https://www.cvs.com/store-locator/cvs-pharmacy-locations/Illinois/Antioch
Illinois,Arlington-Heights,https://www.cvs.com/store-locator/cvs-pharmacy-locations/Illinois/Arlington-Heights
Illinois,Aurora,https://www.cvs.com/store-locator/cvs-pharmacy-locations/Illinois/Aurora
Illinois,Barrington,https://www.cvs.com/store-locator/cvs-pharmacy-locations/Illinois/Barrington
Illinois,Bartlett,https://www.cvs.com/store-locator/cvs-pharmacy-locations/Illinois/Bartlett
Illinois,Bartonville,https://www.cvs.com/store-locator/cvs-pharmacy-locations/Illinois/Bartonville
Illinois,Batavia,https://www.cvs.com/store-locator/cvs-pharmacy-locations/Illinois/Batavia
Illinois,Beecher,https://www.cvs.com/store-locator/cvs-pharmacy-locations/Illinois/Beecher
Illinois,Belleville,https://www.cvs.com/store-locator/cvs-pharmacy-locations/Illinois/Belleville
Illinois,Benton,https://www.cvs.com/store-locator/cvs-pharmacy-locations/Illinois/Benton
Illinois,Bethalto,https://www.cvs.com/store-locator/cvs-pharmacy-locations/Illinois/Bethalto
Illinois,Bloomington,https://www.cvs.com/store-locator/cvs-pharmacy-locations/Illinois/Bloomington
Illinois,Bolingbrook,https://www.cvs.com/store-locator/cvs-pharmacy-locations/Illinois/Bolingbrook
Illinois,Bourbonnais,https://www.cvs.com/store-locator/cvs-pharmacy-locations/Illinois/Bourbonnais
Illinois,Braidwood,https://www.cvs.com/store-locator/cvs-pharmacy-locations/Illinois/Braidwood
Illinois,Broadview,https://www.cvs.com/store-locator/cvs-pharmacy-locations/Illinois/Broadview
Illinois,Brookfield,https://www.cvs.com/store-locator/cvs-pharmacy-locations/Illinois/Brookfield
Illinois,Buffalo-Grove,https://www.cvs.com/store-locator/cvs-pharmacy-locations/Illinois/Buffalo-Grove
Illinois,Cahokia,https://www.cvs.com/store-locator/cvs-pharmacy-locations/Illinois/Cahokia
Illinois,Calumet-City,https://www.cvs.com/store-locator/cvs-pharmacy-locations/Illinois/Calumet-City
Illinois,Carbondale,https://www.cvs.com/store-locator/cvs-pharmacy-locations/Illinois/Carbondale
Illinois,Carlyle,https://www.cvs.com/store-locator/cvs-pharmacy-locations/Illinois/Carlyle
Illinois,Carol-Stream,https://www.cvs.com/store-locator/cvs-pharmacy-locations/Illinois/Carol-Stream
Illinois,Cary,https://www.cvs.com/store-locator/cvs-pharmacy-locations/Illinois/Cary
Illinois,Centralia,https://www.cvs.com/store-locator/cvs-pharmacy-locations/Illinois/Centralia
Illinois,Champaign,https://www.cvs.com/store-locator/cvs-pharmacy-locations/Illinois/Champaign
Illinois,Charleston,https://www.cvs.com/store-locator/cvs-pharmacy-locations/Illinois/Charleston
Illinois,Chicago,https://www.cvs.com/store-locator/cvs-pharmacy-locations/Illinois/Chicago
Illinois,Chillicothe,https://www.cvs.com/store-locator/cvs-pharmacy-locations/Illinois/Chillicothe
Illinois,Cicero,https://www.cvs.com/store-locator/cvs-pharmacy-locations/Illinois/Cicero
Illinois,Clinton,https://www.cvs.com/store-locator/cvs-pharmacy-locations/Illinois/Clinton
Illinois,Coal-City,https://www.cvs.com/store-locator/cvs-pharmacy-locations/Illinois/Coal-City
Illinois,Collinsville,https://www.cvs.com/store-locator/cvs-pharmacy-locations/Illinois/Collinsville
Illinois,Columbia,https://www.cvs.com/store-locator/cvs-pharmacy-locations/Illinois/Columbia
Illinois,Crestwood,https://www.cvs.com/store-locator/cvs-pharmacy-locations/Illinois/Crestwood
Illinois,Crystal-Lake,https://www.cvs.com/store-locator/cvs-pharmacy-locations/Illinois/Crystal-Lake
Illinois,Danville,https://www.cvs.com/store-locator/cvs-pharmacy-locations/Illinois/Danville
Illinois,Decatur,https://www.cvs.com/store-locator/cvs-pharmacy-locations/Illinois/Decatur
Illinois,Dekalb,https://www.cvs.com/store-locator/cvs-pharmacy-locations/Illinois/Dekalb
Illinois,Downers-Grove,https://www.cvs.com/store-locator/cvs-pharmacy-locations/Illinois/Downers-Grove
Illinois,Dwight,https://www.cvs.com/store-locator/cvs-pharmacy-locations/Illinois/Dwight
Illinois,East-Peoria,https://www.cvs.com/store-locator/cvs-pharmacy-locations/Illinois/East-Peoria
Illinois,Edwardsville,https://www.cvs.com/store-locator/cvs-pharmacy-locations/Illinois/Edwardsville
Illinois,El-Paso,https://www.cvs.com/store-locator/cvs-pharmacy-locations/Illinois/El-Paso
Illinois,Elgin,https://www.cvs.com/store-locator/cvs-pharmacy-locations/Illinois/Elgin
Illinois,Elmhurst,https://www.cvs.com/store-locator/cvs-pharmacy-locations/Illinois/Elmhurst
Illinois,Eureka,https://www.cvs.com/store-locator/cvs-pharmacy-locations/Illinois/Eureka
Illinois,Evanston,https://www.cvs.com/store-locator/cvs-pharmacy-locations/Illinois/Evanston
Illinois,Evergreen-Park,https://www.cvs.com/store-locator/cvs-pharmacy-locations/Illinois/Evergreen-Park
Illinois,Fairbury,https://www.cvs.com/store-locator/cvs-pharmacy-locations/Illinois/Fairbury
Illinois,Fairfield,https://www.cvs.com/store-locator/cvs-pharmacy-locations/Illinois/Fairfield
Illinois,Fairview-Heights,https://www.cvs.com/store-locator/cvs-pharmacy-locations/Illinois/Fairview-Heights
Illinois,Flossmoor,https://www.cvs.com/store-locator/cvs-pharmacy-locations/Illinois/Flossmoor
Illinois,Freeport,https://www.cvs.com/store-locator/cvs-pharmacy-locations/Illinois/Freeport
Illinois,Galesburg,https://www.cvs.com/store-locator/cvs-pharmacy-locations/Illinois/Galesburg
Illinois,Geneva,https://www.cvs.com/store-locator/cvs-pharmacy-locations/Illinois/Geneva
Illinois,Gilman,https://www.cvs.com/store-locator/cvs-pharmacy-locations/Illinois/Gilman
Illinois,Glen-Ellyn,https://www.cvs.com/store-locator/cvs-pharmacy-locations/Illinois/Glen-Ellyn
Illinois,Glendale-Heights,https://www.cvs.com/store-locator/cvs-pharmacy-locations/Illinois/Glendale-Heights
Illinois,Glenview,https://www.cvs.com/store-locator/cvs-pharmacy-locations/Illinois/Glenview
Illinois,Godfrey,https://www.cvs.com/store-locator/cvs-pharmacy-locations/Illinois/Godfrey
Illinois,Granite-City,https://www.cvs.com/store-locator/cvs-pharmacy-locations/Illinois/Granite-City
Illinois,Greenville,https://www.cvs.com/store-locator/cvs-pharmacy-locations/Illinois/Greenville
Illinois,Gurnee,https://www.cvs.com/store-locator/cvs-pharmacy-locations/Illinois/Gurnee
Illinois,Harrisburg,https://www.cvs.com/store-locator/cvs-pharmacy-locations/Illinois/Harrisburg
Illinois,Havana,https://www.cvs.com/store-locator/cvs-pharmacy-locations/Illinois/Havana
Illinois,Henry,https://www.cvs.com/store-locator/cvs-pharmacy-locations/Illinois/Henry
Illinois,Hickory-Hills,https://www.cvs.com/store-locator/cvs-pharmacy-locations/Illinois/Hickory-Hills
Illinois,Highland,https://www.cvs.com/store-locator/cvs-pharmacy-locations/Illinois/Highland
Illinois,Highland-Park,https://www.cvs.com/store-locator/cvs-pharmacy-locations/Illinois/Highland-Park
Illinois,Hillsboro,https://www.cvs.com/store-locator/cvs-pharmacy-locations/Illinois/Hillsboro
Illinois,Hillside,https://www.cvs.com/store-locator/cvs-pharmacy-locations/Illinois/Hillside
Illinois,Hodgkins,https://www.cvs.com/store-locator/cvs-pharmacy-locations/Illinois/Hodgkins
Illinois,Hoffman-Estates,https://www.cvs.com/store-locator/cvs-pharmacy-locations/Illinois/Hoffman-Estates
Illinois,Homewood,https://www.cvs.com/store-locator/cvs-pharmacy-locations/Illinois/Homewood
Illinois,Hoopeston,https://www.cvs.com/store-locator/cvs-pharmacy-locations/Illinois/Hoopeston
Illinois,Jacksonville,https://www.cvs.com/store-locator/cvs-pharmacy-locations/Illinois/Jacksonville
Illinois,Jerseyville,https://www.cvs.com/store-locator/cvs-pharmacy-locations/Illinois/Jerseyville
Illinois,Joliet,https://www.cvs.com/store-locator/cvs-pharmacy-locations/Illinois/Joliet
Illinois,Kankakee,https://www.cvs.com/store-locator/cvs-pharmacy-locations/Illinois/Kankakee
Illinois,Kewanee,https://www.cvs.com/store-locator/cvs-pharmacy-locations/Illinois/Kewanee
Illinois,Lake-Bluff,https://www.cvs.com/store-locator/cvs-pharmacy-locations/Illinois/Lake-Bluff
Illinois,Lake-Forest,https://www.cvs.com/store-locator/cvs-pharmacy-locations/Illinois/Lake-Forest
Illinois,Lake-In-The-Hills,https://www.cvs.com/store-locator/cvs-pharmacy-locations/Illinois/Lake-In-The-Hills
Illinois,Lake-Zurich,https://www.cvs.com/store-locator/cvs-pharmacy-locations/Illinois/Lake-Zurich
Illinois,Lawrenceville,https://www.cvs.com/store-locator/cvs-pharmacy-locations/Illinois/Lawrenceville
Illinois,Lemont,https://www.cvs.com/store-locator/cvs-pharmacy-locations/Illinois/Lemont
Illinois,Lincoln,https://www.cvs.com/store-locator/cvs-pharmacy-locations/Illinois/Lincoln
Illinois,Lincolnwood,https://www.cvs.com/store-locator/cvs-pharmacy-locations/Illinois/Lincolnwood
Illinois,Lindenhurst,https://www.cvs.com/store-locator/cvs-pharmacy-locations/Illinois/Lindenhurst
Illinois,Lockport,https://www.cvs.com/store-locator/cvs-pharmacy-locations/Illinois/Lockport
Illinois,Lombard,https://www.cvs.com/store-locator/cvs-pharmacy-locations/Illinois/Lombard
Illinois,Long-Grove,https://www.cvs.com/store-locator/cvs-pharmacy-locations/Illinois/Long-Grove
Illinois,Loves-Park,https://www.cvs.com/store-locator/cvs-pharmacy-locations/Illinois/Loves-Park
Illinois,Machesney-Park,https://www.cvs.com/store-locator/cvs-pharmacy-locations/Illinois/Machesney-Park
Illinois,Macomb,https://www.cvs.com/store-locator/cvs-pharmacy-locations/Illinois/Macomb
Illinois,Mahomet,https://www.cvs.com/store-locator/cvs-pharmacy-locations/Illinois/Mahomet
Illinois,Manteno,https://www.cvs.com/store-locator/cvs-pharmacy-locations/Illinois/Manteno
Illinois,Marion,https://www.cvs.com/store-locator/cvs-pharmacy-locations/Illinois/Marion
Illinois,Mattoon,https://www.cvs.com/store-locator/cvs-pharmacy-locations/Illinois/Mattoon
Illinois,Mchenry,https://www.cvs.com/store-locator/cvs-pharmacy-locations/Illinois/Mchenry
Illinois,Melrose-Park,https://www.cvs.com/store-locator/cvs-pharmacy-locations/Illinois/Melrose-Park
Illinois,Mendota,https://www.cvs.com/store-locator/cvs-pharmacy-locations/Illinois/Mendota
Illinois,Metamora,https://www.cvs.com/store-locator/cvs-pharmacy-locations/Illinois/Metamora
Illinois,Midlothian,https://www.cvs.com/store-locator/cvs-pharmacy-locations/Illinois/Midlothian
Illinois,Milan,https://www.cvs.com/store-locator/cvs-pharmacy-locations/Illinois/Milan
Illinois,Mokena,https://www.cvs.com/store-locator/cvs-pharmacy-locations/Illinois/Mokena
Illinois,Moline,https://www.cvs.com/store-locator/cvs-pharmacy-locations/Illinois/Moline
Illinois,Momence,https://www.cvs.com/store-locator/cvs-pharmacy-locations/Illinois/Momence
Illinois,Morton,https://www.cvs.com/store-locator/cvs-pharmacy-locations/Illinois/Morton
Illinois,Mount-Carmel,https://www.cvs.com/store-locator/cvs-pharmacy-locations/Illinois/Mount-Carmel
Illinois,Mount-Prospect,https://www.cvs.com/store-locator/cvs-pharmacy-locations/Illinois/Mount-Prospect
Illinois,Mount-Vernon,https://www.cvs.com/store-locator/cvs-pharmacy-locations/Illinois/Mount-Vernon
Illinois,Mundelein,https://www.cvs.com/store-locator/cvs-pharmacy-locations/Illinois/Mundelein
Illinois,Naperville,https://www.cvs.com/store-locator/cvs-pharmacy-locations/Illinois/Naperville
Illinois,New-Lenox,https://www.cvs.com/store-locator/cvs-pharmacy-locations/Illinois/New-Lenox
Illinois,Niles,https://www.cvs.com/store-locator/cvs-pharmacy-locations/Illinois/Niles
Illinois,Normal,https://www.cvs.com/store-locator/cvs-pharmacy-locations/Illinois/Normal
Illinois,Norridge,https://www.cvs.com/store-locator/cvs-pharmacy-locations/Illinois/Norridge
Illinois,North-Aurora,https://www.cvs.com/store-locator/cvs-pharmacy-locations/Illinois/North-Aurora
Illinois,Northbrook,https://www.cvs.com/store-locator/cvs-pharmacy-locations/Illinois/Northbrook
Illinois,O-Fallon,https://www.cvs.com/store-locator/cvs-pharmacy-locations/Illinois/O-Fallon
Illinois,Oak-Lawn,https://www.cvs.com/store-locator/cvs-pharmacy-locations/Illinois/Oak-Lawn
Illinois,Oak-Park,https://www.cvs.com/store-locator/cvs-pharmacy-locations/Illinois/Oak-Park
Illinois,Olney,https://www.cvs.com/store-locator/cvs-pharmacy-locations/Illinois/Olney
Illinois,Olympia-Fields,https://www.cvs.com/store-locator/cvs-pharmacy-locations/Illinois/Olympia-Fields
Illinois,Orland-Park,https://www.cvs.com/store-locator/cvs-pharmacy-locations/Illinois/Orland-Park
Illinois,Oswego,https://www.cvs.com/store-locator/cvs-pharmacy-locations/Illinois/Oswego
Illinois,Ottawa,https://www.cvs.com/store-locator/cvs-pharmacy-locations/Illinois/Ottawa
Illinois,Palatine,https://www.cvs.com/store-locator/cvs-pharmacy-locations/Illinois/Palatine
Illinois,Palos-Heights,https://www.cvs.com/store-locator/cvs-pharmacy-locations/Illinois/Palos-Heights
Illinois,Paris,https://www.cvs.com/store-locator/cvs-pharmacy-locations/Illinois/Paris
Illinois,Park-Forest,https://www.cvs.com/store-locator/cvs-pharmacy-locations/Illinois/Park-Forest
Illinois,Pekin,https://www.cvs.com/store-locator/cvs-pharmacy-locations/Illinois/Pekin
Illinois,Peoria,https://www.cvs.com/store-locator/cvs-pharmacy-locations/Illinois/Peoria
Illinois,Peotone,https://www.cvs.com/store-locator/cvs-pharmacy-locations/Illinois/Peotone
Illinois,Peru,https://www.cvs.com/store-locator/cvs-pharmacy-locations/Illinois/Peru
Illinois,Plainfield,https://www.cvs.com/store-locator/cvs-pharmacy-locations/Illinois/Plainfield
Illinois,Pontiac,https://www.cvs.com/store-locator/cvs-pharmacy-locations/Illinois/Pontiac
Illinois,Quincy,https://www.cvs.com/store-locator/cvs-pharmacy-locations/Illinois/Quincy
Illinois,Rantoul,https://www.cvs.com/store-locator/cvs-pharmacy-locations/Illinois/Rantoul
Illinois,River-Forest,https://www.cvs.com/store-locator/cvs-pharmacy-locations/Illinois/River-Forest
Illinois,Riverdale,https://www.cvs.com/store-locator/cvs-pharmacy-locations/Illinois/Riverdale
Illinois,Rock-Island,https://www.cvs.com/store-locator/cvs-pharmacy-locations/Illinois/Rock-Island
Illinois,Rockford,https://www.cvs.com/store-locator/cvs-pharmacy-locations/Illinois/Rockford
Illinois,Rolling-Meadows,https://www.cvs.com/store-locator/cvs-pharmacy-locations/Illinois/Rolling-Meadows
Illinois,Roscoe,https://www.cvs.com/store-locator/cvs-pharmacy-locations/Illinois/Roscoe
Illinois,Rosemont,https://www.cvs.com/store-locator/cvs-pharmacy-locations/Illinois/Rosemont
Illinois,Round-Lake,https://www.cvs.com/store-locator/cvs-pharmacy-locations/Illinois/Round-Lake
Illinois,Saint-Charles,https://www.cvs.com/store-locator/cvs-pharmacy-locations/Illinois/Saint-Charles
Illinois,Salem,https://www.cvs.com/store-locator/cvs-pharmacy-locations/Illinois/Salem
Illinois,Savoy,https://www.cvs.com/store-locator/cvs-pharmacy-locations/Illinois/Savoy
Illinois,Schaumburg,https://www.cvs.com/store-locator/cvs-pharmacy-locations/Illinois/Schaumburg
Illinois,Shelbyville,https://www.cvs.com/store-locator/cvs-pharmacy-locations/Illinois/Shelbyville
Illinois,Shiloh,https://www.cvs.com/store-locator/cvs-pharmacy-locations/Illinois/Shiloh
Illinois,Shorewood,https://www.cvs.com/store-locator/cvs-pharmacy-locations/Illinois/Shorewood
Illinois,Skokie,https://www.cvs.com/store-locator/cvs-pharmacy-locations/Illinois/Skokie
Illinois,South-Elgin,https://www.cvs.com/store-locator/cvs-pharmacy-locations/Illinois/South-Elgin
Illinois,Springfield,https://www.cvs.com/store-locator/cvs-pharmacy-locations/Illinois/Springfield
Illinois,Staunton,https://www.cvs.com/store-locator/cvs-pharmacy-locations/Illinois/Staunton
Illinois,Sterling,https://www.cvs.com/store-locator/cvs-pharmacy-locations/Illinois/Sterling
Illinois,Streamwood,https://www.cvs.com/store-locator/cvs-pharmacy-locations/Illinois/Streamwood
Illinois,Sullivan,https://www.cvs.com/store-locator/cvs-pharmacy-locations/Illinois/Sullivan
Illinois,Swansea,https://www.cvs.com/store-locator/cvs-pharmacy-locations/Illinois/Swansea
Illinois,Taylorville,https://www.cvs.com/store-locator/cvs-pharmacy-locations/Illinois/Taylorville
Illinois,Third-Lake,https://www.cvs.com/store-locator/cvs-pharmacy-locations/Illinois/Third-Lake
Illinois,Tinley-Park,https://www.cvs.com/store-locator/cvs-pharmacy-locations/Illinois/Tinley-Park
Illinois,Urbana,https://www.cvs.com/store-locator/cvs-pharmacy-locations/Illinois/Urbana
Illinois,Vernon-Hills,https://www.cvs.com/store-locator/cvs-pharmacy-locations/Illinois/Vernon-Hills
Illinois,Villa-Park,https://www.cvs.com/store-locator/cvs-pharmacy-locations/Illinois/Villa-Park
Illinois,Warrenville,https://www.cvs.com/store-locator/cvs-pharmacy-locations/Illinois/Warrenville
Illinois,Washington,https://www.cvs.com/store-locator/cvs-pharmacy-locations/Illinois/Washington
Illinois,Waterloo,https://www.cvs.com/store-locator/cvs-pharmacy-locations/Illinois/Waterloo
Illinois,Watseka,https://www.cvs.com/store-locator/cvs-pharmacy-locations/Illinois/Watseka
Illinois,Waukegan,https://www.cvs.com/store-locator/cvs-pharmacy-locations/Illinois/Waukegan
Illinois,West-Frankfort,https://www.cvs.com/store-locator/cvs-pharmacy-locations/Illinois/West-Frankfort
Illinois,Westville,https://www.cvs.com/store-locator/cvs-pharmacy-locations/Illinois/Westville
Illinois,Wheaton,https://www.cvs.com/store-locator/cvs-pharmacy-locations/Illinois/Wheaton
Illinois,Wheeling,https://www.cvs.com/store-locator/cvs-pharmacy-locations/Illinois/Wheeling
Illinois,Willowbrook,https://www.cvs.com/store-locator/cvs-pharmacy-locations/Illinois/Willowbrook
Illinois,Wilmette,https://www.cvs.com/store-locator/cvs-pharmacy-locations/Illinois/Wilmette
Illinois,Wilmington,https://www.cvs.com/store-locator/cvs-pharmacy-locations/Illinois/Wilmington
Illinois,Wood-Dale,https://www.cvs.com/store-locator/cvs-pharmacy-locations/Illinois/Wood-Dale
Illinois,Wood-River,https://www.cvs.com/store-locator/cvs-pharmacy-locations/Illinois/Wood-River
Illinois,Woodridge,https://www.cvs.com/store-locator/cvs-pharmacy-locations/Illinois/Woodridge
Illinois,Worth,https://www.cvs.com/store-locator/cvs-pharmacy-locations/Illinois/Worth
Illinois,Yorkville,https://www.cvs.com/store-locator/cvs-pharmacy-locations/Illinois/Yorkville
Indiana,Alexandria,https://www.cvs.com/store-locator/cvs-pharmacy-locations/Indiana/Alexandria
Indiana,Anderson,https://www.cvs.com/store-locator/cvs-pharmacy-locations/Indiana/Anderson
Indiana,Angola,https://www.cvs.com/store-locator/cvs-pharmacy-locations/Indiana/Angola
Indiana,Attica,https://www.cvs.com/store-locator/cvs-pharmacy-locations/Indiana/Attica
Indiana,Auburn,https://www.cvs.com/store-locator/cvs-pharmacy-locations/Indiana/Auburn
Indiana,Aurora,https://www.cvs.com/store-locator/cvs-pharmacy-locations/Indiana/Aurora
Indiana,Avon,https://www.cvs.com/store-locator/cvs-pharmacy-locations/Indiana/Avon
Indiana,Bargersville,https://www.cvs.com/store-locator/cvs-pharmacy-locations/Indiana/Bargersville
Indiana,Batesville,https://www.cvs.com/store-locator/cvs-pharmacy-locations/Indiana/Batesville
Indiana,Bedford,https://www.cvs.com/store-locator/cvs-pharmacy-locations/Indiana/Bedford
Indiana,Beech-Grove,https://www.cvs.com/store-locator/cvs-pharmacy-locations/Indiana/Beech-Grove
Indiana,Berne,https://www.cvs.com/store-locator/cvs-pharmacy-locations/Indiana/Berne
Indiana,Bloomfield,https://www.cvs.com/store-locator/cvs-pharmacy-locations/Indiana/Bloomfield
Indiana,Bloomington,https://www.cvs.com/store-locator/cvs-pharmacy-locations/Indiana/Bloomington
Indiana,Bluffton,https://www.cvs.com/store-locator/cvs-pharmacy-locations/Indiana/Bluffton
Indiana,Boonville,https://www.cvs.com/store-locator/cvs-pharmacy-locations/Indiana/Boonville
Indiana,Brazil,https://www.cvs.com/store-locator/cvs-pharmacy-locations/Indiana/Brazil
Indiana,Bremen,https://www.cvs.com/store-locator/cvs-pharmacy-locations/Indiana/Bremen
Indiana,Brookville,https://www.cvs.com/store-locator/cvs-pharmacy-locations/Indiana/Brookville
Indiana,Brownsburg,https://www.cvs.com/store-locator/cvs-pharmacy-locations/Indiana/Brownsburg
Indiana,Brownstown,https://www.cvs.com/store-locator/cvs-pharmacy-locations/Indiana/Brownstown
Indiana,Butler,https://www.cvs.com/store-locator/cvs-pharmacy-locations/Indiana/Butler
Indiana,Cambridge-City,https://www.cvs.com/store-locator/cvs-pharmacy-locations/Indiana/Cambridge-City
Indiana,Carmel,https://www.cvs.com/store-locator/cvs-pharmacy-locations/Indiana/Carmel
Indiana,Cedar-Lake,https://www.cvs.com/store-locator/cvs-pharmacy-locations/Indiana/Cedar-Lake
Indiana,Chesterton,https://www.cvs.com/store-locator/cvs-pharmacy-locations/Indiana/Chesterton
Indiana,Churubusco,https://www.cvs.com/store-locator/cvs-pharmacy-locations/Indiana/Churubusco
Indiana,Cicero,https://www.cvs.com/store-locator/cvs-pharmacy-locations/Indiana/Cicero
Indiana,Clarksville,https://www.cvs.com/store-locator/cvs-pharmacy-locations/Indiana/Clarksville
Indiana,Clinton,https://www.cvs.com/store-locator/cvs-pharmacy-locations/Indiana/Clinton
Indiana,Columbia-City,https://www.cvs.com/store-locator/cvs-pharmacy-locations/Indiana/Columbia-City
Indiana,Columbus,https://www.cvs.com/store-locator/cvs-pharmacy-locations/Indiana/Columbus
Indiana,Connersville,https://www.cvs.com/store-locator/cvs-pharmacy-locations/Indiana/Connersville
Indiana,Corydon,https://www.cvs.com/store-locator/cvs-pharmacy-locations/Indiana/Corydon
Indiana,Covington,https://www.cvs.com/store-locator/cvs-pharmacy-locations/Indiana/Covington
Indiana,Crawfordsville,https://www.cvs.com/store-locator/cvs-pharmacy-locations/Indiana/Crawfordsville
Indiana,Crown-Point,https://www.cvs.com/store-locator/cvs-pharmacy-locations/Indiana/Crown-Point
Indiana,Culver,https://www.cvs.com/store-locator/cvs-pharmacy-locations/Indiana/Culver
Indiana,Danville,https://www.cvs.com/store-locator/cvs-pharmacy-locations/Indiana/Danville
Indiana,Decatur,https://www.cvs.com/store-locator/cvs-pharmacy-locations/Indiana/Decatur
Indiana,Delphi,https://www.cvs.com/store-locator/cvs-pharmacy-locations/Indiana/Delphi
Indiana,Demotte,https://www.cvs.com/store-locator/cvs-pharmacy-locations/Indiana/Demotte
Indiana,Dunkirk,https://www.cvs.com/store-locator/cvs-pharmacy-locations/Indiana/Dunkirk
Indiana,Dyer,https://www.cvs.com/store-locator/cvs-pharmacy-locations/Indiana/Dyer
Indiana,Edinburgh,https://www.cvs.com/store-locator/cvs-pharmacy-locations/Indiana/Edinburgh
Indiana,Elkhart,https://www.cvs.com/store-locator/cvs-pharmacy-locations/Indiana/Elkhart
Indiana,Elwood,https://www.cvs.com/store-locator/cvs-pharmacy-locations/Indiana/Elwood
Indiana,English,https://www.cvs.com/store-locator/cvs-pharmacy-locations/Indiana/English
Indiana,Evansville,https://www.cvs.com/store-locator/cvs-pharmacy-locations/Indiana/Evansville
Indiana,Ferdinand,https://www.cvs.com/store-locator/cvs-pharmacy-locations/Indiana/Ferdinand
Indiana,Fishers,https://www.cvs.com/store-locator/cvs-pharmacy-locations/Indiana/Fishers
Indiana,Fort-Wayne,https://www.cvs.com/store-locator/cvs-pharmacy-locations/Indiana/Fort-Wayne
Indiana,Fortville,https://www.cvs.com/store-locator/cvs-pharmacy-locations/Indiana/Fortville
Indiana,Frankfort,https://www.cvs.com/store-locator/cvs-pharmacy-locations/Indiana/Frankfort
Indiana,Franklin,https://www.cvs.com/store-locator/cvs-pharmacy-locations/Indiana/Franklin
Indiana,Gary,https://www.cvs.com/store-locator/cvs-pharmacy-locations/Indiana/Gary
Indiana,Gas-City,https://www.cvs.com/store-locator/cvs-pharmacy-locations/Indiana/Gas-City
Indiana,Goshen,https://www.cvs.com/store-locator/cvs-pharmacy-locations/Indiana/Goshen
Indiana,Granger,https://www.cvs.com/store-locator/cvs-pharmacy-locations/Indiana/Granger
Indiana,Greencastle,https://www.cvs.com/store-locator/cvs-pharmacy-locations/Indiana/Greencastle
Indiana,Greenfield,https://www.cvs.com/store-locator/cvs-pharmacy-locations/Indiana/Greenfield
Indiana,Greensburg,https://www.cvs.com/store-locator/cvs-pharmacy-locations/Indiana/Greensburg
Indiana,Greenwood,https://www.cvs.com/store-locator/cvs-pharmacy-locations/Indiana/Greenwood
Indiana,Hammond,https://www.cvs.com/store-locator/cvs-pharmacy-locations/Indiana/Hammond
Indiana,Hanover,https://www.cvs.com/store-locator/cvs-pharmacy-locations/Indiana/Hanover
Indiana,Hartford-City,https://www.cvs.com/store-locator/cvs-pharmacy-locations/Indiana/Hartford-City
Indiana,Highland,https://www.cvs.com/store-locator/cvs-pharmacy-locations/Indiana/Highland
Indiana,Hobart,https://www.cvs.com/store-locator/cvs-pharmacy-locations/Indiana/Hobart
Indiana,Huntingburg,https://www.cvs.com/store-locator/cvs-pharmacy-locations/Indiana/Huntingburg
Indiana,Huntington,https://www.cvs.com/store-locator/cvs-pharmacy-locations/Indiana/Huntington
Indiana,Indianapolis,https://www.cvs.com/store-locator/cvs-pharmacy-locations/Indiana/Indianapolis
Indiana,Jasper,https://www.cvs.com/store-locator/cvs-pharmacy-locations/Indiana/Jasper
Indiana,Jeffersonville,https://www.cvs.com/store-locator/cvs-pharmacy-locations/Indiana/Jeffersonville
Indiana,Kendallville,https://www.cvs.com/store-locator/cvs-pharmacy-locations/Indiana/Kendallville
Indiana,Kentland,https://www.cvs.com/store-locator/cvs-pharmacy-locations/Indiana/Kentland
Indiana,Knightstown,https://www.cvs.com/store-locator/cvs-pharmacy-locations/Indiana/Knightstown
Indiana,Knox,https://www.cvs.com/store-locator/cvs-pharmacy-locations/Indiana/Knox
Indiana,Kokomo,https://www.cvs.com/store-locator/cvs-pharmacy-locations/Indiana/Kokomo
Indiana,La-Porte,https://www.cvs.com/store-locator/cvs-pharmacy-locations/Indiana/La-Porte
Indiana,Lafayette,https://www.cvs.com/store-locator/cvs-pharmacy-locations/Indiana/Lafayette
Indiana,Lagrange,https://www.cvs.com/store-locator/cvs-pharmacy-locations/Indiana/Lagrange
Indiana,Lawrenceburg,https://www.cvs.com/store-locator/cvs-pharmacy-locations/Indiana/Lawrenceburg
Indiana,Lebanon,https://www.cvs.com/store-locator/cvs-pharmacy-locations/Indiana/Lebanon
Indiana,Leo-Cedarville,https://www.cvs.com/store-locator/cvs-pharmacy-locations/Indiana/Leo-Cedarville
Indiana,Ligonier,https://www.cvs.com/store-locator/cvs-pharmacy-locations/Indiana/Ligonier
Indiana,Linton,https://www.cvs.com/store-locator/cvs-pharmacy-locations/Indiana/Linton
Indiana,Logansport,https://www.cvs.com/store-locator/cvs-pharmacy-locations/Indiana/Logansport
Indiana,Loogootee,https://www.cvs.com/store-locator/cvs-pharmacy-locations/Indiana/Loogootee
Indiana,Madison,https://www.cvs.com/store-locator/cvs-pharmacy-locations/Indiana/Madison
Indiana,Marion,https://www.cvs.com/store-locator/cvs-pharmacy-locations/Indiana/Marion
Indiana,Martinsville,https://www.cvs.com/store-locator/cvs-pharmacy-locations/Indiana/Martinsville
Indiana,Mccordsville,https://www.cvs.com/store-locator/cvs-pharmacy-locations/Indiana/Mccordsville
Indiana,Merrillville,https://www.cvs.com/store-locator/cvs-pharmacy-locations/Indiana/Merrillville
Indiana,Michigan-City,https://www.cvs.com/store-locator/cvs-pharmacy-locations/Indiana/Michigan-City
Indiana,Middlebury,https://www.cvs.com/store-locator/cvs-pharmacy-locations/Indiana/Middlebury
Indiana,Middletown,https://www.cvs.com/store-locator/cvs-pharmacy-locations/Indiana/Middletown
Indiana,Mishawaka,https://www.cvs.com/store-locator/cvs-pharmacy-locations/Indiana/Mishawaka
Indiana,Mitchell,https://www.cvs.com/store-locator/cvs-pharmacy-locations/Indiana/Mitchell
Indiana,Monticello,https://www.cvs.com/store-locator/cvs-pharmacy-locations/Indiana/Monticello
Indiana,Mooresville,https://www.cvs.com/store-locator/cvs-pharmacy-locations/Indiana/Mooresville
Indiana,Mount-Vernon,https://www.cvs.com/store-locator/cvs-pharmacy-locations/Indiana/Mount-Vernon
Indiana,Muncie,https://www.cvs.com/store-locator/cvs-pharmacy-locations/Indiana/Muncie
Indiana,Munster,https://www.cvs.com/store-locator/cvs-pharmacy-locations/Indiana/Munster
Indiana,Nappanee,https://www.cvs.com/store-locator/cvs-pharmacy-locations/Indiana/Nappanee
Indiana,Nashville,https://www.cvs.com/store-locator/cvs-pharmacy-locations/Indiana/Nashville
Indiana,New-Albany,https://www.cvs.com/store-locator/cvs-pharmacy-locations/Indiana/New-Albany
Indiana,New-Carlisle,https://www.cvs.com/store-locator/cvs-pharmacy-locations/Indiana/New-Carlisle
Indiana,New-Castle,https://www.cvs.com/store-locator/cvs-pharmacy-locations/Indiana/New-Castle
Indiana,New-Haven,https://www.cvs.com/store-locator/cvs-pharmacy-locations/Indiana/New-Haven
Indiana,New-Palestine,https://www.cvs.com/store-locator/cvs-pharmacy-locations/Indiana/New-Palestine
Indiana,Newburgh,https://www.cvs.com/store-locator/cvs-pharmacy-locations/Indiana/Newburgh
Indiana,Noblesville,https://www.cvs.com/store-locator/cvs-pharmacy-locations/Indiana/Noblesville
Indiana,North-Judson,https://www.cvs.com/store-locator/cvs-pharmacy-locations/Indiana/North-Judson
Indiana,North-Manchester,https://www.cvs.com/store-locator/cvs-pharmacy-locations/Indiana/North-Manchester
Indiana,North-Vernon,https://www.cvs.com/store-locator/cvs-pharmacy-locations/Indiana/North-Vernon
Indiana,North-Webster,https://www.cvs.com/store-locator/cvs-pharmacy-locations/Indiana/North-Webster
Indiana,Pendleton,https://www.cvs.com/store-locator/cvs-pharmacy-locations/Indiana/Pendleton
Indiana,Peru,https://www.cvs.com/store-locator/cvs-pharmacy-locations/Indiana/Peru
Indiana,Petersburg,https://www.cvs.com/store-locator/cvs-pharmacy-locations/Indiana/Petersburg
Indiana,Plainfield,https://www.cvs.com/store-locator/cvs-pharmacy-locations/Indiana/Plainfield
Indiana,Plymouth,https://www.cvs.com/store-locator/cvs-pharmacy-locations/Indiana/Plymouth
Indiana,Portage,https://www.cvs.com/store-locator/cvs-pharmacy-locations/Indiana/Portage
Indiana,Portland,https://www.cvs.com/store-locator/cvs-pharmacy-locations/Indiana/Portland
Indiana,Princeton,https://www.cvs.com/store-locator/cvs-pharmacy-locations/Indiana/Princeton
Indiana,Rensselaer,https://www.cvs.com/store-locator/cvs-pharmacy-locations/Indiana/Rensselaer
Indiana,Richmond,https://www.cvs.com/store-locator/cvs-pharmacy-locations/Indiana/Richmond
Indiana,Rochester,https://www.cvs.com/store-locator/cvs-pharmacy-locations/Indiana/Rochester
Indiana,Rockville,https://www.cvs.com/store-locator/cvs-pharmacy-locations/Indiana/Rockville
Indiana,Rushville,https://www.cvs.com/store-locator/cvs-pharmacy-locations/Indiana/Rushville
Indiana,Saint-John,https://www.cvs.com/store-locator/cvs-pharmacy-locations/Indiana/Saint-John
Indiana,Salem,https://www.cvs.com/store-locator/cvs-pharmacy-locations/Indiana/Salem
Indiana,Schererville,https://www.cvs.com/store-locator/cvs-pharmacy-locations/Indiana/Schererville
Indiana,Scottsburg,https://www.cvs.com/store-locator/cvs-pharmacy-locations/Indiana/Scottsburg
Indiana,Sellersburg,https://www.cvs.com/store-locator/cvs-pharmacy-locations/Indiana/Sellersburg
Indiana,Seymour,https://www.cvs.com/store-locator/cvs-pharmacy-locations/Indiana/Seymour
Indiana,Shelbyville,https://www.cvs.com/store-locator/cvs-pharmacy-locations/Indiana/Shelbyville
Indiana,South-Bend,https://www.cvs.com/store-locator/cvs-pharmacy-locations/Indiana/South-Bend
Indiana,Spencer,https://www.cvs.com/store-locator/cvs-pharmacy-locations/Indiana/Spencer
Indiana,Sullivan,https://www.cvs.com/store-locator/cvs-pharmacy-locations/Indiana/Sullivan
Indiana,Syracuse,https://www.cvs.com/store-locator/cvs-pharmacy-locations/Indiana/Syracuse
Indiana,Tell-City,https://www.cvs.com/store-locator/cvs-pharmacy-locations/Indiana/Tell-City
Indiana,Terre-Haute,https://www.cvs.com/store-locator/cvs-pharmacy-locations/Indiana/Terre-Haute
Indiana,Tipton,https://www.cvs.com/store-locator/cvs-pharmacy-locations/Indiana/Tipton
Indiana,Trafalgar,https://www.cvs.com/store-locator/cvs-pharmacy-locations/Indiana/Trafalgar
Indiana,Valparaiso,https://www.cvs.com/store-locator/cvs-pharmacy-locations/Indiana/Valparaiso
Indiana,Versailles,https://www.cvs.com/store-locator/cvs-pharmacy-locations/Indiana/Versailles
Indiana,Vevay,https://www.cvs.com/store-locator/cvs-pharmacy-locations/Indiana/Vevay
Indiana,Vincennes,https://www.cvs.com/store-locator/cvs-pharmacy-locations/Indiana/Vincennes
Indiana,Wabash,https://www.cvs.com/store-locator/cvs-pharmacy-locations/Indiana/Wabash
Indiana,Walkerton,https://www.cvs.com/store-locator/cvs-pharmacy-locations/Indiana/Walkerton
Indiana,Warsaw,https://www.cvs.com/store-locator/cvs-pharmacy-locations/Indiana/Warsaw
Indiana,Washington,https://www.cvs.com/store-locator/cvs-pharmacy-locations/Indiana/Washington
Indiana,West-Baden-Springs,https://www.cvs.com/store-locator/cvs-pharmacy-locations/Indiana/West-Baden-Springs
Indiana,West-Lafayette,https://www.cvs.com/store-locator/cvs-pharmacy-locations/Indiana/West-Lafayette
Indiana,Westfield,https://www.cvs.com/store-locator/cvs-pharmacy-locations/Indiana/Westfield
Indiana,Whiteland,https://www.cvs.com/store-locator/cvs-pharmacy-locations/Indiana/Whiteland
Indiana,Winamac,https://www.cvs.com/store-locator/cvs-pharmacy-locations/Indiana/Winamac
Indiana,Winchester,https://www.cvs.com/store-locator/cvs-pharmacy-locations/Indiana/Winchester
Indiana,Zionsville,https://www.cvs.com/store-locator/cvs-pharmacy-locations/Indiana/Zionsville
Iowa,Altoona,https://www.cvs.com/store-locator/cvs-pharmacy-locations/Iowa/Altoona
Iowa,Ames,https://www.cvs.com/store-locator/cvs-pharmacy-locations/Iowa/Ames
Iowa,Ankeny,https://www.cvs.com/store-locator/cvs-pharmacy-locations/Iowa/Ankeny
Iowa,Bettendorf,https://www.cvs.com/store-locator/cvs-pharmacy-locations/Iowa/Bettendorf
Iowa,Cedar-Falls,https://www.cvs.com/store-locator/cvs-pharmacy-locations/Iowa/Cedar-Falls
Iowa,Cedar-Rapids,https://www.cvs.com/store-locator/cvs-pharmacy-locations/Iowa/Cedar-Rapids
Iowa,Coralville,https://www.cvs.com/store-locator/cvs-pharmacy-locations/Iowa/Coralville
Iowa,Council-Bluffs,https://www.cvs.com/store-locator/cvs-pharmacy-locations/Iowa/Council-Bluffs
Iowa,Davenport,https://www.cvs.com/store-locator/cvs-pharmacy-locations/Iowa/Davenport
Iowa,Des-Moines,https://www.cvs.com/store-locator/cvs-pharmacy-locations/Iowa/Des-Moines
Iowa,Dubuque,https://www.cvs.com/store-locator/cvs-pharmacy-locations/Iowa/Dubuque
Iowa,Fort-Dodge,https://www.cvs.com/store-locator/cvs-pharmacy-locations/Iowa/Fort-Dodge
Iowa,Iowa-City,https://www.cvs.com/store-locator/cvs-pharmacy-locations/Iowa/Iowa-City
Iowa,Marion,https://www.cvs.com/store-locator/cvs-pharmacy-locations/Iowa/Marion
Iowa,Mason-City,https://www.cvs.com/store-locator/cvs-pharmacy-locations/Iowa/Mason-City
Iowa,Sioux-City,https://www.cvs.com/store-locator/cvs-pharmacy-locations/Iowa/Sioux-City
Iowa,Urbandale,https://www.cvs.com/store-locator/cvs-pharmacy-locations/Iowa/Urbandale
Iowa,Waterloo,https://www.cvs.com/store-locator/cvs-pharmacy-locations/Iowa/Waterloo
Iowa,Waukee,https://www.cvs.com/store-locator/cvs-pharmacy-locations/Iowa/Waukee
Iowa,West-Des-Moines,https://www.cvs.com/store-locator/cvs-pharmacy-locations/Iowa/West-Des-Moines
Kansas,Atchison,https://www.cvs.com/store-locator/cvs-pharmacy-locations/Kansas/Atchison
Kansas,Derby,https://www.cvs.com/store-locator/cvs-pharmacy-locations/Kansas/Derby
Kansas,Emporia,https://www.cvs.com/store-locator/cvs-pharmacy-locations/Kansas/Emporia
Kansas,Gardner,https://www.cvs.com/store-locator/cvs-pharmacy-locations/Kansas/Gardner
Kansas,Junction-City,https://www.cvs.com/store-locator/cvs-pharmacy-locations/Kansas/Junction-City
Kansas,Kansas-City,https://www.cvs.com/store-locator/cvs-pharmacy-locations/Kansas/Kansas-City
Kansas,Lawrence,https://www.cvs.com/store-locator/cvs-pharmacy-locations/Kansas/Lawrence
Kansas,Leavenworth,https://www.cvs.com/store-locator/cvs-pharmacy-locations/Kansas/Leavenworth
Kansas,Leawood,https://www.cvs.com/store-locator/cvs-pharmacy-locations/Kansas/Leawood
Kansas,Lenexa,https://www.cvs.com/store-locator/cvs-pharmacy-locations/Kansas/Lenexa
Kansas,Manhattan,https://www.cvs.com/store-locator/cvs-pharmacy-locations/Kansas/Manhattan
Kansas,Mission,https://www.cvs.com/store-locator/cvs-pharmacy-locations/Kansas/Mission
Kansas,Olathe,https://www.cvs.com/store-locator/cvs-pharmacy-locations/Kansas/Olathe
Kansas,Overland-Park,https://www.cvs.com/store-locator/cvs-pharmacy-locations/Kansas/Overland-Park
Kansas,Prairie-Village,https://www.cvs.com/store-locator/cvs-pharmacy-locations/Kansas/Prairie-Village
Kansas,Salina,https://www.cvs.com/store-locator/cvs-pharmacy-locations/Kansas/Salina
Kansas,Shawnee,https://www.cvs.com/store-locator/cvs-pharmacy-locations/Kansas/Shawnee
Kansas,Topeka,https://www.cvs.com/store-locator/cvs-pharmacy-locations/Kansas/Topeka
Kansas,Wichita,https://www.cvs.com/store-locator/cvs-pharmacy-locations/Kansas/Wichita
Kentucky,Ashland,https://www.cvs.com/store-locator/cvs-pharmacy-locations/Kentucky/Ashland
Kentucky,Benton,https://www.cvs.com/store-locator/cvs-pharmacy-locations/Kentucky/Benton
Kentucky,Bowling-Green,https://www.cvs.com/store-locator/cvs-pharmacy-locations/Kentucky/Bowling-Green
Kentucky,Campbellsville,https://www.cvs.com/store-locator/cvs-pharmacy-locations/Kentucky/Campbellsville
Kentucky,Columbia,https://www.cvs.com/store-locator/cvs-pharmacy-locations/Kentucky/Columbia
Kentucky,Crestwood,https://www.cvs.com/store-locator/cvs-pharmacy-locations/Kentucky/Crestwood
Kentucky,Danville,https://www.cvs.com/store-locator/cvs-pharmacy-locations/Kentucky/Danville
Kentucky,Elizabethtown,https://www.cvs.com/store-locator/cvs-pharmacy-locations/Kentucky/Elizabethtown
Kentucky,Eminence,https://www.cvs.com/store-locator/cvs-pharmacy-locations/Kentucky/Eminence
Kentucky,Erlanger,https://www.cvs.com/store-locator/cvs-pharmacy-locations/Kentucky/Erlanger
Kentucky,Falmouth,https://www.cvs.com/store-locator/cvs-pharmacy-locations/Kentucky/Falmouth
Kentucky,Flatwoods,https://www.cvs.com/store-locator/cvs-pharmacy-locations/Kentucky/Flatwoods
Kentucky,Florence,https://www.cvs.com/store-locator/cvs-pharmacy-locations/Kentucky/Florence
Kentucky,Frankfort,https://www.cvs.com/store-locator/cvs-pharmacy-locations/Kentucky/Frankfort
Kentucky,Franklin,https://www.cvs.com/store-locator/cvs-pharmacy-locations/Kentucky/Franklin
Kentucky,Georgetown,https://www.cvs.com/store-locator/cvs-pharmacy-locations/Kentucky/Georgetown
Kentucky,Harlan,https://www.cvs.com/store-locator/cvs-pharmacy-locations/Kentucky/Harlan
Kentucky,Harrodsburg,https://www.cvs.com/store-locator/cvs-pharmacy-locations/Kentucky/Harrodsburg
Kentucky,Hazard,https://www.cvs.com/store-locator/cvs-pharmacy-locations/Kentucky/Hazard
Kentucky,Jeffersontown,https://www.cvs.com/store-locator/cvs-pharmacy-locations/Kentucky/Jeffersontown
Kentucky,Latonia,https://www.cvs.com/store-locator/cvs-pharmacy-locations/Kentucky/Latonia
Kentucky,Lexington,https://www.cvs.com/store-locator/cvs-pharmacy-locations/Kentucky/Lexington
Kentucky,Liberty,https://www.cvs.com/store-locator/cvs-pharmacy-locations/Kentucky/Liberty
Kentucky,London,https://www.cvs.com/store-locator/cvs-pharmacy-locations/Kentucky/London
Kentucky,Louisville,https://www.cvs.com/store-locator/cvs-pharmacy-locations/Kentucky/Louisville
Kentucky,Madisonville,https://www.cvs.com/store-locator/cvs-pharmacy-locations/Kentucky/Madisonville
Kentucky,Marion,https://www.cvs.com/store-locator/cvs-pharmacy-locations/Kentucky/Marion
Kentucky,Mayfield,https://www.cvs.com/store-locator/cvs-pharmacy-locations/Kentucky/Mayfield
Kentucky,Mount-Sterling,https://www.cvs.com/store-locator/cvs-pharmacy-locations/Kentucky/Mount-Sterling
Kentucky,Murray,https://www.cvs.com/store-locator/cvs-pharmacy-locations/Kentucky/Murray
Kentucky,Newport,https://www.cvs.com/store-locator/cvs-pharmacy-locations/Kentucky/Newport
Kentucky,Nicholasville,https://www.cvs.com/store-locator/cvs-pharmacy-locations/Kentucky/Nicholasville
Kentucky,Owensboro,https://www.cvs.com/store-locator/cvs-pharmacy-locations/Kentucky/Owensboro
Kentucky,Paducah,https://www.cvs.com/store-locator/cvs-pharmacy-locations/Kentucky/Paducah
Kentucky,Paris,https://www.cvs.com/store-locator/cvs-pharmacy-locations/Kentucky/Paris
Kentucky,Princeton,https://www.cvs.com/store-locator/cvs-pharmacy-locations/Kentucky/Princeton
Kentucky,Richmond,https://www.cvs.com/store-locator/cvs-pharmacy-locations/Kentucky/Richmond
Kentucky,Shelbyville,https://www.cvs.com/store-locator/cvs-pharmacy-locations/Kentucky/Shelbyville
Kentucky,Shepherdsville,https://www.cvs.com/store-locator/cvs-pharmacy-locations/Kentucky/Shepherdsville
Kentucky,Somerset,https://www.cvs.com/store-locator/cvs-pharmacy-locations/Kentucky/Somerset
Kentucky,South-Williamson,https://www.cvs.com/store-locator/cvs-pharmacy-locations/Kentucky/South-Williamson
Kentucky,Versailles,https://www.cvs.com/store-locator/cvs-pharmacy-locations/Kentucky/Versailles
Kentucky,Winchester,https://www.cvs.com/store-locator/cvs-pharmacy-locations/Kentucky/Winchester
Louisiana,Abbeville,https://www.cvs.com/store-locator/cvs-pharmacy-locations/Louisiana/Abbeville
Louisiana,Alexandria,https://www.cvs.com/store-locator/cvs-pharmacy-locations/Louisiana/Alexandria
Louisiana,Avondale,https://www.cvs.com/store-locator/cvs-pharmacy-locations/Louisiana/Avondale
Louisiana,Baker,https://www.cvs.com/store-locator/cvs-pharmacy-locations/Louisiana/Baker
Louisiana,Baton-Rouge,https://www.cvs.com/store-locator/cvs-pharmacy-locations/Louisiana/Baton-Rouge
Louisiana,Bogalusa,https://www.cvs.com/store-locator/cvs-pharmacy-locations/Louisiana/Bogalusa
Louisiana,Bossier-City,https://www.cvs.com/store-locator/cvs-pharmacy-locations/Louisiana/Bossier-City
Louisiana,Broussard,https://www.cvs.com/store-locator/cvs-pharmacy-locations/Louisiana/Broussard
Louisiana,Chalmette,https://www.cvs.com/store-locator/cvs-pharmacy-locations/Louisiana/Chalmette
Louisiana,Covington,https://www.cvs.com/store-locator/cvs-pharmacy-locations/Louisiana/Covington
Louisiana,Cut-Off,https://www.cvs.com/store-locator/cvs-pharmacy-locations/Louisiana/Cut-Off
Louisiana,Denham-Springs,https://www.cvs.com/store-locator/cvs-pharmacy-locations/Louisiana/Denham-Springs
Louisiana,Destrehan,https://www.cvs.com/store-locator/cvs-pharmacy-locations/Louisiana/Destrehan
Louisiana,Donaldsonville,https://www.cvs.com/store-locator/cvs-pharmacy-locations/Louisiana/Donaldsonville
Louisiana,Franklinton,https://www.cvs.com/store-locator/cvs-pharmacy-locations/Louisiana/Franklinton
Louisiana,Gonzales,https://www.cvs.com/store-locator/cvs-pharmacy-locations/Louisiana/Gonzales
Louisiana,Hammond,https://www.cvs.com/store-locator/cvs-pharmacy-locations/Louisiana/Hammond
Louisiana,Harvey,https://www.cvs.com/store-locator/cvs-pharmacy-locations/Louisiana/Harvey
Louisiana,Haughton,https://www.cvs.com/store-locator/cvs-pharmacy-locations/Louisiana/Haughton
Louisiana,Houma,https://www.cvs.com/store-locator/cvs-pharmacy-locations/Louisiana/Houma
Louisiana,Jefferson,https://www.cvs.com/store-locator/cvs-pharmacy-locations/Louisiana/Jefferson
Louisiana,Jennings,https://www.cvs.com/store-locator/cvs-pharmacy-locations/Louisiana/Jennings
Louisiana,Kaplan,https://www.cvs.com/store-locator/cvs-pharmacy-locations/Louisiana/Kaplan
Louisiana,Kenner,https://www.cvs.com/store-locator/cvs-pharmacy-locations/Louisiana/Kenner
Louisiana,La-Place,https://www.cvs.com/store-locator/cvs-pharmacy-locations/Louisiana/La-Place
Louisiana,Lafayette,https://www.cvs.com/store-locator/cvs-pharmacy-locations/Louisiana/Lafayette
Louisiana,Lake-Charles,https://www.cvs.com/store-locator/cvs-pharmacy-locations/Louisiana/Lake-Charles
Louisiana,Leesville,https://www.cvs.com/store-locator/cvs-pharmacy-locations/Louisiana/Leesville
Louisiana,Mandeville,https://www.cvs.com/store-locator/cvs-pharmacy-locations/Louisiana/Mandeville
Louisiana,Marksville,https://www.cvs.com/store-locator/cvs-pharmacy-locations/Louisiana/Marksville
Louisiana,Marrero,https://www.cvs.com/store-locator/cvs-pharmacy-locations/Louisiana/Marrero
Louisiana,Metairie,https://www.cvs.com/store-locator/cvs-pharmacy-locations/Louisiana/Metairie
Louisiana,Minden,https://www.cvs.com/store-locator/cvs-pharmacy-locations/Louisiana/Minden
Louisiana,Monroe,https://www.cvs.com/store-locator/cvs-pharmacy-locations/Louisiana/Monroe
Louisiana,Morgan-City,https://www.cvs.com/store-locator/cvs-pharmacy-locations/Louisiana/Morgan-City
Louisiana,New-Iberia,https://www.cvs.com/store-locator/cvs-pharmacy-locations/Louisiana/New-Iberia
Louisiana,New-Orleans,https://www.cvs.com/store-locator/cvs-pharmacy-locations/Louisiana/New-Orleans
Louisiana,Opelousas,https://www.cvs.com/store-locator/cvs-pharmacy-locations/Louisiana/Opelousas
Louisiana,Pineville,https://www.cvs.com/store-locator/cvs-pharmacy-locations/Louisiana/Pineville
Louisiana,Plaquemine,https://www.cvs.com/store-locator/cvs-pharmacy-locations/Louisiana/Plaquemine
Louisiana,Ponchatoula,https://www.cvs.com/store-locator/cvs-pharmacy-locations/Louisiana/Ponchatoula
Louisiana,Prairieville,https://www.cvs.com/store-locator/cvs-pharmacy-locations/Louisiana/Prairieville
Louisiana,Raceland,https://www.cvs.com/store-locator/cvs-pharmacy-locations/Louisiana/Raceland
Louisiana,River-Ridge,https://www.cvs.com/store-locator/cvs-pharmacy-locations/Louisiana/River-Ridge
Louisiana,Saint-Martinville,https://www.cvs.com/store-locator/cvs-pharmacy-locations/Louisiana/Saint-Martinville
Louisiana,Shreveport,https://www.cvs.com/store-locator/cvs-pharmacy-locations/Louisiana/Shreveport
Louisiana,Slidell,https://www.cvs.com/store-locator/cvs-pharmacy-locations/Louisiana/Slidell
Louisiana,Sulphur,https://www.cvs.com/store-locator/cvs-pharmacy-locations/Louisiana/Sulphur
Louisiana,Terrytown,https://www.cvs.com/store-locator/cvs-pharmacy-locations/Louisiana/Terrytown
Louisiana,Thibodaux,https://www.cvs.com/store-locator/cvs-pharmacy-locations/Louisiana/Thibodaux
Louisiana,Walker,https://www.cvs.com/store-locator/cvs-pharmacy-locations/Louisiana/Walker
Louisiana,West-Monroe,https://www.cvs.com/store-locator/cvs-pharmacy-locations/Louisiana/West-Monroe
Louisiana,Westwego,https://www.cvs.com/store-locator/cvs-pharmacy-locations/Louisiana/Westwego
Louisiana,Youngsville,https://www.cvs.com/store-locator/cvs-pharmacy-locations/Louisiana/Youngsville
Louisiana,Zachary,https://www.cvs.com/store-locator/cvs-pharmacy-locations/Louisiana/Zachary
Maine,Auburn,https://www.cvs.com/store-locator/cvs-pharmacy-locations/Maine/Auburn
Maine,Augusta,https://www.cvs.com/store-locator/cvs-pharmacy-locations/Maine/Augusta
Maine,Bangor,https://www.cvs.com/store-locator/cvs-pharmacy-locations/Maine/Bangor
Maine,Bath,https://www.cvs.com/store-locator/cvs-pharmacy-locations/Maine/Bath
Maine,Biddeford,https://www.cvs.com/store-locator/cvs-pharmacy-locations/Maine/Biddeford
Maine,Brunswick,https://www.cvs.com/store-locator/cvs-pharmacy-locations/Maine/Brunswick
Maine,Cape-Elizabeth,https://www.cvs.com/store-locator/cvs-pharmacy-locations/Maine/Cape-Elizabeth
Maine,Freeport,https://www.cvs.com/store-locator/cvs-pharmacy-locations/Maine/Freeport
Maine,Kennebunk,https://www.cvs.com/store-locator/cvs-pharmacy-locations/Maine/Kennebunk
Maine,Lewiston,https://www.cvs.com/store-locator/cvs-pharmacy-locations/Maine/Lewiston
Maine,Portland,https://www.cvs.com/store-locator/cvs-pharmacy-locations/Maine/Portland
Maine,Sanford,https://www.cvs.com/store-locator/cvs-pharmacy-locations/Maine/Sanford
Maine,South-Portland,https://www.cvs.com/store-locator/cvs-pharmacy-locations/Maine/South-Portland
Maine,Topsham,https://www.cvs.com/store-locator/cvs-pharmacy-locations/Maine/Topsham
Maine,Waterville,https://www.cvs.com/store-locator/cvs-pharmacy-locations/Maine/Waterville
Maine,Wells,https://www.cvs.com/store-locator/cvs-pharmacy-locations/Maine/Wells
Maine,Westbrook,https://www.cvs.com/store-locator/cvs-pharmacy-locations/Maine/Westbrook
Maine,Windham,https://www.cvs.com/store-locator/cvs-pharmacy-locations/Maine/Windham
Maryland,Aberdeen,https://www.cvs.com/store-locator/cvs-pharmacy-locations/Maryland/Aberdeen
Maryland,Abingdon,https://www.cvs.com/store-locator/cvs-pharmacy-locations/Maryland/Abingdon
Maryland,Annapolis,https://www.cvs.com/store-locator/cvs-pharmacy-locations/Maryland/Annapolis
Maryland,Arnold,https://www.cvs.com/store-locator/cvs-pharmacy-locations/Maryland/Arnold
Maryland,Ashton,https://www.cvs.com/store-locator/cvs-pharmacy-locations/Maryland/Ashton
Maryland,Baltimore,https://www.cvs.com/store-locator/cvs-pharmacy-locations/Maryland/Baltimore
Maryland,Bel-Air,https://www.cvs.com/store-locator/cvs-pharmacy-locations/Maryland/Bel-Air
Maryland,Beltsville,https://www.cvs.com/store-locator/cvs-pharmacy-locations/Maryland/Beltsville
Maryland,Bethesda,https://www.cvs.com/store-locator/cvs-pharmacy-locations/Maryland/Bethesda
Maryland,Bowie,https://www.cvs.com/store-locator/cvs-pharmacy-locations/Maryland/Bowie
Maryland,Brandywine,https://www.cvs.com/store-locator/cvs-pharmacy-locations/Maryland/Brandywine
Maryland,Bryans-Road,https://www.cvs.com/store-locator/cvs-pharmacy-locations/Maryland/Bryans-Road
Maryland,Burtonsville,https://www.cvs.com/store-locator/cvs-pharmacy-locations/Maryland/Burtonsville
Maryland,California,https://www.cvs.com/store-locator/cvs-pharmacy-locations/Maryland/California
Maryland,Camp-Springs,https://www.cvs.com/store-locator/cvs-pharmacy-locations/Maryland/Camp-Springs
Maryland,Capitol-Heights,https://www.cvs.com/store-locator/cvs-pharmacy-locations/Maryland/Capitol-Heights
Maryland,Catonsville,https://www.cvs.com/store-locator/cvs-pharmacy-locations/Maryland/Catonsville
Maryland,Chesapeake-Beach,https://www.cvs.com/store-locator/cvs-pharmacy-locations/Maryland/Chesapeake-Beach
Maryland,Chester,https://www.cvs.com/store-locator/cvs-pharmacy-locations/Maryland/Chester
Maryland,Chevy-Chase,https://www.cvs.com/store-locator/cvs-pharmacy-locations/Maryland/Chevy-Chase
Maryland,Clarksburg,https://www.cvs.com/store-locator/cvs-pharmacy-locations/Maryland/Clarksburg
Maryland,Clarksville,https://www.cvs.com/store-locator/cvs-pharmacy-locations/Maryland/Clarksville
Maryland,Clinton,https://www.cvs.com/store-locator/cvs-pharmacy-locations/Maryland/Clinton
Maryland,Cockeysville,https://www.cvs.com/store-locator/cvs-pharmacy-locations/Maryland/Cockeysville
Maryland,College-Park,https://www.cvs.com/store-locator/cvs-pharmacy-locations/Maryland/College-Park
Maryland,Colmar-Manor,https://www.cvs.com/store-locator/cvs-pharmacy-locations/Maryland/Colmar-Manor
Maryland,Columbia,https://www.cvs.com/store-locator/cvs-pharmacy-locations/Maryland/Columbia
Maryland,Crofton,https://www.cvs.com/store-locator/cvs-pharmacy-locations/Maryland/Crofton
Maryland,Damascus,https://www.cvs.com/store-locator/cvs-pharmacy-locations/Maryland/Damascus
Maryland,Derwood,https://www.cvs.com/store-locator/cvs-pharmacy-locations/Maryland/Derwood
Maryland,District-Heights,https://www.cvs.com/store-locator/cvs-pharmacy-locations/Maryland/District-Heights
Maryland,Dunkirk,https://www.cvs.com/store-locator/cvs-pharmacy-locations/Maryland/Dunkirk
Maryland,Easton,https://www.cvs.com/store-locator/cvs-pharmacy-locations/Maryland/Easton
Maryland,Edgewater,https://www.cvs.com/store-locator/cvs-pharmacy-locations/Maryland/Edgewater
Maryland,Edgewood,https://www.cvs.com/store-locator/cvs-pharmacy-locations/Maryland/Edgewood
Maryland,Eldersburg,https://www.cvs.com/store-locator/cvs-pharmacy-locations/Maryland/Eldersburg
Maryland,Elkridge,https://www.cvs.com/store-locator/cvs-pharmacy-locations/Maryland/Elkridge
Maryland,Elkton,https://www.cvs.com/store-locator/cvs-pharmacy-locations/Maryland/Elkton
Maryland,Ellicott-City,https://www.cvs.com/store-locator/cvs-pharmacy-locations/Maryland/Ellicott-City
Maryland,Essex,https://www.cvs.com/store-locator/cvs-pharmacy-locations/Maryland/Essex
Maryland,Fallston,https://www.cvs.com/store-locator/cvs-pharmacy-locations/Maryland/Fallston
Maryland,Forest-Hill,https://www.cvs.com/store-locator/cvs-pharmacy-locations/Maryland/Forest-Hill
Maryland,Forestville,https://www.cvs.com/store-locator/cvs-pharmacy-locations/Maryland/Forestville
Maryland,Fort-Washington,https://www.cvs.com/store-locator/cvs-pharmacy-locations/Maryland/Fort-Washington
Maryland,Frederick,https://www.cvs.com/store-locator/cvs-pharmacy-locations/Maryland/Frederick
Maryland,Fulton,https://www.cvs.com/store-locator/cvs-pharmacy-locations/Maryland/Fulton
Maryland,Gaithersburg,https://www.cvs.com/store-locator/cvs-pharmacy-locations/Maryland/Gaithersburg
Maryland,Gambrills,https://www.cvs.com/store-locator/cvs-pharmacy-locations/Maryland/Gambrills
Maryland,Germantown,https://www.cvs.com/store-locator/cvs-pharmacy-locations/Maryland/Germantown
Maryland,Glen-Burnie,https://www.cvs.com/store-locator/cvs-pharmacy-locations/Maryland/Glen-Burnie
Maryland,Greenbelt,https://www.cvs.com/store-locator/cvs-pharmacy-locations/Maryland/Greenbelt
Maryland,Hagerstown,https://www.cvs.com/store-locator/cvs-pharmacy-locations/Maryland/Hagerstown
Maryland,Hampstead,https://www.cvs.com/store-locator/cvs-pharmacy-locations/Maryland/Hampstead
Maryland,Hanover,https://www.cvs.com/store-locator/cvs-pharmacy-locations/Maryland/Hanover
Maryland,Havre-De-Grace,https://www.cvs.com/store-locator/cvs-pharmacy-locations/Maryland/Havre-De-Grace
Maryland,Hyattsville,https://www.cvs.com/store-locator/cvs-pharmacy-locations/Maryland/Hyattsville
Maryland,Jessup,https://www.cvs.com/store-locator/cvs-pharmacy-locations/Maryland/Jessup
Maryland,Kensington,https://www.cvs.com/store-locator/cvs-pharmacy-locations/Maryland/Kensington
Maryland,La-Plata,https://www.cvs.com/store-locator/cvs-pharmacy-locations/Maryland/La-Plata
Maryland,Landover,https://www.cvs.com/store-locator/cvs-pharmacy-locations/Maryland/Landover
Maryland,Lanham,https://www.cvs.com/store-locator/cvs-pharmacy-locations/Maryland/Lanham
Maryland,Laurel,https://www.cvs.com/store-locator/cvs-pharmacy-locations/Maryland/Laurel
Maryland,Lavale,https://www.cvs.com/store-locator/cvs-pharmacy-locations/Maryland/Lavale
Maryland,Leonardtown,https://www.cvs.com/store-locator/cvs-pharmacy-locations/Maryland/Leonardtown
Maryland,Lexington-Park,https://www.cvs.com/store-locator/cvs-pharmacy-locations/Maryland/Lexington-Park
Maryland,Mechanicsville,https://www.cvs.com/store-locator/cvs-pharmacy-locations/Maryland/Mechanicsville
Maryland,Middle-River,https://www.cvs.com/store-locator/cvs-pharmacy-locations/Maryland/Middle-River
Maryland,Middletown,https://www.cvs.com/store-locator/cvs-pharmacy-locations/Maryland/Middletown
Maryland,Millersville,https://www.cvs.com/store-locator/cvs-pharmacy-locations/Maryland/Millersville
Maryland,Mount-Airy,https://www.cvs.com/store-locator/cvs-pharmacy-locations/Maryland/Mount-Airy
Maryland,New-Carrollton,https://www.cvs.com/store-locator/cvs-pharmacy-locations/Maryland/New-Carrollton
Maryland,New-Market,https://www.cvs.com/store-locator/cvs-pharmacy-locations/Maryland/New-Market
Maryland,Nottingham,https://www.cvs.com/store-locator/cvs-pharmacy-locations/Maryland/Nottingham
Maryland,Oakland,https://www.cvs.com/store-locator/cvs-pharmacy-locations/Maryland/Oakland
Maryland,Ocean-City,https://www.cvs.com/store-locator/cvs-pharmacy-locations/Maryland/Ocean-City
Maryland,Odenton,https://www.cvs.com/store-locator/cvs-pharmacy-locations/Maryland/Odenton
Maryland,Olney,https://www.cvs.com/store-locator/cvs-pharmacy-locations/Maryland/Olney
Maryland,Owings-Mills,https://www.cvs.com/store-locator/cvs-pharmacy-locations/Maryland/Owings-Mills
Maryland,Oxon-Hill,https://www.cvs.com/store-locator/cvs-pharmacy-locations/Maryland/Oxon-Hill
Maryland,Parkville,https://www.cvs.com/store-locator/cvs-pharmacy-locations/Maryland/Parkville
Maryland,Pasadena,https://www.cvs.com/store-locator/cvs-pharmacy-locations/Maryland/Pasadena
Maryland,Perry-Hall,https://www.cvs.com/store-locator/cvs-pharmacy-locations/Maryland/Perry-Hall
Maryland,Pikesville,https://www.cvs.com/store-locator/cvs-pharmacy-locations/Maryland/Pikesville
Maryland,Poolesville,https://www.cvs.com/store-locator/cvs-pharmacy-locations/Maryland/Poolesville
Maryland,Reisterstown,https://www.cvs.com/store-locator/cvs-pharmacy-locations/Maryland/Reisterstown
Maryland,Riverdale,https://www.cvs.com/store-locator/cvs-pharmacy-locations/Maryland/Riverdale
Maryland,Rockville,https://www.cvs.com/store-locator/cvs-pharmacy-locations/Maryland/Rockville
Maryland,Salisbury,https://www.cvs.com/store-locator/cvs-pharmacy-locations/Maryland/Salisbury
Maryland,Seabrook,https://www.cvs.com/store-locator/cvs-pharmacy-locations/Maryland/Seabrook
Maryland,Seat-Pleasant,https://www.cvs.com/store-locator/cvs-pharmacy-locations/Maryland/Seat-Pleasant
Maryland,Severn,https://www.cvs.com/store-locator/cvs-pharmacy-locations/Maryland/Severn
Maryland,Severna-Park,https://www.cvs.com/store-locator/cvs-pharmacy-locations/Maryland/Severna-Park
Maryland,Silver-Spring,https://www.cvs.com/store-locator/cvs-pharmacy-locations/Maryland/Silver-Spring
Maryland,Solomons,https://www.cvs.com/store-locator/cvs-pharmacy-locations/Maryland/Solomons
Maryland,Taneytown,https://www.cvs.com/store-locator/cvs-pharmacy-locations/Maryland/Taneytown
Maryland,Temple-Hills,https://www.cvs.com/store-locator/cvs-pharmacy-locations/Maryland/Temple-Hills
Maryland,Thurmont,https://www.cvs.com/store-locator/cvs-pharmacy-locations/Maryland/Thurmont
Maryland,Towson,https://www.cvs.com/store-locator/cvs-pharmacy-locations/Maryland/Towson
Maryland,Upper-Marlboro,https://www.cvs.com/store-locator/cvs-pharmacy-locations/Maryland/Upper-Marlboro
Maryland,Waldorf,https://www.cvs.com/store-locator/cvs-pharmacy-locations/Maryland/Waldorf
Maryland,Walkersville,https://www.cvs.com/store-locator/cvs-pharmacy-locations/Maryland/Walkersville
Maryland,Westminster,https://www.cvs.com/store-locator/cvs-pharmacy-locations/Maryland/Westminster
Maryland,Wheaton,https://www.cvs.com/store-locator/cvs-pharmacy-locations/Maryland/Wheaton
Maryland,White-Plains,https://www.cvs.com/store-locator/cvs-pharmacy-locations/Maryland/White-Plains
Massachusetts,Abington,https://www.cvs.com/store-locator/cvs-pharmacy-locations/Massachusetts/Abington
Massachusetts,Acton,https://www.cvs.com/store-locator/cvs-pharmacy-locations/Massachusetts/Acton
Massachusetts,Agawam,https://www.cvs.com/store-locator/cvs-pharmacy-locations/Massachusetts/Agawam
Massachusetts,Allston,https://www.cvs.com/store-locator/cvs-pharmacy-locations/Massachusetts/Allston
Massachusetts,Amesbury,https://www.cvs.com/store-locator/cvs-pharmacy-locations/Massachusetts/Amesbury
Massachusetts,Amherst,https://www.cvs.com/store-locator/cvs-pharmacy-locations/Massachusetts/Amherst
Massachusetts,Andover,https://www.cvs.com/store-locator/cvs-pharmacy-locations/Massachusetts/Andover
Massachusetts,Arlington,https://www.cvs.com/store-locator/cvs-pharmacy-locations/Massachusetts/Arlington
Massachusetts,Ashland,https://www.cvs.com/store-locator/cvs-pharmacy-locations/Massachusetts/Ashland
Massachusetts,Athol,https://www.cvs.com/store-locator/cvs-pharmacy-locations/Massachusetts/Athol
Massachusetts,Attleboro,https://www.cvs.com/store-locator/cvs-pharmacy-locations/Massachusetts/Attleboro
Massachusetts,Auburn,https://www.cvs.com/store-locator/cvs-pharmacy-locations/Massachusetts/Auburn
Massachusetts,Bedford,https://www.cvs.com/store-locator/cvs-pharmacy-locations/Massachusetts/Bedford
Massachusetts,Belchertown,https://www.cvs.com/store-locator/cvs-pharmacy-locations/Massachusetts/Belchertown
Massachusetts,Bellingham,https://www.cvs.com/store-locator/cvs-pharmacy-locations/Massachusetts/Bellingham
Massachusetts,Belmont,https://www.cvs.com/store-locator/cvs-pharmacy-locations/Massachusetts/Belmont
Massachusetts,Beverly,https://www.cvs.com/store-locator/cvs-pharmacy-locations/Massachusetts/Beverly
Massachusetts,Billerica,https://www.cvs.com/store-locator/cvs-pharmacy-locations/Massachusetts/Billerica
Massachusetts,Blackstone,https://www.cvs.com/store-locator/cvs-pharmacy-locations/Massachusetts/Blackstone
Massachusetts,Boston,https://www.cvs.com/store-locator/cvs-pharmacy-locations/Massachusetts/Boston
Massachusetts,Bourne,https://www.cvs.com/store-locator/cvs-pharmacy-locations/Massachusetts/Bourne
Massachusetts,Braintree,https://www.cvs.com/store-locator/cvs-pharmacy-locations/Massachusetts/Braintree
Massachusetts,Bridgewater,https://www.cvs.com/store-locator/cvs-pharmacy-locations/Massachusetts/Bridgewater
Massachusetts,Brighton,https://www.cvs.com/store-locator/cvs-pharmacy-locations/Massachusetts/Brighton
Massachusetts,Brockton,https://www.cvs.com/store-locator/cvs-pharmacy-locations/Massachusetts/Brockton
Massachusetts,Brookline,https://www.cvs.com/store-locator/cvs-pharmacy-locations/Massachusetts/Brookline
Massachusetts,Burlington,https://www.cvs.com/store-locator/cvs-pharmacy-locations/Massachusetts/Burlington
Massachusetts,Cambridge,https://www.cvs.com/store-locator/cvs-pharmacy-locations/Massachusetts/Cambridge
Massachusetts,Canton,https://www.cvs.com/store-locator/cvs-pharmacy-locations/Massachusetts/Canton
Massachusetts,Carver,https://www.cvs.com/store-locator/cvs-pharmacy-locations/Massachusetts/Carver
Massachusetts,Charlestown,https://www.cvs.com/store-locator/cvs-pharmacy-locations/Massachusetts/Charlestown
Massachusetts,Charlton,https://www.cvs.com/store-locator/cvs-pharmacy-locations/Massachusetts/Charlton
Massachusetts,Chatham,https://www.cvs.com/store-locator/cvs-pharmacy-locations/Massachusetts/Chatham
Massachusetts,Chelmsford,https://www.cvs.com/store-locator/cvs-pharmacy-locations/Massachusetts/Chelmsford
Massachusetts,Chelsea,https://www.cvs.com/store-locator/cvs-pharmacy-locations/Massachusetts/Chelsea
Massachusetts,Chestnut-Hill,https://www.cvs.com/store-locator/cvs-pharmacy-locations/Massachusetts/Chestnut-Hill
Massachusetts,Chicopee,https://www.cvs.com/store-locator/cvs-pharmacy-locations/Massachusetts/Chicopee
Massachusetts,Clinton,https://www.cvs.com/store-locator/cvs-pharmacy-locations/Massachusetts/Clinton
Massachusetts,Cohasset,https://www.cvs.com/store-locator/cvs-pharmacy-locations/Massachusetts/Cohasset
Massachusetts,Concord,https://www.cvs.com/store-locator/cvs-pharmacy-locations/Massachusetts/Concord
Massachusetts,Danvers,https://www.cvs.com/store-locator/cvs-pharmacy-locations/Massachusetts/Danvers
Massachusetts,Dedham,https://www.cvs.com/store-locator/cvs-pharmacy-locations/Massachusetts/Dedham
Massachusetts,Dorchester,https://www.cvs.com/store-locator/cvs-pharmacy-locations/Massachusetts/Dorchester
Massachusetts,Dracut,https://www.cvs.com/store-locator/cvs-pharmacy-locations/Massachusetts/Dracut
Massachusetts,East-Boston,https://www.cvs.com/store-locator/cvs-pharmacy-locations/Massachusetts/East-Boston
Massachusetts,East-Bridgewater,https://www.cvs.com/store-locator/cvs-pharmacy-locations/Massachusetts/East-Bridgewater
Massachusetts,East-Falmouth,https://www.cvs.com/store-locator/cvs-pharmacy-locations/Massachusetts/East-Falmouth
Massachusetts,East-Longmeadow,https://www.cvs.com/store-locator/cvs-pharmacy-locations/Massachusetts/East-Longmeadow
Massachusetts,East-Wareham,https://www.cvs.com/store-locator/cvs-pharmacy-locations/Massachusetts/East-Wareham
Massachusetts,Easthampton,https://www.cvs.com/store-locator/cvs-pharmacy-locations/Massachusetts/Easthampton
Massachusetts,Everett,https://www.cvs.com/store-locator/cvs-pharmacy-locations/Massachusetts/Everett
Massachusetts,Fairhaven,https://www.cvs.com/store-locator/cvs-pharmacy-locations/Massachusetts/Fairhaven
Massachusetts,Fall-River,https://www.cvs.com/store-locator/cvs-pharmacy-locations/Massachusetts/Fall-River
Massachusetts,Falmouth,https://www.cvs.com/store-locator/cvs-pharmacy-locations/Massachusetts/Falmouth
Massachusetts,Fitchburg,https://www.cvs.com/store-locator/cvs-pharmacy-locations/Massachusetts/Fitchburg
Massachusetts,Foxborough,https://www.cvs.com/store-locator/cvs-pharmacy-locations/Massachusetts/Foxborough
Massachusetts,Framingham,https://www.cvs.com/store-locator/cvs-pharmacy-locations/Massachusetts/Framingham
Massachusetts,Franklin,https://www.cvs.com/store-locator/cvs-pharmacy-locations/Massachusetts/Franklin
Massachusetts,Gardner,https://www.cvs.com/store-locator/cvs-pharmacy-locations/Massachusetts/Gardner
Massachusetts,Georgetown,https://www.cvs.com/store-locator/cvs-pharmacy-locations/Massachusetts/Georgetown
Massachusetts,Gloucester,https://www.cvs.com/store-locator/cvs-pharmacy-locations/Massachusetts/Gloucester
Massachusetts,Granby,https://www.cvs.com/store-locator/cvs-pharmacy-locations/Massachusetts/Granby
Massachusetts,Great-Barrington,https://www.cvs.com/store-locator/cvs-pharmacy-locations/Massachusetts/Great-Barrington
Massachusetts,Greenfield,https://www.cvs.com/store-locator/cvs-pharmacy-locations/Massachusetts/Greenfield
Massachusetts,Groton,https://www.cvs.com/store-locator/cvs-pharmacy-locations/Massachusetts/Groton
Massachusetts,Hadley,https://www.cvs.com/store-locator/cvs-pharmacy-locations/Massachusetts/Hadley
Massachusetts,Hanover,https://www.cvs.com/store-locator/cvs-pharmacy-locations/Massachusetts/Hanover
Massachusetts,Hanson,https://www.cvs.com/store-locator/cvs-pharmacy-locations/Massachusetts/Hanson
Massachusetts,Harwich,https://www.cvs.com/store-locator/cvs-pharmacy-locations/Massachusetts/Harwich
Massachusetts,Harwichport,https://www.cvs.com/store-locator/cvs-pharmacy-locations/Massachusetts/Harwichport
Massachusetts,Haverhill,https://www.cvs.com/store-locator/cvs-pharmacy-locations/Massachusetts/Haverhill
Massachusetts,Hingham,https://www.cvs.com/store-locator/cvs-pharmacy-locations/Massachusetts/Hingham
Massachusetts,Holbrook,https://www.cvs.com/store-locator/cvs-pharmacy-locations/Massachusetts/Holbrook
Massachusetts,Holden,https://www.cvs.com/store-locator/cvs-pharmacy-locations/Massachusetts/Holden
Massachusetts,Holliston,https://www.cvs.com/store-locator/cvs-pharmacy-locations/Massachusetts/Holliston
Massachusetts,Holyoke,https://www.cvs.com/store-locator/cvs-pharmacy-locations/Massachusetts/Holyoke
Massachusetts,Hopkinton,https://www.cvs.com/store-locator/cvs-pharmacy-locations/Massachusetts/Hopkinton
Massachusetts,Hudson,https://www.cvs.com/store-locator/cvs-pharmacy-locations/Massachusetts/Hudson
Massachusetts,Hyannis,https://www.cvs.com/store-locator/cvs-pharmacy-locations/Massachusetts/Hyannis
Massachusetts,Hyde-Park,https://www.cvs.com/store-locator/cvs-pharmacy-locations/Massachusetts/Hyde-Park
Massachusetts,Ipswich,https://www.cvs.com/store-locator/cvs-pharmacy-locations/Massachusetts/Ipswich
Massachusetts,Jamaica-Plain,https://www.cvs.com/store-locator/cvs-pharmacy-locations/Massachusetts/Jamaica-Plain
Massachusetts,Kingston,https://www.cvs.com/store-locator/cvs-pharmacy-locations/Massachusetts/Kingston
Massachusetts,Lakeville,https://www.cvs.com/store-locator/cvs-pharmacy-locations/Massachusetts/Lakeville
Massachusetts,Lanesborough,https://www.cvs.com/store-locator/cvs-pharmacy-locations/Massachusetts/Lanesborough
Massachusetts,Lawrence,https://www.cvs.com/store-locator/cvs-pharmacy-locations/Massachusetts/Lawrence
Massachusetts,Lenox,https://www.cvs.com/store-locator/cvs-pharmacy-locations/Massachusetts/Lenox
Massachusetts,Leominster,https://www.cvs.com/store-locator/cvs-pharmacy-locations/Massachusetts/Leominster
Massachusetts,Lexington,https://www.cvs.com/store-locator/cvs-pharmacy-locations/Massachusetts/Lexington
Massachusetts,Littleton,https://www.cvs.com/store-locator/cvs-pharmacy-locations/Massachusetts/Littleton
Massachusetts,Longmeadow,https://www.cvs.com/store-locator/cvs-pharmacy-locations/Massachusetts/Longmeadow
Massachusetts,Lowell,https://www.cvs.com/store-locator/cvs-pharmacy-locations/Massachusetts/Lowell
Massachusetts,Ludlow,https://www.cvs.com/store-locator/cvs-pharmacy-locations/Massachusetts/Ludlow
Massachusetts,Lunenburg,https://www.cvs.com/store-locator/cvs-pharmacy-locations/Massachusetts/Lunenburg
Massachusetts,Lynn,https://www.cvs.com/store-locator/cvs-pharmacy-locations/Massachusetts/Lynn
Massachusetts,Malden,https://www.cvs.com/store-locator/cvs-pharmacy-locations/Massachusetts/Malden
Massachusetts,Mansfield,https://www.cvs.com/store-locator/cvs-pharmacy-locations/Massachusetts/Mansfield
Massachusetts,Marblehead,https://www.cvs.com/store-locator/cvs-pharmacy-locations/Massachusetts/Marblehead
Massachusetts,Marlborough,https://www.cvs.com/store-locator/cvs-pharmacy-locations/Massachusetts/Marlborough
Massachusetts,Marshfield,https://www.cvs.com/store-locator/cvs-pharmacy-locations/Massachusetts/Marshfield
Massachusetts,Marstons-Mills,https://www.cvs.com/store-locator/cvs-pharmacy-locations/Massachusetts/Marstons-Mills
Massachusetts,Mashpee,https://www.cvs.com/store-locator/cvs-pharmacy-locations/Massachusetts/Mashpee
Massachusetts,Mattapan,https://www.cvs.com/store-locator/cvs-pharmacy-locations/Massachusetts/Mattapan
Massachusetts,Maynard,https://www.cvs.com/store-locator/cvs-pharmacy-locations/Massachusetts/Maynard
Massachusetts,Medfield,https://www.cvs.com/store-locator/cvs-pharmacy-locations/Massachusetts/Medfield
Massachusetts,Medford,https://www.cvs.com/store-locator/cvs-pharmacy-locations/Massachusetts/Medford
Massachusetts,Medway,https://www.cvs.com/store-locator/cvs-pharmacy-locations/Massachusetts/Medway
Massachusetts,Melrose,https://www.cvs.com/store-locator/cvs-pharmacy-locations/Massachusetts/Melrose
Massachusetts,Methuen,https://www.cvs.com/store-locator/cvs-pharmacy-locations/Massachusetts/Methuen
Massachusetts,Middleborough,https://www.cvs.com/store-locator/cvs-pharmacy-locations/Massachusetts/Middleborough
Massachusetts,Middleton,https://www.cvs.com/store-locator/cvs-pharmacy-locations/Massachusetts/Middleton
Massachusetts,Milford,https://www.cvs.com/store-locator/cvs-pharmacy-locations/Massachusetts/Milford
Massachusetts,Millbury,https://www.cvs.com/store-locator/cvs-pharmacy-locations/Massachusetts/Millbury
Massachusetts,Millis,https://www.cvs.com/store-locator/cvs-pharmacy-locations/Massachusetts/Millis
Massachusetts,Milton,https://www.cvs.com/store-locator/cvs-pharmacy-locations/Massachusetts/Milton
Massachusetts,Natick,https://www.cvs.com/store-locator/cvs-pharmacy-locations/Massachusetts/Natick
Massachusetts,Needham,https://www.cvs.com/store-locator/cvs-pharmacy-locations/Massachusetts/Needham
Massachusetts,New-Bedford,https://www.cvs.com/store-locator/cvs-pharmacy-locations/Massachusetts/New-Bedford
Massachusetts,Newburyport,https://www.cvs.com/store-locator/cvs-pharmacy-locations/Massachusetts/Newburyport
Massachusetts,Newton,https://www.cvs.com/store-locator/cvs-pharmacy-locations/Massachusetts/Newton
Massachusetts,North-Adams,https://www.cvs.com/store-locator/cvs-pharmacy-locations/Massachusetts/North-Adams
Massachusetts,North-Andover,https://www.cvs.com/store-locator/cvs-pharmacy-locations/Massachusetts/North-Andover
Massachusetts,North-Attleboro,https://www.cvs.com/store-locator/cvs-pharmacy-locations/Massachusetts/North-Attleboro
Massachusetts,North-Attleborough,https://www.cvs.com/store-locator/cvs-pharmacy-locations/Massachusetts/North-Attleborough
Massachusetts,North-Billerica,https://www.cvs.com/store-locator/cvs-pharmacy-locations/Massachusetts/North-Billerica
Massachusetts,North-Dartmouth,https://www.cvs.com/store-locator/cvs-pharmacy-locations/Massachusetts/North-Dartmouth
Massachusetts,North-Easton,https://www.cvs.com/store-locator/cvs-pharmacy-locations/Massachusetts/North-Easton
Massachusetts,North-Grafton,https://www.cvs.com/store-locator/cvs-pharmacy-locations/Massachusetts/North-Grafton
Massachusetts,North-Reading,https://www.cvs.com/store-locator/cvs-pharmacy-locations/Massachusetts/North-Reading
Massachusetts,Northampton,https://www.cvs.com/store-locator/cvs-pharmacy-locations/Massachusetts/Northampton
Massachusetts,Northborough,https://www.cvs.com/store-locator/cvs-pharmacy-locations/Massachusetts/Northborough
Massachusetts,Norton,https://www.cvs.com/store-locator/cvs-pharmacy-locations/Massachusetts/Norton
Massachusetts,Norwell,https://www.cvs.com/store-locator/cvs-pharmacy-locations/Massachusetts/Norwell
Massachusetts,Norwood,https://www.cvs.com/store-locator/cvs-pharmacy-locations/Massachusetts/Norwood
Massachusetts,Orleans,https://www.cvs.com/store-locator/cvs-pharmacy-locations/Massachusetts/Orleans
Massachusetts,Oxford,https://www.cvs.com/store-locator/cvs-pharmacy-locations/Massachusetts/Oxford
Massachusetts,Palmer,https://www.cvs.com/store-locator/cvs-pharmacy-locations/Massachusetts/Palmer
Massachusetts,Peabody,https://www.cvs.com/store-locator/cvs-pharmacy-locations/Massachusetts/Peabody
Massachusetts,Pembroke,https://www.cvs.com/store-locator/cvs-pharmacy-locations/Massachusetts/Pembroke
Massachusetts,Pittsfield,https://www.cvs.com/store-locator/cvs-pharmacy-locations/Massachusetts/Pittsfield
Massachusetts,Plainville,https://www.cvs.com/store-locator/cvs-pharmacy-locations/Massachusetts/Plainville
Massachusetts,Plymouth,https://www.cvs.com/store-locator/cvs-pharmacy-locations/Massachusetts/Plymouth
Massachusetts,Provincetown,https://www.cvs.com/store-locator/cvs-pharmacy-locations/Massachusetts/Provincetown
Massachusetts,Quincy,https://www.cvs.com/store-locator/cvs-pharmacy-locations/Massachusetts/Quincy
Massachusetts,Randolph,https://www.cvs.com/store-locator/cvs-pharmacy-locations/Massachusetts/Randolph
Massachusetts,Raynham,https://www.cvs.com/store-locator/cvs-pharmacy-locations/Massachusetts/Raynham
Massachusetts,Reading,https://www.cvs.com/store-locator/cvs-pharmacy-locations/Massachusetts/Reading
Massachusetts,Revere,https://www.cvs.com/store-locator/cvs-pharmacy-locations/Massachusetts/Revere
Massachusetts,Rockland,https://www.cvs.com/store-locator/cvs-pharmacy-locations/Massachusetts/Rockland
Massachusetts,Roslindale,https://www.cvs.com/store-locator/cvs-pharmacy-locations/Massachusetts/Roslindale
Massachusetts,Rowley,https://www.cvs.com/store-locator/cvs-pharmacy-locations/Massachusetts/Rowley
Massachusetts,Roxbury,https://www.cvs.com/store-locator/cvs-pharmacy-locations/Massachusetts/Roxbury
Massachusetts,Salem,https://www.cvs.com/store-locator/cvs-pharmacy-locations/Massachusetts/Salem
Massachusetts,Salisbury,https://www.cvs.com/store-locator/cvs-pharmacy-locations/Massachusetts/Salisbury
Massachusetts,Sandwich,https://www.cvs.com/store-locator/cvs-pharmacy-locations/Massachusetts/Sandwich
Massachusetts,Saugus,https://www.cvs.com/store-locator/cvs-pharmacy-locations/Massachusetts/Saugus
Massachusetts,Scituate,https://www.cvs.com/store-locator/cvs-pharmacy-locations/Massachusetts/Scituate
Massachusetts,Seekonk,https://www.cvs.com/store-locator/cvs-pharmacy-locations/Massachusetts/Seekonk
Massachusetts,Sharon,https://www.cvs.com/store-locator/cvs-pharmacy-locations/Massachusetts/Sharon
Massachusetts,Shrewsbury,https://www.cvs.com/store-locator/cvs-pharmacy-locations/Massachusetts/Shrewsbury
Massachusetts,Somerset,https://www.cvs.com/store-locator/cvs-pharmacy-locations/Massachusetts/Somerset
Massachusetts,Somerville,https://www.cvs.com/store-locator/cvs-pharmacy-locations/Massachusetts/Somerville
Massachusetts,South-Attleboro,https://www.cvs.com/store-locator/cvs-pharmacy-locations/Massachusetts/South-Attleboro
Massachusetts,South-Boston,https://www.cvs.com/store-locator/cvs-pharmacy-locations/Massachusetts/South-Boston
Massachusetts,South-Dartmouth,https://www.cvs.com/store-locator/cvs-pharmacy-locations/Massachusetts/South-Dartmouth
Massachusetts,South-Dennis,https://www.cvs.com/store-locator/cvs-pharmacy-locations/Massachusetts/South-Dennis
Massachusetts,South-Easton,https://www.cvs.com/store-locator/cvs-pharmacy-locations/Massachusetts/South-Easton
Massachusetts,South-Hamilton,https://www.cvs.com/store-locator/cvs-pharmacy-locations/Massachusetts/South-Hamilton
Massachusetts,South-Weymouth,https://www.cvs.com/store-locator/cvs-pharmacy-locations/Massachusetts/South-Weymouth
Massachusetts,South-Yarmouth,https://www.cvs.com/store-locator/cvs-pharmacy-locations/Massachusetts/South-Yarmouth
Massachusetts,Southbridge,https://www.cvs.com/store-locator/cvs-pharmacy-locations/Massachusetts/Southbridge
Massachusetts,Southwick,https://www.cvs.com/store-locator/cvs-pharmacy-locations/Massachusetts/Southwick
Massachusetts,Spencer,https://www.cvs.com/store-locator/cvs-pharmacy-locations/Massachusetts/Spencer
Massachusetts,Springfield,https://www.cvs.com/store-locator/cvs-pharmacy-locations/Massachusetts/Springfield
Massachusetts,Stoneham,https://www.cvs.com/store-locator/cvs-pharmacy-locations/Massachusetts/Stoneham
Massachusetts,Stoughton,https://www.cvs.com/store-locator/cvs-pharmacy-locations/Massachusetts/Stoughton
Massachusetts,Sturbridge,https://www.cvs.com/store-locator/cvs-pharmacy-locations/Massachusetts/Sturbridge
Massachusetts,Sudbury,https://www.cvs.com/store-locator/cvs-pharmacy-locations/Massachusetts/Sudbury
Massachusetts,Swampscott,https://www.cvs.com/store-locator/cvs-pharmacy-locations/Massachusetts/Swampscott
Massachusetts,Swansea,https://www.cvs.com/store-locator/cvs-pharmacy-locations/Massachusetts/Swansea
Massachusetts,Taunton,https://www.cvs.com/store-locator/cvs-pharmacy-locations/Massachusetts/Taunton
Massachusetts,Tewksbury,https://www.cvs.com/store-locator/cvs-pharmacy-locations/Massachusetts/Tewksbury
Massachusetts,Uxbridge,https://www.cvs.com/store-locator/cvs-pharmacy-locations/Massachusetts/Uxbridge
Massachusetts,Wakefield,https://www.cvs.com/store-locator/cvs-pharmacy-locations/Massachusetts/Wakefield
Massachusetts,Walpole,https://www.cvs.com/store-locator/cvs-pharmacy-locations/Massachusetts/Walpole
Massachusetts,Waltham,https://www.cvs.com/store-locator/cvs-pharmacy-locations/Massachusetts/Waltham
Massachusetts,Ware,https://www.cvs.com/store-locator/cvs-pharmacy-locations/Massachusetts/Ware
Massachusetts,Wareham,https://www.cvs.com/store-locator/cvs-pharmacy-locations/Massachusetts/Wareham
Massachusetts,Watertown,https://www.cvs.com/store-locator/cvs-pharmacy-locations/Massachusetts/Watertown
Massachusetts,Wayland,https://www.cvs.com/store-locator/cvs-pharmacy-locations/Massachusetts/Wayland
Massachusetts,Webster,https://www.cvs.com/store-locator/cvs-pharmacy-locations/Massachusetts/Webster
Massachusetts,Wellesley,https://www.cvs.com/store-locator/cvs-pharmacy-locations/Massachusetts/Wellesley
Massachusetts,West-Boylston,https://www.cvs.com/store-locator/cvs-pharmacy-locations/Massachusetts/West-Boylston
Massachusetts,West-Bridgewater,https://www.cvs.com/store-locator/cvs-pharmacy-locations/Massachusetts/West-Bridgewater
Massachusetts,West-Newton,https://www.cvs.com/store-locator/cvs-pharmacy-locations/Massachusetts/West-Newton
Massachusetts,West-Roxbury,https://www.cvs.com/store-locator/cvs-pharmacy-locations/Massachusetts/West-Roxbury
Massachusetts,West-Springfield,https://www.cvs.com/store-locator/cvs-pharmacy-locations/Massachusetts/West-Springfield
Massachusetts,West-Yarmouth,https://www.cvs.com/store-locator/cvs-pharmacy-locations/Massachusetts/West-Yarmouth
Massachusetts,Westborough,https://www.cvs.com/store-locator/cvs-pharmacy-locations/Massachusetts/Westborough
Massachusetts,Westfield,https://www.cvs.com/store-locator/cvs-pharmacy-locations/Massachusetts/Westfield
Massachusetts,Westford,https://www.cvs.com/store-locator/cvs-pharmacy-locations/Massachusetts/Westford
Massachusetts,Westport,https://www.cvs.com/store-locator/cvs-pharmacy-locations/Massachusetts/Westport
Massachusetts,Westwood,https://www.cvs.com/store-locator/cvs-pharmacy-locations/Massachusetts/Westwood
Massachusetts,Weymouth,https://www.cvs.com/store-locator/cvs-pharmacy-locations/Massachusetts/Weymouth
Massachusetts,Whitinsville,https://www.cvs.com/store-locator/cvs-pharmacy-locations/Massachusetts/Whitinsville
Massachusetts,Whitman,https://www.cvs.com/store-locator/cvs-pharmacy-locations/Massachusetts/Whitman
Massachusetts,Wilbraham,https://www.cvs.com/store-locator/cvs-pharmacy-locations/Massachusetts/Wilbraham
Massachusetts,Wilmington,https://www.cvs.com/store-locator/cvs-pharmacy-locations/Massachusetts/Wilmington
Massachusetts,Winchendon,https://www.cvs.com/store-locator/cvs-pharmacy-locations/Massachusetts/Winchendon
Massachusetts,Winchester,https://www.cvs.com/store-locator/cvs-pharmacy-locations/Massachusetts/Winchester
Massachusetts,Winthrop,https://www.cvs.com/store-locator/cvs-pharmacy-locations/Massachusetts/Winthrop
Massachusetts,Woburn,https://www.cvs.com/store-locator/cvs-pharmacy-locations/Massachusetts/Woburn
Massachusetts,Wollaston,https://www.cvs.com/store-locator/cvs-pharmacy-locations/Massachusetts/Wollaston
Massachusetts,Worcester,https://www.cvs.com/store-locator/cvs-pharmacy-locations/Massachusetts/Worcester
Massachusetts,Wrentham,https://www.cvs.com/store-locator/cvs-pharmacy-locations/Massachusetts/Wrentham
Michigan,Adrian,https://www.cvs.com/store-locator/cvs-pharmacy-locations/Michigan/Adrian
Michigan,Allen-Park,https://www.cvs.com/store-locator/cvs-pharmacy-locations/Michigan/Allen-Park
Michigan,Ann-Arbor,https://www.cvs.com/store-locator/cvs-pharmacy-locations/Michigan/Ann-Arbor
Michigan,Auburn-Hills,https://www.cvs.com/store-locator/cvs-pharmacy-locations/Michigan/Auburn-Hills
Michigan,Battle-Creek,https://www.cvs.com/store-locator/cvs-pharmacy-locations/Michigan/Battle-Creek
Michigan,Bay-City,https://www.cvs.com/store-locator/cvs-pharmacy-locations/Michigan/Bay-City
Michigan,Berkley,https://www.cvs.com/store-locator/cvs-pharmacy-locations/Michigan/Berkley
Michigan,Birmingham,https://www.cvs.com/store-locator/cvs-pharmacy-locations/Michigan/Birmingham
Michigan,Bloomfield-Hills,https://www.cvs.com/store-locator/cvs-pharmacy-locations/Michigan/Bloomfield-Hills
Michigan,Brighton,https://www.cvs.com/store-locator/cvs-pharmacy-locations/Michigan/Brighton
Michigan,Brooklyn,https://www.cvs.com/store-locator/cvs-pharmacy-locations/Michigan/Brooklyn
Michigan,Brownstown,https://www.cvs.com/store-locator/cvs-pharmacy-locations/Michigan/Brownstown
Michigan,Caledonia,https://www.cvs.com/store-locator/cvs-pharmacy-locations/Michigan/Caledonia
Michigan,Canton,https://www.cvs.com/store-locator/cvs-pharmacy-locations/Michigan/Canton
Michigan,Charlotte,https://www.cvs.com/store-locator/cvs-pharmacy-locations/Michigan/Charlotte
Michigan,Chelsea,https://www.cvs.com/store-locator/cvs-pharmacy-locations/Michigan/Chelsea
Michigan,Chesterfield,https://www.cvs.com/store-locator/cvs-pharmacy-locations/Michigan/Chesterfield
Michigan,Clarkston,https://www.cvs.com/store-locator/cvs-pharmacy-locations/Michigan/Clarkston
Michigan,Clawson,https://www.cvs.com/store-locator/cvs-pharmacy-locations/Michigan/Clawson
Michigan,Clinton-Township,https://www.cvs.com/store-locator/cvs-pharmacy-locations/Michigan/Clinton-Township
Michigan,Coldwater,https://www.cvs.com/store-locator/cvs-pharmacy-locations/Michigan/Coldwater
Michigan,Commerce-Township,https://www.cvs.com/store-locator/cvs-pharmacy-locations/Michigan/Commerce-Township
Michigan,Dearborn,https://www.cvs.com/store-locator/cvs-pharmacy-locations/Michigan/Dearborn
Michigan,Dearborn-Heights,https://www.cvs.com/store-locator/cvs-pharmacy-locations/Michigan/Dearborn-Heights
Michigan,Detroit,https://www.cvs.com/store-locator/cvs-pharmacy-locations/Michigan/Detroit
Michigan,East-Lansing,https://www.cvs.com/store-locator/cvs-pharmacy-locations/Michigan/East-Lansing
Michigan,Eastpointe,https://www.cvs.com/store-locator/cvs-pharmacy-locations/Michigan/Eastpointe
Michigan,Farmington,https://www.cvs.com/store-locator/cvs-pharmacy-locations/Michigan/Farmington
Michigan,Farmington-Hills,https://www.cvs.com/store-locator/cvs-pharmacy-locations/Michigan/Farmington-Hills
Michigan,Fenton,https://www.cvs.com/store-locator/cvs-pharmacy-locations/Michigan/Fenton
Michigan,Ferndale,https://www.cvs.com/store-locator/cvs-pharmacy-locations/Michigan/Ferndale
Michigan,Flat-Rock,https://www.cvs.com/store-locator/cvs-pharmacy-locations/Michigan/Flat-Rock
Michigan,Fort-Gratiot,https://www.cvs.com/store-locator/cvs-pharmacy-locations/Michigan/Fort-Gratiot
Michigan,Frankenmuth,https://www.cvs.com/store-locator/cvs-pharmacy-locations/Michigan/Frankenmuth
Michigan,Garden-City,https://www.cvs.com/store-locator/cvs-pharmacy-locations/Michigan/Garden-City
Michigan,Grand-Rapids,https://www.cvs.com/store-locator/cvs-pharmacy-locations/Michigan/Grand-Rapids
Michigan,Grandville,https://www.cvs.com/store-locator/cvs-pharmacy-locations/Michigan/Grandville
Michigan,Grosse-Ile,https://www.cvs.com/store-locator/cvs-pharmacy-locations/Michigan/Grosse-Ile
Michigan,Grosse-Pointe,https://www.cvs.com/store-locator/cvs-pharmacy-locations/Michigan/Grosse-Pointe
Michigan,Grosse-Pointe-Woods,https://www.cvs.com/store-locator/cvs-pharmacy-locations/Michigan/Grosse-Pointe-Woods
Michigan,Hamtramck,https://www.cvs.com/store-locator/cvs-pharmacy-locations/Michigan/Hamtramck
Michigan,Harper-Woods,https://www.cvs.com/store-locator/cvs-pharmacy-locations/Michigan/Harper-Woods
Michigan,Harrison-Township,https://www.cvs.com/store-locator/cvs-pharmacy-locations/Michigan/Harrison-Township
Michigan,Hazel-Park,https://www.cvs.com/store-locator/cvs-pharmacy-locations/Michigan/Hazel-Park
Michigan,Holland,https://www.cvs.com/store-locator/cvs-pharmacy-locations/Michigan/Holland
Michigan,Holly,https://www.cvs.com/store-locator/cvs-pharmacy-locations/Michigan/Holly
Michigan,Holt,https://www.cvs.com/store-locator/cvs-pharmacy-locations/Michigan/Holt
Michigan,Howell,https://www.cvs.com/store-locator/cvs-pharmacy-locations/Michigan/Howell
Michigan,Independence,https://www.cvs.com/store-locator/cvs-pharmacy-locations/Michigan/Independence
Michigan,Jackson,https://www.cvs.com/store-locator/cvs-pharmacy-locations/Michigan/Jackson
Michigan,Kalamazoo,https://www.cvs.com/store-locator/cvs-pharmacy-locations/Michigan/Kalamazoo
Michigan,Kimball,https://www.cvs.com/store-locator/cvs-pharmacy-locations/Michigan/Kimball
Michigan,Lake-Orion,https://www.cvs.com/store-locator/cvs-pharmacy-locations/Michigan/Lake-Orion
Michigan,Lansing,https://www.cvs.com/store-locator/cvs-pharmacy-locations/Michigan/Lansing
Michigan,Lincoln-Park,https://www.cvs.com/store-locator/cvs-pharmacy-locations/Michigan/Lincoln-Park
Michigan,Livonia,https://www.cvs.com/store-locator/cvs-pharmacy-locations/Michigan/Livonia
Michigan,Macomb,https://www.cvs.com/store-locator/cvs-pharmacy-locations/Michigan/Macomb
Michigan,Madison-Heights,https://www.cvs.com/store-locator/cvs-pharmacy-locations/Michigan/Madison-Heights
Michigan,Marine-City,https://www.cvs.com/store-locator/cvs-pharmacy-locations/Michigan/Marine-City
Michigan,Marquette,https://www.cvs.com/store-locator/cvs-pharmacy-locations/Michigan/Marquette
Michigan,Menominee,https://www.cvs.com/store-locator/cvs-pharmacy-locations/Michigan/Menominee
Michigan,Midland,https://www.cvs.com/store-locator/cvs-pharmacy-locations/Michigan/Midland
Michigan,Milan,https://www.cvs.com/store-locator/cvs-pharmacy-locations/Michigan/Milan
Michigan,Milford,https://www.cvs.com/store-locator/cvs-pharmacy-locations/Michigan/Milford
Michigan,Monroe,https://www.cvs.com/store-locator/cvs-pharmacy-locations/Michigan/Monroe
Michigan,Montrose,https://www.cvs.com/store-locator/cvs-pharmacy-locations/Michigan/Montrose
Michigan,Mount-Pleasant,https://www.cvs.com/store-locator/cvs-pharmacy-locations/Michigan/Mount-Pleasant
Michigan,Muskegon,https://www.cvs.com/store-locator/cvs-pharmacy-locations/Michigan/Muskegon
Michigan,New-Baltimore,https://www.cvs.com/store-locator/cvs-pharmacy-locations/Michigan/New-Baltimore
Michigan,Northville,https://www.cvs.com/store-locator/cvs-pharmacy-locations/Michigan/Northville
Michigan,Novi,https://www.cvs.com/store-locator/cvs-pharmacy-locations/Michigan/Novi
Michigan,Oak-Park,https://www.cvs.com/store-locator/cvs-pharmacy-locations/Michigan/Oak-Park
Michigan,Oakland,https://www.cvs.com/store-locator/cvs-pharmacy-locations/Michigan/Oakland
Michigan,Okemos,https://www.cvs.com/store-locator/cvs-pharmacy-locations/Michigan/Okemos
Michigan,Plymouth,https://www.cvs.com/store-locator/cvs-pharmacy-locations/Michigan/Plymouth
Michigan,Port-Huron,https://www.cvs.com/store-locator/cvs-pharmacy-locations/Michigan/Port-Huron
Michigan,Portage,https://www.cvs.com/store-locator/cvs-pharmacy-locations/Michigan/Portage
Michigan,Redford,https://www.cvs.com/store-locator/cvs-pharmacy-locations/Michigan/Redford
Michigan,Richmond,https://www.cvs.com/store-locator/cvs-pharmacy-locations/Michigan/Richmond
Michigan,Rochester-Hills,https://www.cvs.com/store-locator/cvs-pharmacy-locations/Michigan/Rochester-Hills
Michigan,Romeo,https://www.cvs.com/store-locator/cvs-pharmacy-locations/Michigan/Romeo
Michigan,Royal-Oak,https://www.cvs.com/store-locator/cvs-pharmacy-locations/Michigan/Royal-Oak
Michigan,Saginaw,https://www.cvs.com/store-locator/cvs-pharmacy-locations/Michigan/Saginaw
Michigan,Saint-Clair,https://www.cvs.com/store-locator/cvs-pharmacy-locations/Michigan/Saint-Clair
Michigan,Saint-Clair-Shores,https://www.cvs.com/store-locator/cvs-pharmacy-locations/Michigan/Saint-Clair-Shores
Michigan,Saint-Joseph,https://www.cvs.com/store-locator/cvs-pharmacy-locations/Michigan/Saint-Joseph
Michigan,Saline,https://www.cvs.com/store-locator/cvs-pharmacy-locations/Michigan/Saline
Michigan,Shelby-Township,https://www.cvs.com/store-locator/cvs-pharmacy-locations/Michigan/Shelby-Township
Michigan,South-Lyon,https://www.cvs.com/store-locator/cvs-pharmacy-locations/Michigan/South-Lyon
Michigan,Southfield,https://www.cvs.com/store-locator/cvs-pharmacy-locations/Michigan/Southfield
Michigan,Southgate,https://www.cvs.com/store-locator/cvs-pharmacy-locations/Michigan/Southgate
Michigan,Sterling-Heights,https://www.cvs.com/store-locator/cvs-pharmacy-locations/Michigan/Sterling-Heights
Michigan,Sylvan-Lake,https://www.cvs.com/store-locator/cvs-pharmacy-locations/Michigan/Sylvan-Lake
Michigan,Taylor,https://www.cvs.com/store-locator/cvs-pharmacy-locations/Michigan/Taylor
Michigan,Tecumseh,https://www.cvs.com/store-locator/cvs-pharmacy-locations/Michigan/Tecumseh
Michigan,Traverse-City,https://www.cvs.com/store-locator/cvs-pharmacy-locations/Michigan/Traverse-City
Michigan,Trenton,https://www.cvs.com/store-locator/cvs-pharmacy-locations/Michigan/Trenton
Michigan,Troy,https://www.cvs.com/store-locator/cvs-pharmacy-locations/Michigan/Troy
Michigan,Van-Buren-Twp,https://www.cvs.com/store-locator/cvs-pharmacy-locations/Michigan/Van-Buren-Twp
Michigan,Walker,https://www.cvs.com/store-locator/cvs-pharmacy-locations/Michigan/Walker
Michigan,Walled-Lake,https://www.cvs.com/store-locator/cvs-pharmacy-locations/Michigan/Walled-Lake
Michigan,Warren,https://www.cvs.com/store-locator/cvs-pharmacy-locations/Michigan/Warren
Michigan,Waterford,https://www.cvs.com/store-locator/cvs-pharmacy-locations/Michigan/Waterford
Michigan,Wayne,https://www.cvs.com/store-locator/cvs-pharmacy-locations/Michigan/Wayne
Michigan,West-Bloomfield,https://www.cvs.com/store-locator/cvs-pharmacy-locations/Michigan/West-Bloomfield
Michigan,Westland,https://www.cvs.com/store-locator/cvs-pharmacy-locations/Michigan/Westland
Michigan,Whitmore-Lake,https://www.cvs.com/store-locator/cvs-pharmacy-locations/Michigan/Whitmore-Lake
Michigan,Woodhaven,https://www.cvs.com/store-locator/cvs-pharmacy-locations/Michigan/Woodhaven
Michigan,Wyandotte,https://www.cvs.com/store-locator/cvs-pharmacy-locations/Michigan/Wyandotte
Michigan,Wyoming,https://www.cvs.com/store-locator/cvs-pharmacy-locations/Michigan/Wyoming
Michigan,Ypsilanti,https://www.cvs.com/store-locator/cvs-pharmacy-locations/Michigan/Ypsilanti
Minnesota,Aitkin,https://www.cvs.com/store-locator/cvs-pharmacy-locations/Minnesota/Aitkin
Minnesota,Albany,https://www.cvs.com/store-locator/cvs-pharmacy-locations/Minnesota/Albany
Minnesota,Alexandria,https://www.cvs.com/store-locator/cvs-pharmacy-locations/Minnesota/Alexandria
Minnesota,Andover,https://www.cvs.com/store-locator/cvs-pharmacy-locations/Minnesota/Andover
Minnesota,Apple-Valley,https://www.cvs.com/store-locator/cvs-pharmacy-locations/Minnesota/Apple-Valley
Minnesota,Baxter,https://www.cvs.com/store-locator/cvs-pharmacy-locations/Minnesota/Baxter
Minnesota,Bemidji,https://www.cvs.com/store-locator/cvs-pharmacy-locations/Minnesota/Bemidji
Minnesota,Blaine,https://www.cvs.com/store-locator/cvs-pharmacy-locations/Minnesota/Blaine
Minnesota,Bloomington,https://www.cvs.com/store-locator/cvs-pharmacy-locations/Minnesota/Bloomington
Minnesota,Brooklyn-Park,https://www.cvs.com/store-locator/cvs-pharmacy-locations/Minnesota/Brooklyn-Park
Minnesota,Buffalo,https://www.cvs.com/store-locator/cvs-pharmacy-locations/Minnesota/Buffalo
Minnesota,Burnsville,https://www.cvs.com/store-locator/cvs-pharmacy-locations/Minnesota/Burnsville
Minnesota,Cambridge,https://www.cvs.com/store-locator/cvs-pharmacy-locations/Minnesota/Cambridge
Minnesota,Champlin,https://www.cvs.com/store-locator/cvs-pharmacy-locations/Minnesota/Champlin
Minnesota,Chanhassen,https://www.cvs.com/store-locator/cvs-pharmacy-locations/Minnesota/Chanhassen
Minnesota,Chaska,https://www.cvs.com/store-locator/cvs-pharmacy-locations/Minnesota/Chaska
Minnesota,Coon-Rapids,https://www.cvs.com/store-locator/cvs-pharmacy-locations/Minnesota/Coon-Rapids
Minnesota,Cottage-Grove,https://www.cvs.com/store-locator/cvs-pharmacy-locations/Minnesota/Cottage-Grove
Minnesota,Crystal,https://www.cvs.com/store-locator/cvs-pharmacy-locations/Minnesota/Crystal
Minnesota,Delano,https://www.cvs.com/store-locator/cvs-pharmacy-locations/Minnesota/Delano
Minnesota,Detroit-Lakes,https://www.cvs.com/store-locator/cvs-pharmacy-locations/Minnesota/Detroit-Lakes
Minnesota,Dilworth,https://www.cvs.com/store-locator/cvs-pharmacy-locations/Minnesota/Dilworth
Minnesota,Duluth,https://www.cvs.com/store-locator/cvs-pharmacy-locations/Minnesota/Duluth
Minnesota,Eagan,https://www.cvs.com/store-locator/cvs-pharmacy-locations/Minnesota/Eagan
Minnesota,Eden-Prairie,https://www.cvs.com/store-locator/cvs-pharmacy-locations/Minnesota/Eden-Prairie
Minnesota,Edina,https://www.cvs.com/store-locator/cvs-pharmacy-locations/Minnesota/Edina
Minnesota,Farmington,https://www.cvs.com/store-locator/cvs-pharmacy-locations/Minnesota/Farmington
Minnesota,Forest-Lake,https://www.cvs.com/store-locator/cvs-pharmacy-locations/Minnesota/Forest-Lake
Minnesota,Fridley,https://www.cvs.com/store-locator/cvs-pharmacy-locations/Minnesota/Fridley
Minnesota,Grand-Rapids,https://www.cvs.com/store-locator/cvs-pharmacy-locations/Minnesota/Grand-Rapids
Minnesota,Hastings,https://www.cvs.com/store-locator/cvs-pharmacy-locations/Minnesota/Hastings
Minnesota,Hutchinson,https://www.cvs.com/store-locator/cvs-pharmacy-locations/Minnesota/Hutchinson
Minnesota,Inver-Grove-Heights,https://www.cvs.com/store-locator/cvs-pharmacy-locations/Minnesota/Inver-Grove-Heights
Minnesota,Lakeville,https://www.cvs.com/store-locator/cvs-pharmacy-locations/Minnesota/Lakeville
Minnesota,Lino-Lakes,https://www.cvs.com/store-locator/cvs-pharmacy-locations/Minnesota/Lino-Lakes
Minnesota,Little-Canada,https://www.cvs.com/store-locator/cvs-pharmacy-locations/Minnesota/Little-Canada
Minnesota,Mankato,https://www.cvs.com/store-locator/cvs-pharmacy-locations/Minnesota/Mankato
Minnesota,Maple-Grove,https://www.cvs.com/store-locator/cvs-pharmacy-locations/Minnesota/Maple-Grove
Minnesota,Maplewood,https://www.cvs.com/store-locator/cvs-pharmacy-locations/Minnesota/Maplewood
Minnesota,Medina,https://www.cvs.com/store-locator/cvs-pharmacy-locations/Minnesota/Medina
Minnesota,Minneapolis,https://www.cvs.com/store-locator/cvs-pharmacy-locations/Minnesota/Minneapolis
Minnesota,Minnetonka,https://www.cvs.com/store-locator/cvs-pharmacy-locations/Minnesota/Minnetonka
Minnesota,Monticello,https://www.cvs.com/store-locator/cvs-pharmacy-locations/Minnesota/Monticello
Minnesota,Moorhead,https://www.cvs.com/store-locator/cvs-pharmacy-locations/Minnesota/Moorhead
Minnesota,New-Hope,https://www.cvs.com/store-locator/cvs-pharmacy-locations/Minnesota/New-Hope
Minnesota,North-Saint-Paul,https://www.cvs.com/store-locator/cvs-pharmacy-locations/Minnesota/North-Saint-Paul
Minnesota,Northfield,https://www.cvs.com/store-locator/cvs-pharmacy-locations/Minnesota/Northfield
Minnesota,Oakdale,https://www.cvs.com/store-locator/cvs-pharmacy-locations/Minnesota/Oakdale
Minnesota,Otsego,https://www.cvs.com/store-locator/cvs-pharmacy-locations/Minnesota/Otsego
Minnesota,Owatonna,https://www.cvs.com/store-locator/cvs-pharmacy-locations/Minnesota/Owatonna
Minnesota,Plymouth,https://www.cvs.com/store-locator/cvs-pharmacy-locations/Minnesota/Plymouth
Minnesota,Red-Wing,https://www.cvs.com/store-locator/cvs-pharmacy-locations/Minnesota/Red-Wing
Minnesota,Richfield,https://www.cvs.com/store-locator/cvs-pharmacy-locations/Minnesota/Richfield
Minnesota,Robbinsdale,https://www.cvs.com/store-locator/cvs-pharmacy-locations/Minnesota/Robbinsdale
Minnesota,Rochester,https://www.cvs.com/store-locator/cvs-pharmacy-locations/Minnesota/Rochester
Minnesota,Rogers,https://www.cvs.com/store-locator/cvs-pharmacy-locations/Minnesota/Rogers
Minnesota,Roseville,https://www.cvs.com/store-locator/cvs-pharmacy-locations/Minnesota/Roseville
Minnesota,Saint-Cloud,https://www.cvs.com/store-locator/cvs-pharmacy-locations/Minnesota/Saint-Cloud
Minnesota,Saint-Louis-Park,https://www.cvs.com/store-locator/cvs-pharmacy-locations/Minnesota/Saint-Louis-Park
Minnesota,Saint-Michael,https://www.cvs.com/store-locator/cvs-pharmacy-locations/Minnesota/Saint-Michael
Minnesota,Saint-Paul,https://www.cvs.com/store-locator/cvs-pharmacy-locations/Minnesota/Saint-Paul
Minnesota,Savage,https://www.cvs.com/store-locator/cvs-pharmacy-locations/Minnesota/Savage
Minnesota,Shakopee,https://www.cvs.com/store-locator/cvs-pharmacy-locations/Minnesota/Shakopee
Minnesota,Shoreview,https://www.cvs.com/store-locator/cvs-pharmacy-locations/Minnesota/Shoreview
Minnesota,Stillwater,https://www.cvs.com/store-locator/cvs-pharmacy-locations/Minnesota/Stillwater
Minnesota,Vadnais-Heights,https://www.cvs.com/store-locator/cvs-pharmacy-locations/Minnesota/Vadnais-Heights
Minnesota,Virginia,https://www.cvs.com/store-locator/cvs-pharmacy-locations/Minnesota/Virginia
Minnesota,Waconia,https://www.cvs.com/store-locator/cvs-pharmacy-locations/Minnesota/Waconia
Minnesota,West-Saint-Paul,https://www.cvs.com/store-locator/cvs-pharmacy-locations/Minnesota/West-Saint-Paul
Minnesota,White-Bear-Lake,https://www.cvs.com/store-locator/cvs-pharmacy-locations/Minnesota/White-Bear-Lake
Minnesota,Willmar,https://www.cvs.com/store-locator/cvs-pharmacy-locations/Minnesota/Willmar
Minnesota,Winona,https://www.cvs.com/store-locator/cvs-pharmacy-locations/Minnesota/Winona
Minnesota,Woodbury,https://www.cvs.com/store-locator/cvs-pharmacy-locations/Minnesota/Woodbury
Mississippi,Booneville,https://www.cvs.com/store-locator/cvs-pharmacy-locations/Mississippi/Booneville
Mississippi,Brandon,https://www.cvs.com/store-locator/cvs-pharmacy-locations/Mississippi/Brandon
Mississippi,Carthage,https://www.cvs.com/store-locator/cvs-pharmacy-locations/Mississippi/Carthage
Mississippi,Clinton,https://www.cvs.com/store-locator/cvs-pharmacy-locations/Mississippi/Clinton
Mississippi,D'iberville,https://www.cvs.com/store-locator/cvs-pharmacy-locations/Mississippi/D'iberville
Mississippi,Diamondhead,https://www.cvs.com/store-locator/cvs-pharmacy-locations/Mississippi/Diamondhead
Mississippi,Flowood,https://www.cvs.com/store-locator/cvs-pharmacy-locations/Mississippi/Flowood
Mississippi,Greenville,https://www.cvs.com/store-locator/cvs-pharmacy-locations/Mississippi/Greenville
Mississippi,Greenwood,https://www.cvs.com/store-locator/cvs-pharmacy-locations/Mississippi/Greenwood
Mississippi,Grenada,https://www.cvs.com/store-locator/cvs-pharmacy-locations/Mississippi/Grenada
Mississippi,Gulfport,https://www.cvs.com/store-locator/cvs-pharmacy-locations/Mississippi/Gulfport
Mississippi,Hattiesburg,https://www.cvs.com/store-locator/cvs-pharmacy-locations/Mississippi/Hattiesburg
Mississippi,Holly-Springs,https://www.cvs.com/store-locator/cvs-pharmacy-locations/Mississippi/Holly-Springs
Mississippi,Hurley,https://www.cvs.com/store-locator/cvs-pharmacy-locations/Mississippi/Hurley
Mississippi,Jackson,https://www.cvs.com/store-locator/cvs-pharmacy-locations/Mississippi/Jackson
Mississippi,Kosciusko,https://www.cvs.com/store-locator/cvs-pharmacy-locations/Mississippi/Kosciusko
Mississippi,Laurel,https://www.cvs.com/store-locator/cvs-pharmacy-locations/Mississippi/Laurel
Mississippi,Madison,https://www.cvs.com/store-locator/cvs-pharmacy-locations/Mississippi/Madison
Mississippi,Meridian,https://www.cvs.com/store-locator/cvs-pharmacy-locations/Mississippi/Meridian
Mississippi,Natchez,https://www.cvs.com/store-locator/cvs-pharmacy-locations/Mississippi/Natchez
Mississippi,Ocean-Springs,https://www.cvs.com/store-locator/cvs-pharmacy-locations/Mississippi/Ocean-Springs
Mississippi,Olive-Branch,https://www.cvs.com/store-locator/cvs-pharmacy-locations/Mississippi/Olive-Branch
Mississippi,Oxford,https://www.cvs.com/store-locator/cvs-pharmacy-locations/Mississippi/Oxford
Mississippi,Pascagoula,https://www.cvs.com/store-locator/cvs-pharmacy-locations/Mississippi/Pascagoula
Mississippi,Picayune,https://www.cvs.com/store-locator/cvs-pharmacy-locations/Mississippi/Picayune
Mississippi,Pontotoc,https://www.cvs.com/store-locator/cvs-pharmacy-locations/Mississippi/Pontotoc
Mississippi,Richland,https://www.cvs.com/store-locator/cvs-pharmacy-locations/Mississippi/Richland
Mississippi,Ripley,https://www.cvs.com/store-locator/cvs-pharmacy-locations/Mississippi/Ripley
Mississippi,Southaven,https://www.cvs.com/store-locator/cvs-pharmacy-locations/Mississippi/Southaven
Mississippi,Starkville,https://www.cvs.com/store-locator/cvs-pharmacy-locations/Mississippi/Starkville
Mississippi,Tupelo,https://www.cvs.com/store-locator/cvs-pharmacy-locations/Mississippi/Tupelo
Mississippi,Vicksburg,https://www.cvs.com/store-locator/cvs-pharmacy-locations/Mississippi/Vicksburg
Mississippi,Walls,https://www.cvs.com/store-locator/cvs-pharmacy-locations/Mississippi/Walls
Mississippi,West-Point,https://www.cvs.com/store-locator/cvs-pharmacy-locations/Mississippi/West-Point
Mississippi,Yazoo-City,https://www.cvs.com/store-locator/cvs-pharmacy-locations/Mississippi/Yazoo-City
Missouri,Affton,https://www.cvs.com/store-locator/cvs-pharmacy-locations/Missouri/Affton
Missouri,Arnold,https://www.cvs.com/store-locator/cvs-pharmacy-locations/Missouri/Arnold
Missouri,Ballwin,https://www.cvs.com/store-locator/cvs-pharmacy-locations/Missouri/Ballwin
Missouri,Belton,https://www.cvs.com/store-locator/cvs-pharmacy-locations/Missouri/Belton
Missouri,Blue-Springs,https://www.cvs.com/store-locator/cvs-pharmacy-locations/Missouri/Blue-Springs
Missouri,Branson,https://www.cvs.com/store-locator/cvs-pharmacy-locations/Missouri/Branson
Missouri,Brentwood,https://www.cvs.com/store-locator/cvs-pharmacy-locations/Missouri/Brentwood
Missouri,Bridgeton,https://www.cvs.com/store-locator/cvs-pharmacy-locations/Missouri/Bridgeton
Missouri,Cape-Girardeau,https://www.cvs.com/store-locator/cvs-pharmacy-locations/Missouri/Cape-Girardeau
Missouri,Chesterfield,https://www.cvs.com/store-locator/cvs-pharmacy-locations/Missouri/Chesterfield
Missouri,Clayton,https://www.cvs.com/store-locator/cvs-pharmacy-locations/Missouri/Clayton
Missouri,Clinton,https://www.cvs.com/store-locator/cvs-pharmacy-locations/Missouri/Clinton
Missouri,Columbia,https://www.cvs.com/store-locator/cvs-pharmacy-locations/Missouri/Columbia
Missouri,Cottleville,https://www.cvs.com/store-locator/cvs-pharmacy-locations/Missouri/Cottleville
Missouri,Creve-Coeur,https://www.cvs.com/store-locator/cvs-pharmacy-locations/Missouri/Creve-Coeur
Missouri,Crystal-City,https://www.cvs.com/store-locator/cvs-pharmacy-locations/Missouri/Crystal-City
Missouri,Dardenne-Prairie,https://www.cvs.com/store-locator/cvs-pharmacy-locations/Missouri/Dardenne-Prairie
Missouri,Ellisville,https://www.cvs.com/store-locator/cvs-pharmacy-locations/Missouri/Ellisville
Missouri,Eureka,https://www.cvs.com/store-locator/cvs-pharmacy-locations/Missouri/Eureka
Missouri,Excelsior-Springs,https://www.cvs.com/store-locator/cvs-pharmacy-locations/Missouri/Excelsior-Springs
Missouri,Farmington,https://www.cvs.com/store-locator/cvs-pharmacy-locations/Missouri/Farmington
Missouri,Fenton,https://www.cvs.com/store-locator/cvs-pharmacy-locations/Missouri/Fenton
Missouri,Ferguson,https://www.cvs.com/store-locator/cvs-pharmacy-locations/Missouri/Ferguson
Missouri,Festus,https://www.cvs.com/store-locator/cvs-pharmacy-locations/Missouri/Festus
Missouri,Florissant,https://www.cvs.com/store-locator/cvs-pharmacy-locations/Missouri/Florissant
Missouri,Fulton,https://www.cvs.com/store-locator/cvs-pharmacy-locations/Missouri/Fulton
Missouri,Gladstone,https://www.cvs.com/store-locator/cvs-pharmacy-locations/Missouri/Gladstone
Missouri,Hannibal,https://www.cvs.com/store-locator/cvs-pharmacy-locations/Missouri/Hannibal
Missouri,Harrisonville,https://www.cvs.com/store-locator/cvs-pharmacy-locations/Missouri/Harrisonville
Missouri,High-Ridge,https://www.cvs.com/store-locator/cvs-pharmacy-locations/Missouri/High-Ridge
Missouri,Independence,https://www.cvs.com/store-locator/cvs-pharmacy-locations/Missouri/Independence
Missouri,Ironton,https://www.cvs.com/store-locator/cvs-pharmacy-locations/Missouri/Ironton
Missouri,Jefferson-City,https://www.cvs.com/store-locator/cvs-pharmacy-locations/Missouri/Jefferson-City
Missouri,Jennings,https://www.cvs.com/store-locator/cvs-pharmacy-locations/Missouri/Jennings
Missouri,Joplin,https://www.cvs.com/store-locator/cvs-pharmacy-locations/Missouri/Joplin
Missouri,Kansas-City,https://www.cvs.com/store-locator/cvs-pharmacy-locations/Missouri/Kansas-City
Missouri,Kearney,https://www.cvs.com/store-locator/cvs-pharmacy-locations/Missouri/Kearney
Missouri,Kirkwood,https://www.cvs.com/store-locator/cvs-pharmacy-locations/Missouri/Kirkwood
Missouri,Ladue,https://www.cvs.com/store-locator/cvs-pharmacy-locations/Missouri/Ladue
Missouri,Lake-Ozark,https://www.cvs.com/store-locator/cvs-pharmacy-locations/Missouri/Lake-Ozark
Missouri,Lake-Saint-Louis,https://www.cvs.com/store-locator/cvs-pharmacy-locations/Missouri/Lake-Saint-Louis
Missouri,Lees-Summit,https://www.cvs.com/store-locator/cvs-pharmacy-locations/Missouri/Lees-Summit
Missouri,Lexington,https://www.cvs.com/store-locator/cvs-pharmacy-locations/Missouri/Lexington
Missouri,Liberty,https://www.cvs.com/store-locator/cvs-pharmacy-locations/Missouri/Liberty
Missouri,Macon,https://www.cvs.com/store-locator/cvs-pharmacy-locations/Missouri/Macon
Missouri,Maplewood,https://www.cvs.com/store-locator/cvs-pharmacy-locations/Missouri/Maplewood
Missouri,Marshall,https://www.cvs.com/store-locator/cvs-pharmacy-locations/Missouri/Marshall
Missouri,Maryland-Heights,https://www.cvs.com/store-locator/cvs-pharmacy-locations/Missouri/Maryland-Heights
Missouri,Nixa,https://www.cvs.com/store-locator/cvs-pharmacy-locations/Missouri/Nixa
Missouri,North-Kansas-City,https://www.cvs.com/store-locator/cvs-pharmacy-locations/Missouri/North-Kansas-City
Missouri,O-Fallon,https://www.cvs.com/store-locator/cvs-pharmacy-locations/Missouri/O-Fallon
Missouri,Odessa,https://www.cvs.com/store-locator/cvs-pharmacy-locations/Missouri/Odessa
Missouri,Olivette,https://www.cvs.com/store-locator/cvs-pharmacy-locations/Missouri/Olivette
Missouri,Osage-Beach,https://www.cvs.com/store-locator/cvs-pharmacy-locations/Missouri/Osage-Beach
Missouri,Overland,https://www.cvs.com/store-locator/cvs-pharmacy-locations/Missouri/Overland
Missouri,Pacific,https://www.cvs.com/store-locator/cvs-pharmacy-locations/Missouri/Pacific
Missouri,Platte-City,https://www.cvs.com/store-locator/cvs-pharmacy-locations/Missouri/Platte-City
Missouri,Plattsburg,https://www.cvs.com/store-locator/cvs-pharmacy-locations/Missouri/Plattsburg
Missouri,Poplar-Bluff,https://www.cvs.com/store-locator/cvs-pharmacy-locations/Missouri/Poplar-Bluff
Missouri,Raymore,https://www.cvs.com/store-locator/cvs-pharmacy-locations/Missouri/Raymore
Missouri,Raytown,https://www.cvs.com/store-locator/cvs-pharmacy-locations/Missouri/Raytown
Missouri,Richmond,https://www.cvs.com/store-locator/cvs-pharmacy-locations/Missouri/Richmond
Missouri,Richmond-Heights,https://www.cvs.com/store-locator/cvs-pharmacy-locations/Missouri/Richmond-Heights
Missouri,Rolla,https://www.cvs.com/store-locator/cvs-pharmacy-locations/Missouri/Rolla
Missouri,Saint-Charles,https://www.cvs.com/store-locator/cvs-pharmacy-locations/Missouri/Saint-Charles
Missouri,Saint-Joseph,https://www.cvs.com/store-locator/cvs-pharmacy-locations/Missouri/Saint-Joseph
Missouri,Saint-Louis,https://www.cvs.com/store-locator/cvs-pharmacy-locations/Missouri/Saint-Louis
Missouri,Saint-Peters,https://www.cvs.com/store-locator/cvs-pharmacy-locations/Missouri/Saint-Peters
Missouri,Sainte-Genevieve,https://www.cvs.com/store-locator/cvs-pharmacy-locations/Missouri/Sainte-Genevieve
Missouri,Salisbury,https://www.cvs.com/store-locator/cvs-pharmacy-locations/Missouri/Salisbury
Missouri,Sedalia,https://www.cvs.com/store-locator/cvs-pharmacy-locations/Missouri/Sedalia
Missouri,Sikeston,https://www.cvs.com/store-locator/cvs-pharmacy-locations/Missouri/Sikeston
Missouri,Springfield,https://www.cvs.com/store-locator/cvs-pharmacy-locations/Missouri/Springfield
Missouri,St.-Louis,https://www.cvs.com/store-locator/cvs-pharmacy-locations/Missouri/St.-Louis
Missouri,Sullivan,https://www.cvs.com/store-locator/cvs-pharmacy-locations/Missouri/Sullivan
Missouri,University-City,https://www.cvs.com/store-locator/cvs-pharmacy-locations/Missouri/University-City
Missouri,Warrensburg,https://www.cvs.com/store-locator/cvs-pharmacy-locations/Missouri/Warrensburg
Missouri,Washington,https://www.cvs.com/store-locator/cvs-pharmacy-locations/Missouri/Washington
Missouri,Webster-Groves,https://www.cvs.com/store-locator/cvs-pharmacy-locations/Missouri/Webster-Groves
Missouri,Wentzville,https://www.cvs.com/store-locator/cvs-pharmacy-locations/Missouri/Wentzville
Missouri,West-Plains,https://www.cvs.com/store-locator/cvs-pharmacy-locations/Missouri/West-Plains
Missouri,Wildwood,https://www.cvs.com/store-locator/cvs-pharmacy-locations/Missouri/Wildwood
Montana,Anaconda,https://www.cvs.com/store-locator/cvs-pharmacy-locations/Montana/Anaconda
Montana,Billings,https://www.cvs.com/store-locator/cvs-pharmacy-locations/Montana/Billings
Montana,Bozeman,https://www.cvs.com/store-locator/cvs-pharmacy-locations/Montana/Bozeman
Montana,Butte,https://www.cvs.com/store-locator/cvs-pharmacy-locations/Montana/Butte
Montana,Great-Falls,https://www.cvs.com/store-locator/cvs-pharmacy-locations/Montana/Great-Falls
Montana,Helena,https://www.cvs.com/store-locator/cvs-pharmacy-locations/Montana/Helena
Montana,Laurel,https://www.cvs.com/store-locator/cvs-pharmacy-locations/Montana/Laurel
Montana,Missoula,https://www.cvs.com/store-locator/cvs-pharmacy-locations/Montana/Missoula
Nebraska,Bellevue,https://www.cvs.com/store-locator/cvs-pharmacy-locations/Nebraska/Bellevue
Nebraska,Columbus,https://www.cvs.com/store-locator/cvs-pharmacy-locations/Nebraska/Columbus
Nebraska,Grand-Island,https://www.cvs.com/store-locator/cvs-pharmacy-locations/Nebraska/Grand-Island
Nebraska,Kearney,https://www.cvs.com/store-locator/cvs-pharmacy-locations/Nebraska/Kearney
Nebraska,La-Vista,https://www.cvs.com/store-locator/cvs-pharmacy-locations/Nebraska/La-Vista
Nebraska,Lincoln,https://www.cvs.com/store-locator/cvs-pharmacy-locations/Nebraska/Lincoln
Nebraska,Norfolk,https://www.cvs.com/store-locator/cvs-pharmacy-locations/Nebraska/Norfolk
Nebraska,Omaha,https://www.cvs.com/store-locator/cvs-pharmacy-locations/Nebraska/Omaha
Nebraska,Papillion,https://www.cvs.com/store-locator/cvs-pharmacy-locations/Nebraska/Papillion
Nevada,Boulder-City,https://www.cvs.com/store-locator/cvs-pharmacy-locations/Nevada/Boulder-City
Nevada,Carson-City,https://www.cvs.com/store-locator/cvs-pharmacy-locations/Nevada/Carson-City
Nevada,Elko,https://www.cvs.com/store-locator/cvs-pharmacy-locations/Nevada/Elko
Nevada,Fallon,https://www.cvs.com/store-locator/cvs-pharmacy-locations/Nevada/Fallon
Nevada,Henderson,https://www.cvs.com/store-locator/cvs-pharmacy-locations/Nevada/Henderson
Nevada,Las-Vegas,https://www.cvs.com/store-locator/cvs-pharmacy-locations/Nevada/Las-Vegas
Nevada,North-Las-Vegas,https://www.cvs.com/store-locator/cvs-pharmacy-locations/Nevada/North-Las-Vegas
Nevada,Pahrump,https://www.cvs.com/store-locator/cvs-pharmacy-locations/Nevada/Pahrump
Nevada,Reno,https://www.cvs.com/store-locator/cvs-pharmacy-locations/Nevada/Reno
Nevada,Sparks,https://www.cvs.com/store-locator/cvs-pharmacy-locations/Nevada/Sparks
Nevada,Stateline,https://www.cvs.com/store-locator/cvs-pharmacy-locations/Nevada/Stateline
Nevada,Sun-Valley,https://www.cvs.com/store-locator/cvs-pharmacy-locations/Nevada/Sun-Valley
New-Hampshire,Bedford,https://www.cvs.com/store-locator/cvs-pharmacy-locations/New-Hampshire/Bedford
New-Hampshire,Claremont,https://www.cvs.com/store-locator/cvs-pharmacy-locations/New-Hampshire/Claremont
New-Hampshire,Concord,https://www.cvs.com/store-locator/cvs-pharmacy-locations/New-Hampshire/Concord
New-Hampshire,Derry,https://www.cvs.com/store-locator/cvs-pharmacy-locations/New-Hampshire/Derry
New-Hampshire,Dover,https://www.cvs.com/store-locator/cvs-pharmacy-locations/New-Hampshire/Dover
New-Hampshire,Epping,https://www.cvs.com/store-locator/cvs-pharmacy-locations/New-Hampshire/Epping
New-Hampshire,Franklin,https://www.cvs.com/store-locator/cvs-pharmacy-locations/New-Hampshire/Franklin
New-Hampshire,Gilford,https://www.cvs.com/store-locator/cvs-pharmacy-locations/New-Hampshire/Gilford
New-Hampshire,Greenland,https://www.cvs.com/store-locator/cvs-pharmacy-locations/New-Hampshire/Greenland
New-Hampshire,Hampton,https://www.cvs.com/store-locator/cvs-pharmacy-locations/New-Hampshire/Hampton
New-Hampshire,Hanover,https://www.cvs.com/store-locator/cvs-pharmacy-locations/New-Hampshire/Hanover
New-Hampshire,Hooksett,https://www.cvs.com/store-locator/cvs-pharmacy-locations/New-Hampshire/Hooksett
New-Hampshire,Hudson,https://www.cvs.com/store-locator/cvs-pharmacy-locations/New-Hampshire/Hudson
New-Hampshire,Keene,https://www.cvs.com/store-locator/cvs-pharmacy-locations/New-Hampshire/Keene
New-Hampshire,Laconia,https://www.cvs.com/store-locator/cvs-pharmacy-locations/New-Hampshire/Laconia
New-Hampshire,Londonderry,https://www.cvs.com/store-locator/cvs-pharmacy-locations/New-Hampshire/Londonderry
New-Hampshire,Manchester,https://www.cvs.com/store-locator/cvs-pharmacy-locations/New-Hampshire/Manchester
New-Hampshire,Merrimack,https://www.cvs.com/store-locator/cvs-pharmacy-locations/New-Hampshire/Merrimack
New-Hampshire,Milford,https://www.cvs.com/store-locator/cvs-pharmacy-locations/New-Hampshire/Milford
New-Hampshire,Nashua,https://www.cvs.com/store-locator/cvs-pharmacy-locations/New-Hampshire/Nashua
New-Hampshire,North-Conway,https://www.cvs.com/store-locator/cvs-pharmacy-locations/New-Hampshire/North-Conway
New-Hampshire,Peterborough,https://www.cvs.com/store-locator/cvs-pharmacy-locations/New-Hampshire/Peterborough
New-Hampshire,Plaistow,https://www.cvs.com/store-locator/cvs-pharmacy-locations/New-Hampshire/Plaistow
New-Hampshire,Plymouth,https://www.cvs.com/store-locator/cvs-pharmacy-locations/New-Hampshire/Plymouth
New-Hampshire,Portsmouth,https://www.cvs.com/store-locator/cvs-pharmacy-locations/New-Hampshire/Portsmouth
New-Hampshire,Rochester,https://www.cvs.com/store-locator/cvs-pharmacy-locations/New-Hampshire/Rochester
New-Hampshire,Salem,https://www.cvs.com/store-locator/cvs-pharmacy-locations/New-Hampshire/Salem
New-Hampshire,Seabrook,https://www.cvs.com/store-locator/cvs-pharmacy-locations/New-Hampshire/Seabrook
New-Hampshire,Somersworth,https://www.cvs.com/store-locator/cvs-pharmacy-locations/New-Hampshire/Somersworth
New-Hampshire,Stratham,https://www.cvs.com/store-locator/cvs-pharmacy-locations/New-Hampshire/Stratham
New-Hampshire,West-Lebanon,https://www.cvs.com/store-locator/cvs-pharmacy-locations/New-Hampshire/West-Lebanon
New-Hampshire,Windham,https://www.cvs.com/store-locator/cvs-pharmacy-locations/New-Hampshire/Windham
New-Jersey,Aberdeen,https://www.cvs.com/store-locator/cvs-pharmacy-locations/New-Jersey/Aberdeen
New-Jersey,Barnegat,https://www.cvs.com/store-locator/cvs-pharmacy-locations/New-Jersey/Barnegat
New-Jersey,Bayonne,https://www.cvs.com/store-locator/cvs-pharmacy-locations/New-Jersey/Bayonne
New-Jersey,Beachwood,https://www.cvs.com/store-locator/cvs-pharmacy-locations/New-Jersey/Beachwood
New-Jersey,Bedminster,https://www.cvs.com/store-locator/cvs-pharmacy-locations/New-Jersey/Bedminster
New-Jersey,Belle-Mead,https://www.cvs.com/store-locator/cvs-pharmacy-locations/New-Jersey/Belle-Mead
New-Jersey,Berkeley-Heights,https://www.cvs.com/store-locator/cvs-pharmacy-locations/New-Jersey/Berkeley-Heights
New-Jersey,Berlin,https://www.cvs.com/store-locator/cvs-pharmacy-locations/New-Jersey/Berlin
New-Jersey,Bernardsville,https://www.cvs.com/store-locator/cvs-pharmacy-locations/New-Jersey/Bernardsville
New-Jersey,Blackwood,https://www.cvs.com/store-locator/cvs-pharmacy-locations/New-Jersey/Blackwood
New-Jersey,Bloomfield,https://www.cvs.com/store-locator/cvs-pharmacy-locations/New-Jersey/Bloomfield
New-Jersey,Bordentown,https://www.cvs.com/store-locator/cvs-pharmacy-locations/New-Jersey/Bordentown
New-Jersey,Brick,https://www.cvs.com/store-locator/cvs-pharmacy-locations/New-Jersey/Brick
New-Jersey,Bridgewater,https://www.cvs.com/store-locator/cvs-pharmacy-locations/New-Jersey/Bridgewater
New-Jersey,Brigantine,https://www.cvs.com/store-locator/cvs-pharmacy-locations/New-Jersey/Brigantine
New-Jersey,Browns-Mills,https://www.cvs.com/store-locator/cvs-pharmacy-locations/New-Jersey/Browns-Mills
New-Jersey,Budd-Lake,https://www.cvs.com/store-locator/cvs-pharmacy-locations/New-Jersey/Budd-Lake
New-Jersey,Burlington,https://www.cvs.com/store-locator/cvs-pharmacy-locations/New-Jersey/Burlington
New-Jersey,Burlington-Township,https://www.cvs.com/store-locator/cvs-pharmacy-locations/New-Jersey/Burlington-Township
New-Jersey,Butler,https://www.cvs.com/store-locator/cvs-pharmacy-locations/New-Jersey/Butler
New-Jersey,Camden,https://www.cvs.com/store-locator/cvs-pharmacy-locations/New-Jersey/Camden
New-Jersey,Cape-May-Court-House,https://www.cvs.com/store-locator/cvs-pharmacy-locations/New-Jersey/Cape-May-Court-House
New-Jersey,Carteret,https://www.cvs.com/store-locator/cvs-pharmacy-locations/New-Jersey/Carteret
New-Jersey,Cedar-Grove,https://www.cvs.com/store-locator/cvs-pharmacy-locations/New-Jersey/Cedar-Grove
New-Jersey,Chatham,https://www.cvs.com/store-locator/cvs-pharmacy-locations/New-Jersey/Chatham
New-Jersey,Cherry-Hill,https://www.cvs.com/store-locator/cvs-pharmacy-locations/New-Jersey/Cherry-Hill
New-Jersey,Chester,https://www.cvs.com/store-locator/cvs-pharmacy-locations/New-Jersey/Chester
New-Jersey,Clark,https://www.cvs.com/store-locator/cvs-pharmacy-locations/New-Jersey/Clark
New-Jersey,Clifton,https://www.cvs.com/store-locator/cvs-pharmacy-locations/New-Jersey/Clifton
New-Jersey,Closter,https://www.cvs.com/store-locator/cvs-pharmacy-locations/New-Jersey/Closter
New-Jersey,Cresskill,https://www.cvs.com/store-locator/cvs-pharmacy-locations/New-Jersey/Cresskill
New-Jersey,Delran,https://www.cvs.com/store-locator/cvs-pharmacy-locations/New-Jersey/Delran
New-Jersey,Denville,https://www.cvs.com/store-locator/cvs-pharmacy-locations/New-Jersey/Denville
New-Jersey,Deptford,https://www.cvs.com/store-locator/cvs-pharmacy-locations/New-Jersey/Deptford
New-Jersey,Dumont,https://www.cvs.com/store-locator/cvs-pharmacy-locations/New-Jersey/Dumont
New-Jersey,East-Brunswick,https://www.cvs.com/store-locator/cvs-pharmacy-locations/New-Jersey/East-Brunswick
New-Jersey,East-Hanover,https://www.cvs.com/store-locator/cvs-pharmacy-locations/New-Jersey/East-Hanover
New-Jersey,East-Orange,https://www.cvs.com/store-locator/cvs-pharmacy-locations/New-Jersey/East-Orange
New-Jersey,East-Rutherford,https://www.cvs.com/store-locator/cvs-pharmacy-locations/New-Jersey/East-Rutherford
New-Jersey,East-Windsor,https://www.cvs.com/store-locator/cvs-pharmacy-locations/New-Jersey/East-Windsor
New-Jersey,Eastampton,https://www.cvs.com/store-locator/cvs-pharmacy-locations/New-Jersey/Eastampton
New-Jersey,Eatontown,https://www.cvs.com/store-locator/cvs-pharmacy-locations/New-Jersey/Eatontown
New-Jersey,Edgewater,https://www.cvs.com/store-locator/cvs-pharmacy-locations/New-Jersey/Edgewater
New-Jersey,Edison,https://www.cvs.com/store-locator/cvs-pharmacy-locations/New-Jersey/Edison
New-Jersey,Egg-Harbor-Township,https://www.cvs.com/store-locator/cvs-pharmacy-locations/New-Jersey/Egg-Harbor-Township
New-Jersey,Elizabeth,https://www.cvs.com/store-locator/cvs-pharmacy-locations/New-Jersey/Elizabeth
New-Jersey,Elmwood-Park,https://www.cvs.com/store-locator/cvs-pharmacy-locations/New-Jersey/Elmwood-Park
New-Jersey,Englewood,https://www.cvs.com/store-locator/cvs-pharmacy-locations/New-Jersey/Englewood
New-Jersey,Ewing,https://www.cvs.com/store-locator/cvs-pharmacy-locations/New-Jersey/Ewing
New-Jersey,Fair-Lawn,https://www.cvs.com/store-locator/cvs-pharmacy-locations/New-Jersey/Fair-Lawn
New-Jersey,Fairfield,https://www.cvs.com/store-locator/cvs-pharmacy-locations/New-Jersey/Fairfield
New-Jersey,Fairlawn,https://www.cvs.com/store-locator/cvs-pharmacy-locations/New-Jersey/Fairlawn
New-Jersey,Fairview,https://www.cvs.com/store-locator/cvs-pharmacy-locations/New-Jersey/Fairview
New-Jersey,Flemington,https://www.cvs.com/store-locator/cvs-pharmacy-locations/New-Jersey/Flemington
New-Jersey,Florham-Park,https://www.cvs.com/store-locator/cvs-pharmacy-locations/New-Jersey/Florham-Park
New-Jersey,Fort-Lee,https://www.cvs.com/store-locator/cvs-pharmacy-locations/New-Jersey/Fort-Lee
New-Jersey,Franklin-Park,https://www.cvs.com/store-locator/cvs-pharmacy-locations/New-Jersey/Franklin-Park
New-Jersey,Freehold,https://www.cvs.com/store-locator/cvs-pharmacy-locations/New-Jersey/Freehold
New-Jersey,Galloway,https://www.cvs.com/store-locator/cvs-pharmacy-locations/New-Jersey/Galloway
New-Jersey,Garfield,https://www.cvs.com/store-locator/cvs-pharmacy-locations/New-Jersey/Garfield
New-Jersey,Garwood,https://www.cvs.com/store-locator/cvs-pharmacy-locations/New-Jersey/Garwood
New-Jersey,Gibbsboro,https://www.cvs.com/store-locator/cvs-pharmacy-locations/New-Jersey/Gibbsboro
New-Jersey,Glassboro,https://www.cvs.com/store-locator/cvs-pharmacy-locations/New-Jersey/Glassboro
New-Jersey,Glen-Rock,https://www.cvs.com/store-locator/cvs-pharmacy-locations/New-Jersey/Glen-Rock
New-Jersey,Gloucester-City,https://www.cvs.com/store-locator/cvs-pharmacy-locations/New-Jersey/Gloucester-City
New-Jersey,Green-Brook,https://www.cvs.com/store-locator/cvs-pharmacy-locations/New-Jersey/Green-Brook
New-Jersey,Hackensack,https://www.cvs.com/store-locator/cvs-pharmacy-locations/New-Jersey/Hackensack
New-Jersey,Hackettstown,https://www.cvs.com/store-locator/cvs-pharmacy-locations/New-Jersey/Hackettstown
New-Jersey,Haddon-Heights,https://www.cvs.com/store-locator/cvs-pharmacy-locations/New-Jersey/Haddon-Heights
New-Jersey,Haddon-Township,https://www.cvs.com/store-locator/cvs-pharmacy-locations/New-Jersey/Haddon-Township
New-Jersey,Haddonfield,https://www.cvs.com/store-locator/cvs-pharmacy-locations/New-Jersey/Haddonfield
New-Jersey,Hamilton,https://www.cvs.com/store-locator/cvs-pharmacy-locations/New-Jersey/Hamilton
New-Jersey,Haskell,https://www.cvs.com/store-locator/cvs-pharmacy-locations/New-Jersey/Haskell
New-Jersey,Hazlet,https://www.cvs.com/store-locator/cvs-pharmacy-locations/New-Jersey/Hazlet
New-Jersey,Hazlet-Township,https://www.cvs.com/store-locator/cvs-pharmacy-locations/New-Jersey/Hazlet-Township
New-Jersey,Highlands,https://www.cvs.com/store-locator/cvs-pharmacy-locations/New-Jersey/Highlands
New-Jersey,Hillsborough,https://www.cvs.com/store-locator/cvs-pharmacy-locations/New-Jersey/Hillsborough
New-Jersey,Hillside,https://www.cvs.com/store-locator/cvs-pharmacy-locations/New-Jersey/Hillside
New-Jersey,Hoboken,https://www.cvs.com/store-locator/cvs-pharmacy-locations/New-Jersey/Hoboken
New-Jersey,Howell,https://www.cvs.com/store-locator/cvs-pharmacy-locations/New-Jersey/Howell
New-Jersey,Jackson,https://www.cvs.com/store-locator/cvs-pharmacy-locations/New-Jersey/Jackson
New-Jersey,Jamesburg,https://www.cvs.com/store-locator/cvs-pharmacy-locations/New-Jersey/Jamesburg
New-Jersey,Jersey-City,https://www.cvs.com/store-locator/cvs-pharmacy-locations/New-Jersey/Jersey-City
New-Jersey,Kearny,https://www.cvs.com/store-locator/cvs-pharmacy-locations/New-Jersey/Kearny
New-Jersey,Kendall-Park,https://www.cvs.com/store-locator/cvs-pharmacy-locations/New-Jersey/Kendall-Park
New-Jersey,Lakewood,https://www.cvs.com/store-locator/cvs-pharmacy-locations/New-Jersey/Lakewood
New-Jersey,Lambertville,https://www.cvs.com/store-locator/cvs-pharmacy-locations/New-Jersey/Lambertville
New-Jersey,Lanoka-Harbor,https://www.cvs.com/store-locator/cvs-pharmacy-locations/New-Jersey/Lanoka-Harbor
New-Jersey,Lawrenceville,https://www.cvs.com/store-locator/cvs-pharmacy-locations/New-Jersey/Lawrenceville
New-Jersey,Ledgewood,https://www.cvs.com/store-locator/cvs-pharmacy-locations/New-Jersey/Ledgewood
New-Jersey,Leonia,https://www.cvs.com/store-locator/cvs-pharmacy-locations/New-Jersey/Leonia
New-Jersey,Lincoln-Park,https://www.cvs.com/store-locator/cvs-pharmacy-locations/New-Jersey/Lincoln-Park
New-Jersey,Linden,https://www.cvs.com/store-locator/cvs-pharmacy-locations/New-Jersey/Linden
New-Jersey,Little-Ferry,https://www.cvs.com/store-locator/cvs-pharmacy-locations/New-Jersey/Little-Ferry
New-Jersey,Little-Silver,https://www.cvs.com/store-locator/cvs-pharmacy-locations/New-Jersey/Little-Silver
New-Jersey,Livingston,https://www.cvs.com/store-locator/cvs-pharmacy-locations/New-Jersey/Livingston
New-Jersey,Lodi,https://www.cvs.com/store-locator/cvs-pharmacy-locations/New-Jersey/Lodi
New-Jersey,Long-Branch,https://www.cvs.com/store-locator/cvs-pharmacy-locations/New-Jersey/Long-Branch
New-Jersey,Lumberton,https://www.cvs.com/store-locator/cvs-pharmacy-locations/New-Jersey/Lumberton
New-Jersey,Mahwah,https://www.cvs.com/store-locator/cvs-pharmacy-locations/New-Jersey/Mahwah
New-Jersey,Malaga,https://www.cvs.com/store-locator/cvs-pharmacy-locations/New-Jersey/Malaga
New-Jersey,Manahawkin,https://www.cvs.com/store-locator/cvs-pharmacy-locations/New-Jersey/Manahawkin
New-Jersey,Manalapan,https://www.cvs.com/store-locator/cvs-pharmacy-locations/New-Jersey/Manalapan
New-Jersey,Manasquan,https://www.cvs.com/store-locator/cvs-pharmacy-locations/New-Jersey/Manasquan
New-Jersey,Maple-Shade,https://www.cvs.com/store-locator/cvs-pharmacy-locations/New-Jersey/Maple-Shade
New-Jersey,Maplewood,https://www.cvs.com/store-locator/cvs-pharmacy-locations/New-Jersey/Maplewood
New-Jersey,Margate-City,https://www.cvs.com/store-locator/cvs-pharmacy-locations/New-Jersey/Margate-City
New-Jersey,Marlboro,https://www.cvs.com/store-locator/cvs-pharmacy-locations/New-Jersey/Marlboro
New-Jersey,Marlton,https://www.cvs.com/store-locator/cvs-pharmacy-locations/New-Jersey/Marlton
New-Jersey,Marmora,https://www.cvs.com/store-locator/cvs-pharmacy-locations/New-Jersey/Marmora
New-Jersey,Matawan,https://www.cvs.com/store-locator/cvs-pharmacy-locations/New-Jersey/Matawan
New-Jersey,Mays-Landing,https://www.cvs.com/store-locator/cvs-pharmacy-locations/New-Jersey/Mays-Landing
New-Jersey,Medford,https://www.cvs.com/store-locator/cvs-pharmacy-locations/New-Jersey/Medford
New-Jersey,Mendham,https://www.cvs.com/store-locator/cvs-pharmacy-locations/New-Jersey/Mendham
New-Jersey,Middlesex,https://www.cvs.com/store-locator/cvs-pharmacy-locations/New-Jersey/Middlesex
New-Jersey,Middletown,https://www.cvs.com/store-locator/cvs-pharmacy-locations/New-Jersey/Middletown
New-Jersey,Midland-Park,https://www.cvs.com/store-locator/cvs-pharmacy-locations/New-Jersey/Midland-Park
New-Jersey,Millburn,https://www.cvs.com/store-locator/cvs-pharmacy-locations/New-Jersey/Millburn
New-Jersey,Milltown,https://www.cvs.com/store-locator/cvs-pharmacy-locations/New-Jersey/Milltown
New-Jersey,Millville,https://www.cvs.com/store-locator/cvs-pharmacy-locations/New-Jersey/Millville
New-Jersey,Monmouth-Junction,https://www.cvs.com/store-locator/cvs-pharmacy-locations/New-Jersey/Monmouth-Junction
New-Jersey,Monroe-Township,https://www.cvs.com/store-locator/cvs-pharmacy-locations/New-Jersey/Monroe-Township
New-Jersey,Montclair,https://www.cvs.com/store-locator/cvs-pharmacy-locations/New-Jersey/Montclair
New-Jersey,Montvale,https://www.cvs.com/store-locator/cvs-pharmacy-locations/New-Jersey/Montvale
New-Jersey,Moorestown,https://www.cvs.com/store-locator/cvs-pharmacy-locations/New-Jersey/Moorestown
New-Jersey,Morganville,https://www.cvs.com/store-locator/cvs-pharmacy-locations/New-Jersey/Morganville
New-Jersey,Morristown,https://www.cvs.com/store-locator/cvs-pharmacy-locations/New-Jersey/Morristown
New-Jersey,Mount-Ephraim,https://www.cvs.com/store-locator/cvs-pharmacy-locations/New-Jersey/Mount-Ephraim
New-Jersey,Mount-Holly,https://www.cvs.com/store-locator/cvs-pharmacy-locations/New-Jersey/Mount-Holly
New-Jersey,Mount-Laurel,https://www.cvs.com/store-locator/cvs-pharmacy-locations/New-Jersey/Mount-Laurel
New-Jersey,Mullica-Hill,https://www.cvs.com/store-locator/cvs-pharmacy-locations/New-Jersey/Mullica-Hill
New-Jersey,Neptune,https://www.cvs.com/store-locator/cvs-pharmacy-locations/New-Jersey/Neptune
New-Jersey,New-Egypt,https://www.cvs.com/store-locator/cvs-pharmacy-locations/New-Jersey/New-Egypt
New-Jersey,New-Milford,https://www.cvs.com/store-locator/cvs-pharmacy-locations/New-Jersey/New-Milford
New-Jersey,New-Providence,https://www.cvs.com/store-locator/cvs-pharmacy-locations/New-Jersey/New-Providence
New-Jersey,Newark,https://www.cvs.com/store-locator/cvs-pharmacy-locations/New-Jersey/Newark
New-Jersey,North-Arlington,https://www.cvs.com/store-locator/cvs-pharmacy-locations/New-Jersey/North-Arlington
New-Jersey,North-Bergen,https://www.cvs.com/store-locator/cvs-pharmacy-locations/New-Jersey/North-Bergen
New-Jersey,North-Brunswick,https://www.cvs.com/store-locator/cvs-pharmacy-locations/New-Jersey/North-Brunswick
New-Jersey,North-Plainfield,https://www.cvs.com/store-locator/cvs-pharmacy-locations/New-Jersey/North-Plainfield
New-Jersey,North-Wildwood,https://www.cvs.com/store-locator/cvs-pharmacy-locations/New-Jersey/North-Wildwood
New-Jersey,Northvale,https://www.cvs.com/store-locator/cvs-pharmacy-locations/New-Jersey/Northvale
New-Jersey,Nutley,https://www.cvs.com/store-locator/cvs-pharmacy-locations/New-Jersey/Nutley
New-Jersey,Oak-Ridge,https://www.cvs.com/store-locator/cvs-pharmacy-locations/New-Jersey/Oak-Ridge
New-Jersey,Oakhurst,https://www.cvs.com/store-locator/cvs-pharmacy-locations/New-Jersey/Oakhurst
New-Jersey,Oaklyn,https://www.cvs.com/store-locator/cvs-pharmacy-locations/New-Jersey/Oaklyn
New-Jersey,Ocean,https://www.cvs.com/store-locator/cvs-pharmacy-locations/New-Jersey/Ocean
New-Jersey,Ocean-City,https://www.cvs.com/store-locator/cvs-pharmacy-locations/New-Jersey/Ocean-City
New-Jersey,Ocean-View,https://www.cvs.com/store-locator/cvs-pharmacy-locations/New-Jersey/Ocean-View
New-Jersey,Old-Bridge,https://www.cvs.com/store-locator/cvs-pharmacy-locations/New-Jersey/Old-Bridge
New-Jersey,Old-Tappan,https://www.cvs.com/store-locator/cvs-pharmacy-locations/New-Jersey/Old-Tappan
New-Jersey,Paramus,https://www.cvs.com/store-locator/cvs-pharmacy-locations/New-Jersey/Paramus
New-Jersey,Parsippany,https://www.cvs.com/store-locator/cvs-pharmacy-locations/New-Jersey/Parsippany
New-Jersey,Passaic,https://www.cvs.com/store-locator/cvs-pharmacy-locations/New-Jersey/Passaic
New-Jersey,Pennsauken,https://www.cvs.com/store-locator/cvs-pharmacy-locations/New-Jersey/Pennsauken
New-Jersey,Pequannock,https://www.cvs.com/store-locator/cvs-pharmacy-locations/New-Jersey/Pequannock
New-Jersey,Phillipsburg,https://www.cvs.com/store-locator/cvs-pharmacy-locations/New-Jersey/Phillipsburg
New-Jersey,Piscataway,https://www.cvs.com/store-locator/cvs-pharmacy-locations/New-Jersey/Piscataway
New-Jersey,Plainsboro,https://www.cvs.com/store-locator/cvs-pharmacy-locations/New-Jersey/Plainsboro
New-Jersey,Pleasantville,https://www.cvs.com/store-locator/cvs-pharmacy-locations/New-Jersey/Pleasantville
New-Jersey,Point-Pleasant-Beach,https://www.cvs.com/store-locator/cvs-pharmacy-locations/New-Jersey/Point-Pleasant-Beach
New-Jersey,Pomona,https://www.cvs.com/store-locator/cvs-pharmacy-locations/New-Jersey/Pomona
New-Jersey,Pompton-Plains,https://www.cvs.com/store-locator/cvs-pharmacy-locations/New-Jersey/Pompton-Plains
New-Jersey,Princeton,https://www.cvs.com/store-locator/cvs-pharmacy-locations/New-Jersey/Princeton
New-Jersey,Rahway,https://www.cvs.com/store-locator/cvs-pharmacy-locations/New-Jersey/Rahway
New-Jersey,Ramsey,https://www.cvs.com/store-locator/cvs-pharmacy-locations/New-Jersey/Ramsey
New-Jersey,Randolph,https://www.cvs.com/store-locator/cvs-pharmacy-locations/New-Jersey/Randolph
New-Jersey,Ridgefield-Park,https://www.cvs.com/store-locator/cvs-pharmacy-locations/New-Jersey/Ridgefield-Park
New-Jersey,Ringwood,https://www.cvs.com/store-locator/cvs-pharmacy-locations/New-Jersey/Ringwood
New-Jersey,River-Edge,https://www.cvs.com/store-locator/cvs-pharmacy-locations/New-Jersey/River-Edge
New-Jersey,Riverdale,https://www.cvs.com/store-locator/cvs-pharmacy-locations/New-Jersey/Riverdale
New-Jersey,Riverton,https://www.cvs.com/store-locator/cvs-pharmacy-locations/New-Jersey/Riverton
New-Jersey,Robbinsville,https://www.cvs.com/store-locator/cvs-pharmacy-locations/New-Jersey/Robbinsville
New-Jersey,Rochelle-Park,https://www.cvs.com/store-locator/cvs-pharmacy-locations/New-Jersey/Rochelle-Park
New-Jersey,Rockaway,https://www.cvs.com/store-locator/cvs-pharmacy-locations/New-Jersey/Rockaway
New-Jersey,Roselle,https://www.cvs.com/store-locator/cvs-pharmacy-locations/New-Jersey/Roselle
New-Jersey,Runnemede,https://www.cvs.com/store-locator/cvs-pharmacy-locations/New-Jersey/Runnemede
New-Jersey,Scotch-Plains,https://www.cvs.com/store-locator/cvs-pharmacy-locations/New-Jersey/Scotch-Plains
New-Jersey,Sea-Isle-City,https://www.cvs.com/store-locator/cvs-pharmacy-locations/New-Jersey/Sea-Isle-City
New-Jersey,Seaside-Heights,https://www.cvs.com/store-locator/cvs-pharmacy-locations/New-Jersey/Seaside-Heights
New-Jersey,Secaucus,https://www.cvs.com/store-locator/cvs-pharmacy-locations/New-Jersey/Secaucus
New-Jersey,Sewell,https://www.cvs.com/store-locator/cvs-pharmacy-locations/New-Jersey/Sewell
New-Jersey,Ship-Bottom,https://www.cvs.com/store-locator/cvs-pharmacy-locations/New-Jersey/Ship-Bottom
New-Jersey,Sicklerville,https://www.cvs.com/store-locator/cvs-pharmacy-locations/New-Jersey/Sicklerville
New-Jersey,Somers-Point,https://www.cvs.com/store-locator/cvs-pharmacy-locations/New-Jersey/Somers-Point
New-Jersey,Somerset,https://www.cvs.com/store-locator/cvs-pharmacy-locations/New-Jersey/Somerset
New-Jersey,South-Plainfield,https://www.cvs.com/store-locator/cvs-pharmacy-locations/New-Jersey/South-Plainfield
New-Jersey,Sparta,https://www.cvs.com/store-locator/cvs-pharmacy-locations/New-Jersey/Sparta
New-Jersey,Springfield,https://www.cvs.com/store-locator/cvs-pharmacy-locations/New-Jersey/Springfield
New-Jersey,Stanhope,https://www.cvs.com/store-locator/cvs-pharmacy-locations/New-Jersey/Stanhope
New-Jersey,Stratford,https://www.cvs.com/store-locator/cvs-pharmacy-locations/New-Jersey/Stratford
New-Jersey,Summit,https://www.cvs.com/store-locator/cvs-pharmacy-locations/New-Jersey/Summit
New-Jersey,Swedesboro,https://www.cvs.com/store-locator/cvs-pharmacy-locations/New-Jersey/Swedesboro
New-Jersey,Tabernacle,https://www.cvs.com/store-locator/cvs-pharmacy-locations/New-Jersey/Tabernacle
New-Jersey,Teaneck,https://www.cvs.com/store-locator/cvs-pharmacy-locations/New-Jersey/Teaneck
New-Jersey,Tenafly,https://www.cvs.com/store-locator/cvs-pharmacy-locations/New-Jersey/Tenafly
New-Jersey,Tinton-Falls,https://www.cvs.com/store-locator/cvs-pharmacy-locations/New-Jersey/Tinton-Falls
New-Jersey,Toms-River,https://www.cvs.com/store-locator/cvs-pharmacy-locations/New-Jersey/Toms-River
New-Jersey,Totowa,https://www.cvs.com/store-locator/cvs-pharmacy-locations/New-Jersey/Totowa
New-Jersey,Trenton,https://www.cvs.com/store-locator/cvs-pharmacy-locations/New-Jersey/Trenton
New-Jersey,Turnersville,https://www.cvs.com/store-locator/cvs-pharmacy-locations/New-Jersey/Turnersville
New-Jersey,Union,https://www.cvs.com/store-locator/cvs-pharmacy-locations/New-Jersey/Union
New-Jersey,Union-City,https://www.cvs.com/store-locator/cvs-pharmacy-locations/New-Jersey/Union-City
New-Jersey,Upper-Montclair,https://www.cvs.com/store-locator/cvs-pharmacy-locations/New-Jersey/Upper-Montclair
New-Jersey,Vauxhall,https://www.cvs.com/store-locator/cvs-pharmacy-locations/New-Jersey/Vauxhall
New-Jersey,Ventnor-City,https://www.cvs.com/store-locator/cvs-pharmacy-locations/New-Jersey/Ventnor-City
New-Jersey,Vernon,https://www.cvs.com/store-locator/cvs-pharmacy-locations/New-Jersey/Vernon
New-Jersey,Villas,https://www.cvs.com/store-locator/cvs-pharmacy-locations/New-Jersey/Villas
New-Jersey,Vineland,https://www.cvs.com/store-locator/cvs-pharmacy-locations/New-Jersey/Vineland
New-Jersey,Voorhees,https://www.cvs.com/store-locator/cvs-pharmacy-locations/New-Jersey/Voorhees
New-Jersey,Wall,https://www.cvs.com/store-locator/cvs-pharmacy-locations/New-Jersey/Wall
New-Jersey,Waretown,https://www.cvs.com/store-locator/cvs-pharmacy-locations/New-Jersey/Waretown
New-Jersey,Washington,https://www.cvs.com/store-locator/cvs-pharmacy-locations/New-Jersey/Washington
New-Jersey,Watchung,https://www.cvs.com/store-locator/cvs-pharmacy-locations/New-Jersey/Watchung
New-Jersey,Wayne,https://www.cvs.com/store-locator/cvs-pharmacy-locations/New-Jersey/Wayne
New-Jersey,Wenonah,https://www.cvs.com/store-locator/cvs-pharmacy-locations/New-Jersey/Wenonah
New-Jersey,West-Caldwell,https://www.cvs.com/store-locator/cvs-pharmacy-locations/New-Jersey/West-Caldwell
New-Jersey,West-Cape-May,https://www.cvs.com/store-locator/cvs-pharmacy-locations/New-Jersey/West-Cape-May
New-Jersey,West-New-York,https://www.cvs.com/store-locator/cvs-pharmacy-locations/New-Jersey/West-New-York
New-Jersey,West-Orange,https://www.cvs.com/store-locator/cvs-pharmacy-locations/New-Jersey/West-Orange
New-Jersey,West-Windsor,https://www.cvs.com/store-locator/cvs-pharmacy-locations/New-Jersey/West-Windsor
New-Jersey,Westampton,https://www.cvs.com/store-locator/cvs-pharmacy-locations/New-Jersey/Westampton
New-Jersey,Westfield,https://www.cvs.com/store-locator/cvs-pharmacy-locations/New-Jersey/Westfield
New-Jersey,Westwood,https://www.cvs.com/store-locator/cvs-pharmacy-locations/New-Jersey/Westwood
New-Jersey,Whippany,https://www.cvs.com/store-locator/cvs-pharmacy-locations/New-Jersey/Whippany
New-Jersey,Whiting,https://www.cvs.com/store-locator/cvs-pharmacy-locations/New-Jersey/Whiting
New-Jersey,Wildwood,https://www.cvs.com/store-locator/cvs-pharmacy-locations/New-Jersey/Wildwood
New-Jersey,Williamstown,https://www.cvs.com/store-locator/cvs-pharmacy-locations/New-Jersey/Williamstown
New-Jersey,Willingboro,https://www.cvs.com/store-locator/cvs-pharmacy-locations/New-Jersey/Willingboro
New-Jersey,Wood-Ridge,https://www.cvs.com/store-locator/cvs-pharmacy-locations/New-Jersey/Wood-Ridge
New-Jersey,Woodbridge,https://www.cvs.com/store-locator/cvs-pharmacy-locations/New-Jersey/Woodbridge
New-Jersey,Woodbury,https://www.cvs.com/store-locator/cvs-pharmacy-locations/New-Jersey/Woodbury
New-Jersey,Wyckoff,https://www.cvs.com/store-locator/cvs-pharmacy-locations/New-Jersey/Wyckoff
New-Mexico,Albuquerque,https://www.cvs.com/store-locator/cvs-pharmacy-locations/New-Mexico/Albuquerque
New-Mexico,Carlsbad,https://www.cvs.com/store-locator/cvs-pharmacy-locations/New-Mexico/Carlsbad
New-Mexico,Espanola,https://www.cvs.com/store-locator/cvs-pharmacy-locations/New-Mexico/Espanola
New-Mexico,Farmington,https://www.cvs.com/store-locator/cvs-pharmacy-locations/New-Mexico/Farmington
New-Mexico,Hobbs,https://www.cvs.com/store-locator/cvs-pharmacy-locations/New-Mexico/Hobbs
New-Mexico,Las-Cruces,https://www.cvs.com/store-locator/cvs-pharmacy-locations/New-Mexico/Las-Cruces
New-Mexico,Rio-Rancho,https://www.cvs.com/store-locator/cvs-pharmacy-locations/New-Mexico/Rio-Rancho
New-Mexico,Roswell,https://www.cvs.com/store-locator/cvs-pharmacy-locations/New-Mexico/Roswell
New-Mexico,Santa-Fe,https://www.cvs.com/store-locator/cvs-pharmacy-locations/New-Mexico/Santa-Fe
New-Mexico,Silver-City,https://www.cvs.com/store-locator/cvs-pharmacy-locations/New-Mexico/Silver-City
New-York,Albany,https://www.cvs.com/store-locator/cvs-pharmacy-locations/New-York/Albany
New-York,Amherst,https://www.cvs.com/store-locator/cvs-pharmacy-locations/New-York/Amherst
New-York,Amityville,https://www.cvs.com/store-locator/cvs-pharmacy-locations/New-York/Amityville
New-York,Amsterdam,https://www.cvs.com/store-locator/cvs-pharmacy-locations/New-York/Amsterdam
New-York,Ardsley,https://www.cvs.com/store-locator/cvs-pharmacy-locations/New-York/Ardsley
New-York,Armonk,https://www.cvs.com/store-locator/cvs-pharmacy-locations/New-York/Armonk
New-York,Astoria,https://www.cvs.com/store-locator/cvs-pharmacy-locations/New-York/Astoria
New-York,Avon,https://www.cvs.com/store-locator/cvs-pharmacy-locations/New-York/Avon
New-York,Baldwin,https://www.cvs.com/store-locator/cvs-pharmacy-locations/New-York/Baldwin
New-York,Ballston-Spa,https://www.cvs.com/store-locator/cvs-pharmacy-locations/New-York/Ballston-Spa
New-York,Bardonia,https://www.cvs.com/store-locator/cvs-pharmacy-locations/New-York/Bardonia
New-York,Batavia,https://www.cvs.com/store-locator/cvs-pharmacy-locations/New-York/Batavia
New-York,Bay-Shore,https://www.cvs.com/store-locator/cvs-pharmacy-locations/New-York/Bay-Shore
New-York,Bayport,https://www.cvs.com/store-locator/cvs-pharmacy-locations/New-York/Bayport
New-York,Bayside,https://www.cvs.com/store-locator/cvs-pharmacy-locations/New-York/Bayside
New-York,Bedford-Hills,https://www.cvs.com/store-locator/cvs-pharmacy-locations/New-York/Bedford-Hills
New-York,Bellerose,https://www.cvs.com/store-locator/cvs-pharmacy-locations/New-York/Bellerose
New-York,Bellmore,https://www.cvs.com/store-locator/cvs-pharmacy-locations/New-York/Bellmore
New-York,Bellport,https://www.cvs.com/store-locator/cvs-pharmacy-locations/New-York/Bellport
New-York,Bethpage,https://www.cvs.com/store-locator/cvs-pharmacy-locations/New-York/Bethpage
New-York,Binghamton,https://www.cvs.com/store-locator/cvs-pharmacy-locations/New-York/Binghamton
New-York,Blasdell,https://www.cvs.com/store-locator/cvs-pharmacy-locations/New-York/Blasdell
New-York,Bohemia,https://www.cvs.com/store-locator/cvs-pharmacy-locations/New-York/Bohemia
New-York,Briarcliff-Manor,https://www.cvs.com/store-locator/cvs-pharmacy-locations/New-York/Briarcliff-Manor
New-York,Brockport,https://www.cvs.com/store-locator/cvs-pharmacy-locations/New-York/Brockport
New-York,Bronx,https://www.cvs.com/store-locator/cvs-pharmacy-locations/New-York/Bronx
New-York,Bronxville,https://www.cvs.com/store-locator/cvs-pharmacy-locations/New-York/Bronxville
New-York,Brooklyn,https://www.cvs.com/store-locator/cvs-pharmacy-locations/New-York/Brooklyn
New-York,Buffalo,https://www.cvs.com/store-locator/cvs-pharmacy-locations/New-York/Buffalo
New-York,Burnt-Hills,https://www.cvs.com/store-locator/cvs-pharmacy-locations/New-York/Burnt-Hills
New-York,Cairo,https://www.cvs.com/store-locator/cvs-pharmacy-locations/New-York/Cairo
New-York,Cambria-Heights,https://www.cvs.com/store-locator/cvs-pharmacy-locations/New-York/Cambria-Heights
New-York,Carmel,https://www.cvs.com/store-locator/cvs-pharmacy-locations/New-York/Carmel
New-York,Cedarhurst,https://www.cvs.com/store-locator/cvs-pharmacy-locations/New-York/Cedarhurst
New-York,Center-Moriches,https://www.cvs.com/store-locator/cvs-pharmacy-locations/New-York/Center-Moriches
New-York,Centereach,https://www.cvs.com/store-locator/cvs-pharmacy-locations/New-York/Centereach
New-York,Central-Islip,https://www.cvs.com/store-locator/cvs-pharmacy-locations/New-York/Central-Islip
New-York,Cheektowaga,https://www.cvs.com/store-locator/cvs-pharmacy-locations/New-York/Cheektowaga
New-York,Chester,https://www.cvs.com/store-locator/cvs-pharmacy-locations/New-York/Chester
New-York,Cicero,https://www.cvs.com/store-locator/cvs-pharmacy-locations/New-York/Cicero
New-York,Clifton-Park,https://www.cvs.com/store-locator/cvs-pharmacy-locations/New-York/Clifton-Park
New-York,Clinton,https://www.cvs.com/store-locator/cvs-pharmacy-locations/New-York/Clinton
New-York,Cobleskill,https://www.cvs.com/store-locator/cvs-pharmacy-locations/New-York/Cobleskill
New-York,Cohoes,https://www.cvs.com/store-locator/cvs-pharmacy-locations/New-York/Cohoes
New-York,College-Point,https://www.cvs.com/store-locator/cvs-pharmacy-locations/New-York/College-Point
New-York,Colonie,https://www.cvs.com/store-locator/cvs-pharmacy-locations/New-York/Colonie
New-York,Commack,https://www.cvs.com/store-locator/cvs-pharmacy-locations/New-York/Commack
New-York,Cooperstown,https://www.cvs.com/store-locator/cvs-pharmacy-locations/New-York/Cooperstown
New-York,Copiague,https://www.cvs.com/store-locator/cvs-pharmacy-locations/New-York/Copiague
New-York,Coram,https://www.cvs.com/store-locator/cvs-pharmacy-locations/New-York/Coram
New-York,Cornwall,https://www.cvs.com/store-locator/cvs-pharmacy-locations/New-York/Cornwall
New-York,Cortland,https://www.cvs.com/store-locator/cvs-pharmacy-locations/New-York/Cortland
New-York,Croton-On-Hudson,https://www.cvs.com/store-locator/cvs-pharmacy-locations/New-York/Croton-On-Hudson
New-York,Dansville,https://www.cvs.com/store-locator/cvs-pharmacy-locations/New-York/Dansville
New-York,Deer-Park,https://www.cvs.com/store-locator/cvs-pharmacy-locations/New-York/Deer-Park
New-York,Delmar,https://www.cvs.com/store-locator/cvs-pharmacy-locations/New-York/Delmar
New-York,Depew,https://www.cvs.com/store-locator/cvs-pharmacy-locations/New-York/Depew
New-York,Douglaston,https://www.cvs.com/store-locator/cvs-pharmacy-locations/New-York/Douglaston
New-York,Dover-Plains,https://www.cvs.com/store-locator/cvs-pharmacy-locations/New-York/Dover-Plains
New-York,Dunkirk,https://www.cvs.com/store-locator/cvs-pharmacy-locations/New-York/Dunkirk
New-York,East-Amherst,https://www.cvs.com/store-locator/cvs-pharmacy-locations/New-York/East-Amherst
New-York,East-Aurora,https://www.cvs.com/store-locator/cvs-pharmacy-locations/New-York/East-Aurora
New-York,East-Greenbush,https://www.cvs.com/store-locator/cvs-pharmacy-locations/New-York/East-Greenbush
New-York,East-Hampton,https://www.cvs.com/store-locator/cvs-pharmacy-locations/New-York/East-Hampton
New-York,East-Hills,https://www.cvs.com/store-locator/cvs-pharmacy-locations/New-York/East-Hills
New-York,East-Islip,https://www.cvs.com/store-locator/cvs-pharmacy-locations/New-York/East-Islip
New-York,East-Meadow,https://www.cvs.com/store-locator/cvs-pharmacy-locations/New-York/East-Meadow
New-York,East-Northport,https://www.cvs.com/store-locator/cvs-pharmacy-locations/New-York/East-Northport
New-York,East-Rockaway,https://www.cvs.com/store-locator/cvs-pharmacy-locations/New-York/East-Rockaway
New-York,Eastchester,https://www.cvs.com/store-locator/cvs-pharmacy-locations/New-York/Eastchester
New-York,Elmhurst,https://www.cvs.com/store-locator/cvs-pharmacy-locations/New-York/Elmhurst
New-York,Elmira,https://www.cvs.com/store-locator/cvs-pharmacy-locations/New-York/Elmira
New-York,Elmont,https://www.cvs.com/store-locator/cvs-pharmacy-locations/New-York/Elmont
New-York,Elmsford,https://www.cvs.com/store-locator/cvs-pharmacy-locations/New-York/Elmsford
New-York,Endicott,https://www.cvs.com/store-locator/cvs-pharmacy-locations/New-York/Endicott
New-York,Endwell,https://www.cvs.com/store-locator/cvs-pharmacy-locations/New-York/Endwell
New-York,Fairport,https://www.cvs.com/store-locator/cvs-pharmacy-locations/New-York/Fairport
New-York,Falconer,https://www.cvs.com/store-locator/cvs-pharmacy-locations/New-York/Falconer
New-York,Far-Rockaway,https://www.cvs.com/store-locator/cvs-pharmacy-locations/New-York/Far-Rockaway
New-York,Farmingdale,https://www.cvs.com/store-locator/cvs-pharmacy-locations/New-York/Farmingdale
New-York,Farmington,https://www.cvs.com/store-locator/cvs-pharmacy-locations/New-York/Farmington
New-York,Farmingville,https://www.cvs.com/store-locator/cvs-pharmacy-locations/New-York/Farmingville
New-York,Fayetteville,https://www.cvs.com/store-locator/cvs-pharmacy-locations/New-York/Fayetteville
New-York,Fishkill,https://www.cvs.com/store-locator/cvs-pharmacy-locations/New-York/Fishkill
New-York,Floral-Park,https://www.cvs.com/store-locator/cvs-pharmacy-locations/New-York/Floral-Park
New-York,Flushing,https://www.cvs.com/store-locator/cvs-pharmacy-locations/New-York/Flushing
New-York,Forest-Hills,https://www.cvs.com/store-locator/cvs-pharmacy-locations/New-York/Forest-Hills
New-York,Franklin-Square,https://www.cvs.com/store-locator/cvs-pharmacy-locations/New-York/Franklin-Square
New-York,Freeport,https://www.cvs.com/store-locator/cvs-pharmacy-locations/New-York/Freeport
New-York,Fresh-Meadows,https://www.cvs.com/store-locator/cvs-pharmacy-locations/New-York/Fresh-Meadows
New-York,Garden-City,https://www.cvs.com/store-locator/cvs-pharmacy-locations/New-York/Garden-City
New-York,Garnerville,https://www.cvs.com/store-locator/cvs-pharmacy-locations/New-York/Garnerville
New-York,Glen-Cove,https://www.cvs.com/store-locator/cvs-pharmacy-locations/New-York/Glen-Cove
New-York,Glen-Head,https://www.cvs.com/store-locator/cvs-pharmacy-locations/New-York/Glen-Head
New-York,Glendale,https://www.cvs.com/store-locator/cvs-pharmacy-locations/New-York/Glendale
New-York,Glenmont,https://www.cvs.com/store-locator/cvs-pharmacy-locations/New-York/Glenmont
New-York,Glenville,https://www.cvs.com/store-locator/cvs-pharmacy-locations/New-York/Glenville
New-York,Gloversville,https://www.cvs.com/store-locator/cvs-pharmacy-locations/New-York/Gloversville
New-York,Goshen,https://www.cvs.com/store-locator/cvs-pharmacy-locations/New-York/Goshen
New-York,Great-Neck,https://www.cvs.com/store-locator/cvs-pharmacy-locations/New-York/Great-Neck
New-York,Greenlawn,https://www.cvs.com/store-locator/cvs-pharmacy-locations/New-York/Greenlawn
New-York,Greenwich,https://www.cvs.com/store-locator/cvs-pharmacy-locations/New-York/Greenwich
New-York,Greenwood-Lake,https://www.cvs.com/store-locator/cvs-pharmacy-locations/New-York/Greenwood-Lake
New-York,Hamburg,https://www.cvs.com/store-locator/cvs-pharmacy-locations/New-York/Hamburg
New-York,Harrison,https://www.cvs.com/store-locator/cvs-pharmacy-locations/New-York/Harrison
New-York,Hartsdale,https://www.cvs.com/store-locator/cvs-pharmacy-locations/New-York/Hartsdale
New-York,Hempstead,https://www.cvs.com/store-locator/cvs-pharmacy-locations/New-York/Hempstead
New-York,Hewlett,https://www.cvs.com/store-locator/cvs-pharmacy-locations/New-York/Hewlett
New-York,Hicksville,https://www.cvs.com/store-locator/cvs-pharmacy-locations/New-York/Hicksville
New-York,Hilton,https://www.cvs.com/store-locator/cvs-pharmacy-locations/New-York/Hilton
New-York,Holbrook,https://www.cvs.com/store-locator/cvs-pharmacy-locations/New-York/Holbrook
New-York,Honeoye,https://www.cvs.com/store-locator/cvs-pharmacy-locations/New-York/Honeoye
New-York,Hopewell-Junction,https://www.cvs.com/store-locator/cvs-pharmacy-locations/New-York/Hopewell-Junction
New-York,Howard-Beach,https://www.cvs.com/store-locator/cvs-pharmacy-locations/New-York/Howard-Beach
New-York,Hudson,https://www.cvs.com/store-locator/cvs-pharmacy-locations/New-York/Hudson
New-York,Hudson-Falls,https://www.cvs.com/store-locator/cvs-pharmacy-locations/New-York/Hudson-Falls
New-York,Huntington,https://www.cvs.com/store-locator/cvs-pharmacy-locations/New-York/Huntington
New-York,Huntington-Station,https://www.cvs.com/store-locator/cvs-pharmacy-locations/New-York/Huntington-Station
New-York,Hyde-Park,https://www.cvs.com/store-locator/cvs-pharmacy-locations/New-York/Hyde-Park
New-York,Inwood,https://www.cvs.com/store-locator/cvs-pharmacy-locations/New-York/Inwood
New-York,Islip-Terrace,https://www.cvs.com/store-locator/cvs-pharmacy-locations/New-York/Islip-Terrace
New-York,Ithaca,https://www.cvs.com/store-locator/cvs-pharmacy-locations/New-York/Ithaca
New-York,Jackson-Heights,https://www.cvs.com/store-locator/cvs-pharmacy-locations/New-York/Jackson-Heights
New-York,Jamaica,https://www.cvs.com/store-locator/cvs-pharmacy-locations/New-York/Jamaica
New-York,Jamestown,https://www.cvs.com/store-locator/cvs-pharmacy-locations/New-York/Jamestown
New-York,Jericho,https://www.cvs.com/store-locator/cvs-pharmacy-locations/New-York/Jericho
New-York,Johnson-City,https://www.cvs.com/store-locator/cvs-pharmacy-locations/New-York/Johnson-City
New-York,Kew-Gardens,https://www.cvs.com/store-locator/cvs-pharmacy-locations/New-York/Kew-Gardens
New-York,Kings-Park,https://www.cvs.com/store-locator/cvs-pharmacy-locations/New-York/Kings-Park
New-York,Kingston,https://www.cvs.com/store-locator/cvs-pharmacy-locations/New-York/Kingston
New-York,Larchmont,https://www.cvs.com/store-locator/cvs-pharmacy-locations/New-York/Larchmont
New-York,Latham,https://www.cvs.com/store-locator/cvs-pharmacy-locations/New-York/Latham
New-York,Lawrence,https://www.cvs.com/store-locator/cvs-pharmacy-locations/New-York/Lawrence
New-York,Levittown,https://www.cvs.com/store-locator/cvs-pharmacy-locations/New-York/Levittown
New-York,Lewiston,https://www.cvs.com/store-locator/cvs-pharmacy-locations/New-York/Lewiston
New-York,Lindenhurst,https://www.cvs.com/store-locator/cvs-pharmacy-locations/New-York/Lindenhurst
New-York,Liverpool,https://www.cvs.com/store-locator/cvs-pharmacy-locations/New-York/Liverpool
New-York,Long-Beach,https://www.cvs.com/store-locator/cvs-pharmacy-locations/New-York/Long-Beach
New-York,Long-Island-City,https://www.cvs.com/store-locator/cvs-pharmacy-locations/New-York/Long-Island-City
New-York,Lynbrook,https://www.cvs.com/store-locator/cvs-pharmacy-locations/New-York/Lynbrook
New-York,Macedon,https://www.cvs.com/store-locator/cvs-pharmacy-locations/New-York/Macedon
New-York,Mahopac,https://www.cvs.com/store-locator/cvs-pharmacy-locations/New-York/Mahopac
New-York,Malta,https://www.cvs.com/store-locator/cvs-pharmacy-locations/New-York/Malta
New-York,Mamaroneck,https://www.cvs.com/store-locator/cvs-pharmacy-locations/New-York/Mamaroneck
New-York,Manlius,https://www.cvs.com/store-locator/cvs-pharmacy-locations/New-York/Manlius
New-York,Manorville,https://www.cvs.com/store-locator/cvs-pharmacy-locations/New-York/Manorville
New-York,Margaretville,https://www.cvs.com/store-locator/cvs-pharmacy-locations/New-York/Margaretville
New-York,Marlboro,https://www.cvs.com/store-locator/cvs-pharmacy-locations/New-York/Marlboro
New-York,Maspeth,https://www.cvs.com/store-locator/cvs-pharmacy-locations/New-York/Maspeth
New-York,Massapequa,https://www.cvs.com/store-locator/cvs-pharmacy-locations/New-York/Massapequa
New-York,Mattituck,https://www.cvs.com/store-locator/cvs-pharmacy-locations/New-York/Mattituck
New-York,Mechanicville,https://www.cvs.com/store-locator/cvs-pharmacy-locations/New-York/Mechanicville
New-York,Medford,https://www.cvs.com/store-locator/cvs-pharmacy-locations/New-York/Medford
New-York,Merrick,https://www.cvs.com/store-locator/cvs-pharmacy-locations/New-York/Merrick
New-York,Middle-Village,https://www.cvs.com/store-locator/cvs-pharmacy-locations/New-York/Middle-Village
New-York,Middletown,https://www.cvs.com/store-locator/cvs-pharmacy-locations/New-York/Middletown
New-York,Miller-Place,https://www.cvs.com/store-locator/cvs-pharmacy-locations/New-York/Miller-Place
New-York,Millerton,https://www.cvs.com/store-locator/cvs-pharmacy-locations/New-York/Millerton
New-York,Mineola,https://www.cvs.com/store-locator/cvs-pharmacy-locations/New-York/Mineola
New-York,Mohegan-Lake,https://www.cvs.com/store-locator/cvs-pharmacy-locations/New-York/Mohegan-Lake
New-York,Monroe,https://www.cvs.com/store-locator/cvs-pharmacy-locations/New-York/Monroe
New-York,Monsey,https://www.cvs.com/store-locator/cvs-pharmacy-locations/New-York/Monsey
New-York,Mount-Kisco,https://www.cvs.com/store-locator/cvs-pharmacy-locations/New-York/Mount-Kisco
New-York,Mount-Vernon,https://www.cvs.com/store-locator/cvs-pharmacy-locations/New-York/Mount-Vernon
New-York,Nesconset,https://www.cvs.com/store-locator/cvs-pharmacy-locations/New-York/Nesconset
New-York,New-City,https://www.cvs.com/store-locator/cvs-pharmacy-locations/New-York/New-City
New-York,New-Hartford,https://www.cvs.com/store-locator/cvs-pharmacy-locations/New-York/New-Hartford
New-York,New-Hyde-Park,https://www.cvs.com/store-locator/cvs-pharmacy-locations/New-York/New-Hyde-Park
New-York,New-Rochelle,https://www.cvs.com/store-locator/cvs-pharmacy-locations/New-York/New-Rochelle
New-York,New-York,https://www.cvs.com/store-locator/cvs-pharmacy-locations/New-York/New-York
New-York,Newburgh,https://www.cvs.com/store-locator/cvs-pharmacy-locations/New-York/Newburgh
New-York,Niagara-Falls,https://www.cvs.com/store-locator/cvs-pharmacy-locations/New-York/Niagara-Falls
New-York,Niskayuna,https://www.cvs.com/store-locator/cvs-pharmacy-locations/New-York/Niskayuna
New-York,North-Babylon,https://www.cvs.com/store-locator/cvs-pharmacy-locations/New-York/North-Babylon
New-York,North-Baldwin,https://www.cvs.com/store-locator/cvs-pharmacy-locations/New-York/North-Baldwin
New-York,North-Bay-Shore,https://www.cvs.com/store-locator/cvs-pharmacy-locations/New-York/North-Bay-Shore
New-York,North-Bellmore,https://www.cvs.com/store-locator/cvs-pharmacy-locations/New-York/North-Bellmore
New-York,Northport,https://www.cvs.com/store-locator/cvs-pharmacy-locations/New-York/Northport
New-York,Oceanside,https://www.cvs.com/store-locator/cvs-pharmacy-locations/New-York/Oceanside
New-York,Olean,https://www.cvs.com/store-locator/cvs-pharmacy-locations/New-York/Olean
New-York,Orangeburg,https://www.cvs.com/store-locator/cvs-pharmacy-locations/New-York/Orangeburg
New-York,Orchard-Park,https://www.cvs.com/store-locator/cvs-pharmacy-locations/New-York/Orchard-Park
New-York,Ossining,https://www.cvs.com/store-locator/cvs-pharmacy-locations/New-York/Ossining
New-York,Owego,https://www.cvs.com/store-locator/cvs-pharmacy-locations/New-York/Owego
New-York,Oyster-Bay,https://www.cvs.com/store-locator/cvs-pharmacy-locations/New-York/Oyster-Bay
New-York,Ozone-Park,https://www.cvs.com/store-locator/cvs-pharmacy-locations/New-York/Ozone-Park
New-York,Patchogue,https://www.cvs.com/store-locator/cvs-pharmacy-locations/New-York/Patchogue
New-York,Pawling,https://www.cvs.com/store-locator/cvs-pharmacy-locations/New-York/Pawling
New-York,Pearl-River,https://www.cvs.com/store-locator/cvs-pharmacy-locations/New-York/Pearl-River
New-York,Peekskill,https://www.cvs.com/store-locator/cvs-pharmacy-locations/New-York/Peekskill
New-York,Pelham-Manor,https://www.cvs.com/store-locator/cvs-pharmacy-locations/New-York/Pelham-Manor
New-York,Penn-Yan,https://www.cvs.com/store-locator/cvs-pharmacy-locations/New-York/Penn-Yan
New-York,Plainview,https://www.cvs.com/store-locator/cvs-pharmacy-locations/New-York/Plainview
New-York,Plattsburgh,https://www.cvs.com/store-locator/cvs-pharmacy-locations/New-York/Plattsburgh
New-York,Pleasant-Valley,https://www.cvs.com/store-locator/cvs-pharmacy-locations/New-York/Pleasant-Valley
New-York,Port-Chester,https://www.cvs.com/store-locator/cvs-pharmacy-locations/New-York/Port-Chester
New-York,Port-Jefferson,https://www.cvs.com/store-locator/cvs-pharmacy-locations/New-York/Port-Jefferson
New-York,Port-Jefferson-Station,https://www.cvs.com/store-locator/cvs-pharmacy-locations/New-York/Port-Jefferson-Station
New-York,Poughkeepsie,https://www.cvs.com/store-locator/cvs-pharmacy-locations/New-York/Poughkeepsie
New-York,Queens-Village,https://www.cvs.com/store-locator/cvs-pharmacy-locations/New-York/Queens-Village
New-York,Queensbury,https://www.cvs.com/store-locator/cvs-pharmacy-locations/New-York/Queensbury
New-York,Ravena,https://www.cvs.com/store-locator/cvs-pharmacy-locations/New-York/Ravena
New-York,Red-Hook,https://www.cvs.com/store-locator/cvs-pharmacy-locations/New-York/Red-Hook
New-York,Rensselaer,https://www.cvs.com/store-locator/cvs-pharmacy-locations/New-York/Rensselaer
New-York,Rhinebeck,https://www.cvs.com/store-locator/cvs-pharmacy-locations/New-York/Rhinebeck
New-York,Ridgewood,https://www.cvs.com/store-locator/cvs-pharmacy-locations/New-York/Ridgewood
New-York,Riverhead,https://www.cvs.com/store-locator/cvs-pharmacy-locations/New-York/Riverhead
New-York,Rochester,https://www.cvs.com/store-locator/cvs-pharmacy-locations/New-York/Rochester
New-York,Rockaway-Beach,https://www.cvs.com/store-locator/cvs-pharmacy-locations/New-York/Rockaway-Beach
New-York,Rockville-Centre,https://www.cvs.com/store-locator/cvs-pharmacy-locations/New-York/Rockville-Centre
New-York,Rocky-Point,https://www.cvs.com/store-locator/cvs-pharmacy-locations/New-York/Rocky-Point
New-York,Ronkonkoma,https://www.cvs.com/store-locator/cvs-pharmacy-locations/New-York/Ronkonkoma
New-York,Roslyn-Heights,https://www.cvs.com/store-locator/cvs-pharmacy-locations/New-York/Roslyn-Heights
New-York,Rotterdam,https://www.cvs.com/store-locator/cvs-pharmacy-locations/New-York/Rotterdam
New-York,Rye,https://www.cvs.com/store-locator/cvs-pharmacy-locations/New-York/Rye
New-York,Rye-Brook,https://www.cvs.com/store-locator/cvs-pharmacy-locations/New-York/Rye-Brook
New-York,Sanborn,https://www.cvs.com/store-locator/cvs-pharmacy-locations/New-York/Sanborn
New-York,Saratoga-Springs,https://www.cvs.com/store-locator/cvs-pharmacy-locations/New-York/Saratoga-Springs
New-York,Saugerties,https://www.cvs.com/store-locator/cvs-pharmacy-locations/New-York/Saugerties
New-York,Sayville,https://www.cvs.com/store-locator/cvs-pharmacy-locations/New-York/Sayville
New-York,Scarsdale,https://www.cvs.com/store-locator/cvs-pharmacy-locations/New-York/Scarsdale
New-York,Schenectady,https://www.cvs.com/store-locator/cvs-pharmacy-locations/New-York/Schenectady
New-York,Scotia,https://www.cvs.com/store-locator/cvs-pharmacy-locations/New-York/Scotia
New-York,Seaford,https://www.cvs.com/store-locator/cvs-pharmacy-locations/New-York/Seaford
New-York,Selden,https://www.cvs.com/store-locator/cvs-pharmacy-locations/New-York/Selden
New-York,Setauket,https://www.cvs.com/store-locator/cvs-pharmacy-locations/New-York/Setauket
New-York,Shirley,https://www.cvs.com/store-locator/cvs-pharmacy-locations/New-York/Shirley
New-York,Skaneateles,https://www.cvs.com/store-locator/cvs-pharmacy-locations/New-York/Skaneateles
New-York,Smithtown,https://www.cvs.com/store-locator/cvs-pharmacy-locations/New-York/Smithtown
New-York,Sodus,https://www.cvs.com/store-locator/cvs-pharmacy-locations/New-York/Sodus
New-York,Somers,https://www.cvs.com/store-locator/cvs-pharmacy-locations/New-York/Somers
New-York,South-Setauket,https://www.cvs.com/store-locator/cvs-pharmacy-locations/New-York/South-Setauket
New-York,Southampton,https://www.cvs.com/store-locator/cvs-pharmacy-locations/New-York/Southampton
New-York,Spring-Valley,https://www.cvs.com/store-locator/cvs-pharmacy-locations/New-York/Spring-Valley
New-York,Staten-Island,https://www.cvs.com/store-locator/cvs-pharmacy-locations/New-York/Staten-Island
New-York,Stony-Point,https://www.cvs.com/store-locator/cvs-pharmacy-locations/New-York/Stony-Point
New-York,Suffern,https://www.cvs.com/store-locator/cvs-pharmacy-locations/New-York/Suffern
New-York,Sunnyside,https://www.cvs.com/store-locator/cvs-pharmacy-locations/New-York/Sunnyside
New-York,Syosset,https://www.cvs.com/store-locator/cvs-pharmacy-locations/New-York/Syosset
New-York,Syracuse,https://www.cvs.com/store-locator/cvs-pharmacy-locations/New-York/Syracuse
New-York,Tarrytown,https://www.cvs.com/store-locator/cvs-pharmacy-locations/New-York/Tarrytown
New-York,Thornwood,https://www.cvs.com/store-locator/cvs-pharmacy-locations/New-York/Thornwood
New-York,Tonawanda,https://www.cvs.com/store-locator/cvs-pharmacy-locations/New-York/Tonawanda
New-York,Troy,https://www.cvs.com/store-locator/cvs-pharmacy-locations/New-York/Troy
New-York,Valatie,https://www.cvs.com/store-locator/cvs-pharmacy-locations/New-York/Valatie
New-York,Valley-Cottage,https://www.cvs.com/store-locator/cvs-pharmacy-locations/New-York/Valley-Cottage
New-York,Valley-Stream,https://www.cvs.com/store-locator/cvs-pharmacy-locations/New-York/Valley-Stream
New-York,Vestal,https://www.cvs.com/store-locator/cvs-pharmacy-locations/New-York/Vestal
New-York,Victor,https://www.cvs.com/store-locator/cvs-pharmacy-locations/New-York/Victor
New-York,Wading-River,https://www.cvs.com/store-locator/cvs-pharmacy-locations/New-York/Wading-River
New-York,Walton,https://www.cvs.com/store-locator/cvs-pharmacy-locations/New-York/Walton
New-York,Wantagh,https://www.cvs.com/store-locator/cvs-pharmacy-locations/New-York/Wantagh
New-York,Warwick,https://www.cvs.com/store-locator/cvs-pharmacy-locations/New-York/Warwick
New-York,Washingtonville,https://www.cvs.com/store-locator/cvs-pharmacy-locations/New-York/Washingtonville
New-York,Watertown,https://www.cvs.com/store-locator/cvs-pharmacy-locations/New-York/Watertown
New-York,Waterville,https://www.cvs.com/store-locator/cvs-pharmacy-locations/New-York/Waterville
New-York,Watkins-Glen,https://www.cvs.com/store-locator/cvs-pharmacy-locations/New-York/Watkins-Glen
New-York,Wayland,https://www.cvs.com/store-locator/cvs-pharmacy-locations/New-York/Wayland
New-York,Webster,https://www.cvs.com/store-locator/cvs-pharmacy-locations/New-York/Webster
New-York,West-Babylon,https://www.cvs.com/store-locator/cvs-pharmacy-locations/New-York/West-Babylon
New-York,West-Hempstead,https://www.cvs.com/store-locator/cvs-pharmacy-locations/New-York/West-Hempstead
New-York,West-Islip,https://www.cvs.com/store-locator/cvs-pharmacy-locations/New-York/West-Islip
New-York,West-Nyack,https://www.cvs.com/store-locator/cvs-pharmacy-locations/New-York/West-Nyack
New-York,West-Sayville,https://www.cvs.com/store-locator/cvs-pharmacy-locations/New-York/West-Sayville
New-York,West-Seneca,https://www.cvs.com/store-locator/cvs-pharmacy-locations/New-York/West-Seneca
New-York,Westbury,https://www.cvs.com/store-locator/cvs-pharmacy-locations/New-York/Westbury
New-York,Westfield,https://www.cvs.com/store-locator/cvs-pharmacy-locations/New-York/Westfield
New-York,Westhampton-Beach,https://www.cvs.com/store-locator/cvs-pharmacy-locations/New-York/Westhampton-Beach
New-York,White-Plains,https://www.cvs.com/store-locator/cvs-pharmacy-locations/New-York/White-Plains
New-York,Whitehall,https://www.cvs.com/store-locator/cvs-pharmacy-locations/New-York/Whitehall
New-York,Whitestone,https://www.cvs.com/store-locator/cvs-pharmacy-locations/New-York/Whitestone
New-York,Williamsville,https://www.cvs.com/store-locator/cvs-pharmacy-locations/New-York/Williamsville
New-York,Williston-Park,https://www.cvs.com/store-locator/cvs-pharmacy-locations/New-York/Williston-Park
New-York,Wilton,https://www.cvs.com/store-locator/cvs-pharmacy-locations/New-York/Wilton
New-York,Woodmere,https://www.cvs.com/store-locator/cvs-pharmacy-locations/New-York/Woodmere
New-York,Woodstock,https://www.cvs.com/store-locator/cvs-pharmacy-locations/New-York/Woodstock
New-York,Wynantskill,https://www.cvs.com/store-locator/cvs-pharmacy-locations/New-York/Wynantskill
New-York,Yonkers,https://www.cvs.com/store-locator/cvs-pharmacy-locations/New-York/Yonkers
New-York,Yorktown-Heights,https://www.cvs.com/store-locator/cvs-pharmacy-locations/New-York/Yorktown-Heights
North-Carolina,Aberdeen,https://www.cvs.com/store-locator/cvs-pharmacy-locations/North-Carolina/Aberdeen
North-Carolina,Advance,https://www.cvs.com/store-locator/cvs-pharmacy-locations/North-Carolina/Advance
North-Carolina,Albemarle,https://www.cvs.com/store-locator/cvs-pharmacy-locations/North-Carolina/Albemarle
North-Carolina,Apex,https://www.cvs.com/store-locator/cvs-pharmacy-locations/North-Carolina/Apex
North-Carolina,Archdale,https://www.cvs.com/store-locator/cvs-pharmacy-locations/North-Carolina/Archdale
North-Carolina,Arden,https://www.cvs.com/store-locator/cvs-pharmacy-locations/North-Carolina/Arden
North-Carolina,Asheboro,https://www.cvs.com/store-locator/cvs-pharmacy-locations/North-Carolina/Asheboro
North-Carolina,Asheville,https://www.cvs.com/store-locator/cvs-pharmacy-locations/North-Carolina/Asheville
North-Carolina,Beaufort,https://www.cvs.com/store-locator/cvs-pharmacy-locations/North-Carolina/Beaufort
North-Carolina,Belmont,https://www.cvs.com/store-locator/cvs-pharmacy-locations/North-Carolina/Belmont
North-Carolina,Benson,https://www.cvs.com/store-locator/cvs-pharmacy-locations/North-Carolina/Benson
North-Carolina,Bessemer-City,https://www.cvs.com/store-locator/cvs-pharmacy-locations/North-Carolina/Bessemer-City
North-Carolina,Black-Mountain,https://www.cvs.com/store-locator/cvs-pharmacy-locations/North-Carolina/Black-Mountain
North-Carolina,Boone,https://www.cvs.com/store-locator/cvs-pharmacy-locations/North-Carolina/Boone
North-Carolina,Brevard,https://www.cvs.com/store-locator/cvs-pharmacy-locations/North-Carolina/Brevard
North-Carolina,Burlington,https://www.cvs.com/store-locator/cvs-pharmacy-locations/North-Carolina/Burlington
North-Carolina,Burnsville,https://www.cvs.com/store-locator/cvs-pharmacy-locations/North-Carolina/Burnsville
North-Carolina,Calabash,https://www.cvs.com/store-locator/cvs-pharmacy-locations/North-Carolina/Calabash
North-Carolina,Cameron,https://www.cvs.com/store-locator/cvs-pharmacy-locations/North-Carolina/Cameron
North-Carolina,Carolina-Beach,https://www.cvs.com/store-locator/cvs-pharmacy-locations/North-Carolina/Carolina-Beach
North-Carolina,Carrboro,https://www.cvs.com/store-locator/cvs-pharmacy-locations/North-Carolina/Carrboro
North-Carolina,Cary,https://www.cvs.com/store-locator/cvs-pharmacy-locations/North-Carolina/Cary
North-Carolina,Castle-Hayne,https://www.cvs.com/store-locator/cvs-pharmacy-locations/North-Carolina/Castle-Hayne
North-Carolina,Chapel-Hill,https://www.cvs.com/store-locator/cvs-pharmacy-locations/North-Carolina/Chapel-Hill
North-Carolina,Charlotte,https://www.cvs.com/store-locator/cvs-pharmacy-locations/North-Carolina/Charlotte
North-Carolina,Clayton,https://www.cvs.com/store-locator/cvs-pharmacy-locations/North-Carolina/Clayton
North-Carolina,Clemmons,https://www.cvs.com/store-locator/cvs-pharmacy-locations/North-Carolina/Clemmons
North-Carolina,Clinton,https://www.cvs.com/store-locator/cvs-pharmacy-locations/North-Carolina/Clinton
North-Carolina,Columbus,https://www.cvs.com/store-locator/cvs-pharmacy-locations/North-Carolina/Columbus
North-Carolina,Concord,https://www.cvs.com/store-locator/cvs-pharmacy-locations/North-Carolina/Concord
North-Carolina,Conover,https://www.cvs.com/store-locator/cvs-pharmacy-locations/North-Carolina/Conover
North-Carolina,Cornelius,https://www.cvs.com/store-locator/cvs-pharmacy-locations/North-Carolina/Cornelius
North-Carolina,Creedmoor,https://www.cvs.com/store-locator/cvs-pharmacy-locations/North-Carolina/Creedmoor
North-Carolina,Davidson,https://www.cvs.com/store-locator/cvs-pharmacy-locations/North-Carolina/Davidson
North-Carolina,Denton,https://www.cvs.com/store-locator/cvs-pharmacy-locations/North-Carolina/Denton
North-Carolina,Denver,https://www.cvs.com/store-locator/cvs-pharmacy-locations/North-Carolina/Denver
North-Carolina,Durham,https://www.cvs.com/store-locator/cvs-pharmacy-locations/North-Carolina/Durham
North-Carolina,Eden,https://www.cvs.com/store-locator/cvs-pharmacy-locations/North-Carolina/Eden
North-Carolina,Edenton,https://www.cvs.com/store-locator/cvs-pharmacy-locations/North-Carolina/Edenton
North-Carolina,Elizabeth-City,https://www.cvs.com/store-locator/cvs-pharmacy-locations/North-Carolina/Elizabeth-City
North-Carolina,Elizabethtown,https://www.cvs.com/store-locator/cvs-pharmacy-locations/North-Carolina/Elizabethtown
North-Carolina,Elkin,https://www.cvs.com/store-locator/cvs-pharmacy-locations/North-Carolina/Elkin
North-Carolina,Emerald-Isle,https://www.cvs.com/store-locator/cvs-pharmacy-locations/North-Carolina/Emerald-Isle
North-Carolina,Erwin,https://www.cvs.com/store-locator/cvs-pharmacy-locations/North-Carolina/Erwin
North-Carolina,Farmville,https://www.cvs.com/store-locator/cvs-pharmacy-locations/North-Carolina/Farmville
North-Carolina,Fayetteville,https://www.cvs.com/store-locator/cvs-pharmacy-locations/North-Carolina/Fayetteville
North-Carolina,Fletcher,https://www.cvs.com/store-locator/cvs-pharmacy-locations/North-Carolina/Fletcher
North-Carolina,Fuquay-Varina,https://www.cvs.com/store-locator/cvs-pharmacy-locations/North-Carolina/Fuquay-Varina
North-Carolina,Garner,https://www.cvs.com/store-locator/cvs-pharmacy-locations/North-Carolina/Garner
North-Carolina,Gastonia,https://www.cvs.com/store-locator/cvs-pharmacy-locations/North-Carolina/Gastonia
North-Carolina,Goldsboro,https://www.cvs.com/store-locator/cvs-pharmacy-locations/North-Carolina/Goldsboro
North-Carolina,Graham,https://www.cvs.com/store-locator/cvs-pharmacy-locations/North-Carolina/Graham
North-Carolina,Grantsboro,https://www.cvs.com/store-locator/cvs-pharmacy-locations/North-Carolina/Grantsboro
North-Carolina,Greensboro,https://www.cvs.com/store-locator/cvs-pharmacy-locations/North-Carolina/Greensboro
North-Carolina,Greenville,https://www.cvs.com/store-locator/cvs-pharmacy-locations/North-Carolina/Greenville
North-Carolina,Hampstead,https://www.cvs.com/store-locator/cvs-pharmacy-locations/North-Carolina/Hampstead
North-Carolina,Harrisburg,https://www.cvs.com/store-locator/cvs-pharmacy-locations/North-Carolina/Harrisburg
North-Carolina,Havelock,https://www.cvs.com/store-locator/cvs-pharmacy-locations/North-Carolina/Havelock
North-Carolina,Hendersonville,https://www.cvs.com/store-locator/cvs-pharmacy-locations/North-Carolina/Hendersonville
North-Carolina,Hickory,https://www.cvs.com/store-locator/cvs-pharmacy-locations/North-Carolina/Hickory
North-Carolina,High-Point,https://www.cvs.com/store-locator/cvs-pharmacy-locations/North-Carolina/High-Point
North-Carolina,Hildebran,https://www.cvs.com/store-locator/cvs-pharmacy-locations/North-Carolina/Hildebran
North-Carolina,Holly-Springs,https://www.cvs.com/store-locator/cvs-pharmacy-locations/North-Carolina/Holly-Springs
North-Carolina,Hope-Mills,https://www.cvs.com/store-locator/cvs-pharmacy-locations/North-Carolina/Hope-Mills
North-Carolina,Hudson,https://www.cvs.com/store-locator/cvs-pharmacy-locations/North-Carolina/Hudson
North-Carolina,Huntersville,https://www.cvs.com/store-locator/cvs-pharmacy-locations/North-Carolina/Huntersville
North-Carolina,Jacksonville,https://www.cvs.com/store-locator/cvs-pharmacy-locations/North-Carolina/Jacksonville
North-Carolina,Jamestown,https://www.cvs.com/store-locator/cvs-pharmacy-locations/North-Carolina/Jamestown
North-Carolina,Kannapolis,https://www.cvs.com/store-locator/cvs-pharmacy-locations/North-Carolina/Kannapolis
North-Carolina,Kenansville,https://www.cvs.com/store-locator/cvs-pharmacy-locations/North-Carolina/Kenansville
North-Carolina,Kernersville,https://www.cvs.com/store-locator/cvs-pharmacy-locations/North-Carolina/Kernersville
North-Carolina,Kill-Devil-Hills,https://www.cvs.com/store-locator/cvs-pharmacy-locations/North-Carolina/Kill-Devil-Hills
North-Carolina,King,https://www.cvs.com/store-locator/cvs-pharmacy-locations/North-Carolina/King
North-Carolina,Kings-Mountain,https://www.cvs.com/store-locator/cvs-pharmacy-locations/North-Carolina/Kings-Mountain
North-Carolina,Knightdale,https://www.cvs.com/store-locator/cvs-pharmacy-locations/North-Carolina/Knightdale
North-Carolina,Leland,https://www.cvs.com/store-locator/cvs-pharmacy-locations/North-Carolina/Leland
North-Carolina,Lenoir,https://www.cvs.com/store-locator/cvs-pharmacy-locations/North-Carolina/Lenoir
North-Carolina,Lexington,https://www.cvs.com/store-locator/cvs-pharmacy-locations/North-Carolina/Lexington
North-Carolina,Liberty,https://www.cvs.com/store-locator/cvs-pharmacy-locations/North-Carolina/Liberty
North-Carolina,Lillington,https://www.cvs.com/store-locator/cvs-pharmacy-locations/North-Carolina/Lillington
North-Carolina,Lincolnton,https://www.cvs.com/store-locator/cvs-pharmacy-locations/North-Carolina/Lincolnton
North-Carolina,Locust,https://www.cvs.com/store-locator/cvs-pharmacy-locations/North-Carolina/Locust
North-Carolina,Louisburg,https://www.cvs.com/store-locator/cvs-pharmacy-locations/North-Carolina/Louisburg
North-Carolina,Lumberton,https://www.cvs.com/store-locator/cvs-pharmacy-locations/North-Carolina/Lumberton
North-Carolina,Madison,https://www.cvs.com/store-locator/cvs-pharmacy-locations/North-Carolina/Madison
North-Carolina,Manteo,https://www.cvs.com/store-locator/cvs-pharmacy-locations/North-Carolina/Manteo
North-Carolina,Marion,https://www.cvs.com/store-locator/cvs-pharmacy-locations/North-Carolina/Marion
North-Carolina,Mars-Hill,https://www.cvs.com/store-locator/cvs-pharmacy-locations/North-Carolina/Mars-Hill
North-Carolina,Marshville,https://www.cvs.com/store-locator/cvs-pharmacy-locations/North-Carolina/Marshville
North-Carolina,Matthews,https://www.cvs.com/store-locator/cvs-pharmacy-locations/North-Carolina/Matthews
North-Carolina,Mebane,https://www.cvs.com/store-locator/cvs-pharmacy-locations/North-Carolina/Mebane
North-Carolina,Mills-River,https://www.cvs.com/store-locator/cvs-pharmacy-locations/North-Carolina/Mills-River
North-Carolina,Mint-Hill,https://www.cvs.com/store-locator/cvs-pharmacy-locations/North-Carolina/Mint-Hill
North-Carolina,Monroe,https://www.cvs.com/store-locator/cvs-pharmacy-locations/North-Carolina/Monroe
North-Carolina,Mooresville,https://www.cvs.com/store-locator/cvs-pharmacy-locations/North-Carolina/Mooresville
North-Carolina,Morehead-City,https://www.cvs.com/store-locator/cvs-pharmacy-locations/North-Carolina/Morehead-City
North-Carolina,Morganton,https://www.cvs.com/store-locator/cvs-pharmacy-locations/North-Carolina/Morganton
North-Carolina,Morrisville,https://www.cvs.com/store-locator/cvs-pharmacy-locations/North-Carolina/Morrisville
North-Carolina,Murfreesboro,https://www.cvs.com/store-locator/cvs-pharmacy-locations/North-Carolina/Murfreesboro
North-Carolina,Nashville,https://www.cvs.com/store-locator/cvs-pharmacy-locations/North-Carolina/Nashville
North-Carolina,New-Bern,https://www.cvs.com/store-locator/cvs-pharmacy-locations/North-Carolina/New-Bern
North-Carolina,Newland,https://www.cvs.com/store-locator/cvs-pharmacy-locations/North-Carolina/Newland
North-Carolina,Newport,https://www.cvs.com/store-locator/cvs-pharmacy-locations/North-Carolina/Newport
North-Carolina,Newton,https://www.cvs.com/store-locator/cvs-pharmacy-locations/North-Carolina/Newton
North-Carolina,North-Wilkesboro,https://www.cvs.com/store-locator/cvs-pharmacy-locations/North-Carolina/North-Wilkesboro
North-Carolina,Oak-Ridge,https://www.cvs.com/store-locator/cvs-pharmacy-locations/North-Carolina/Oak-Ridge
North-Carolina,Ocean-Isle-Beach,https://www.cvs.com/store-locator/cvs-pharmacy-locations/North-Carolina/Ocean-Isle-Beach
North-Carolina,Oxford,https://www.cvs.com/store-locator/cvs-pharmacy-locations/North-Carolina/Oxford
North-Carolina,Pilot-Mountain,https://www.cvs.com/store-locator/cvs-pharmacy-locations/North-Carolina/Pilot-Mountain
North-Carolina,Raeford,https://www.cvs.com/store-locator/cvs-pharmacy-locations/North-Carolina/Raeford
North-Carolina,Raleigh,https://www.cvs.com/store-locator/cvs-pharmacy-locations/North-Carolina/Raleigh
North-Carolina,Randleman,https://www.cvs.com/store-locator/cvs-pharmacy-locations/North-Carolina/Randleman
North-Carolina,Reidsville,https://www.cvs.com/store-locator/cvs-pharmacy-locations/North-Carolina/Reidsville
North-Carolina,Richfield,https://www.cvs.com/store-locator/cvs-pharmacy-locations/North-Carolina/Richfield
North-Carolina,Roanoke-Rapids,https://www.cvs.com/store-locator/cvs-pharmacy-locations/North-Carolina/Roanoke-Rapids
North-Carolina,Rockingham,https://www.cvs.com/store-locator/cvs-pharmacy-locations/North-Carolina/Rockingham
North-Carolina,Rockwell,https://www.cvs.com/store-locator/cvs-pharmacy-locations/North-Carolina/Rockwell
North-Carolina,Rocky-Mount,https://www.cvs.com/store-locator/cvs-pharmacy-locations/North-Carolina/Rocky-Mount
North-Carolina,Rolesville,https://www.cvs.com/store-locator/cvs-pharmacy-locations/North-Carolina/Rolesville
North-Carolina,Roxboro,https://www.cvs.com/store-locator/cvs-pharmacy-locations/North-Carolina/Roxboro
North-Carolina,Rutherfordton,https://www.cvs.com/store-locator/cvs-pharmacy-locations/North-Carolina/Rutherfordton
North-Carolina,Salisbury,https://www.cvs.com/store-locator/cvs-pharmacy-locations/North-Carolina/Salisbury
North-Carolina,Sanford,https://www.cvs.com/store-locator/cvs-pharmacy-locations/North-Carolina/Sanford
North-Carolina,Selma,https://www.cvs.com/store-locator/cvs-pharmacy-locations/North-Carolina/Selma
North-Carolina,Shallotte,https://www.cvs.com/store-locator/cvs-pharmacy-locations/North-Carolina/Shallotte
North-Carolina,Shelby,https://www.cvs.com/store-locator/cvs-pharmacy-locations/North-Carolina/Shelby
North-Carolina,Siler-City,https://www.cvs.com/store-locator/cvs-pharmacy-locations/North-Carolina/Siler-City
North-Carolina,Smithfield,https://www.cvs.com/store-locator/cvs-pharmacy-locations/North-Carolina/Smithfield
North-Carolina,Sneads-Ferry,https://www.cvs.com/store-locator/cvs-pharmacy-locations/North-Carolina/Sneads-Ferry
North-Carolina,Southern-Pines,https://www.cvs.com/store-locator/cvs-pharmacy-locations/North-Carolina/Southern-Pines
North-Carolina,Southern-Shores,https://www.cvs.com/store-locator/cvs-pharmacy-locations/North-Carolina/Southern-Shores
North-Carolina,Southport,https://www.cvs.com/store-locator/cvs-pharmacy-locations/North-Carolina/Southport
North-Carolina,Spruce-Pine,https://www.cvs.com/store-locator/cvs-pharmacy-locations/North-Carolina/Spruce-Pine
North-Carolina,Stanley,https://www.cvs.com/store-locator/cvs-pharmacy-locations/North-Carolina/Stanley
North-Carolina,Statesville,https://www.cvs.com/store-locator/cvs-pharmacy-locations/North-Carolina/Statesville
North-Carolina,Summerfield,https://www.cvs.com/store-locator/cvs-pharmacy-locations/North-Carolina/Summerfield
North-Carolina,Surf-City,https://www.cvs.com/store-locator/cvs-pharmacy-locations/North-Carolina/Surf-City
North-Carolina,Swannanoa,https://www.cvs.com/store-locator/cvs-pharmacy-locations/North-Carolina/Swannanoa
North-Carolina,Swansboro,https://www.cvs.com/store-locator/cvs-pharmacy-locations/North-Carolina/Swansboro
North-Carolina,Sylva,https://www.cvs.com/store-locator/cvs-pharmacy-locations/North-Carolina/Sylva
North-Carolina,Thomasville,https://www.cvs.com/store-locator/cvs-pharmacy-locations/North-Carolina/Thomasville
North-Carolina,Troy,https://www.cvs.com/store-locator/cvs-pharmacy-locations/North-Carolina/Troy
North-Carolina,Valdese,https://www.cvs.com/store-locator/cvs-pharmacy-locations/North-Carolina/Valdese
North-Carolina,Wadesboro,https://www.cvs.com/store-locator/cvs-pharmacy-locations/North-Carolina/Wadesboro
North-Carolina,Wake-Forest,https://www.cvs.com/store-locator/cvs-pharmacy-locations/North-Carolina/Wake-Forest
North-Carolina,Walkertown,https://www.cvs.com/store-locator/cvs-pharmacy-locations/North-Carolina/Walkertown
North-Carolina,Wallace,https://www.cvs.com/store-locator/cvs-pharmacy-locations/North-Carolina/Wallace
North-Carolina,Walnut-Cove,https://www.cvs.com/store-locator/cvs-pharmacy-locations/North-Carolina/Walnut-Cove
North-Carolina,Washington,https://www.cvs.com/store-locator/cvs-pharmacy-locations/North-Carolina/Washington
North-Carolina,Waxhaw,https://www.cvs.com/store-locator/cvs-pharmacy-locations/North-Carolina/Waxhaw
North-Carolina,Waynesville,https://www.cvs.com/store-locator/cvs-pharmacy-locations/North-Carolina/Waynesville
North-Carolina,Weaverville,https://www.cvs.com/store-locator/cvs-pharmacy-locations/North-Carolina/Weaverville
North-Carolina,Wesley-Chapel,https://www.cvs.com/store-locator/cvs-pharmacy-locations/North-Carolina/Wesley-Chapel
North-Carolina,West-Jefferson,https://www.cvs.com/store-locator/cvs-pharmacy-locations/North-Carolina/West-Jefferson
North-Carolina,Whiteville,https://www.cvs.com/store-locator/cvs-pharmacy-locations/North-Carolina/Whiteville
North-Carolina,Whitsett,https://www.cvs.com/store-locator/cvs-pharmacy-locations/North-Carolina/Whitsett
North-Carolina,Wilmington,https://www.cvs.com/store-locator/cvs-pharmacy-locations/North-Carolina/Wilmington
North-Carolina,Wilson,https://www.cvs.com/store-locator/cvs-pharmacy-locations/North-Carolina/Wilson
North-Carolina,Winston-Salem,https://www.cvs.com/store-locator/cvs-pharmacy-locations/North-Carolina/Winston-Salem
North-Carolina,Winterville,https://www.cvs.com/store-locator/cvs-pharmacy-locations/North-Carolina/Winterville
North-Carolina,Woodfin,https://www.cvs.com/store-locator/cvs-pharmacy-locations/North-Carolina/Woodfin
North-Carolina,Yadkinville,https://www.cvs.com/store-locator/cvs-pharmacy-locations/North-Carolina/Yadkinville
North-Carolina,Youngsville,https://www.cvs.com/store-locator/cvs-pharmacy-locations/North-Carolina/Youngsville
North-Dakota,Bismarck,https://www.cvs.com/store-locator/cvs-pharmacy-locations/North-Dakota/Bismarck
North-Dakota,Fargo,https://www.cvs.com/store-locator/cvs-pharmacy-locations/North-Dakota/Fargo
North-Dakota,Grand-Forks,https://www.cvs.com/store-locator/cvs-pharmacy-locations/North-Dakota/Grand-Forks
North-Dakota,Minot,https://www.cvs.com/store-locator/cvs-pharmacy-locations/North-Dakota/Minot
Ohio,Akron,https://www.cvs.com/store-locator/cvs-pharmacy-locations/Ohio/Akron
Ohio,Amelia,https://www.cvs.com/store-locator/cvs-pharmacy-locations/Ohio/Amelia
Ohio,Amherst,https://www.cvs.com/store-locator/cvs-pharmacy-locations/Ohio/Amherst
Ohio,Ashland,https://www.cvs.com/store-locator/cvs-pharmacy-locations/Ohio/Ashland
Ohio,Ashtabula,https://www.cvs.com/store-locator/cvs-pharmacy-locations/Ohio/Ashtabula
Ohio,Athens,https://www.cvs.com/store-locator/cvs-pharmacy-locations/Ohio/Athens
Ohio,Aurora,https://www.cvs.com/store-locator/cvs-pharmacy-locations/Ohio/Aurora
Ohio,Avon,https://www.cvs.com/store-locator/cvs-pharmacy-locations/Ohio/Avon
Ohio,Avon-Lake,https://www.cvs.com/store-locator/cvs-pharmacy-locations/Ohio/Avon-Lake
Ohio,Barberton,https://www.cvs.com/store-locator/cvs-pharmacy-locations/Ohio/Barberton
Ohio,Bay-Village,https://www.cvs.com/store-locator/cvs-pharmacy-locations/Ohio/Bay-Village
Ohio,Beavercreek,https://www.cvs.com/store-locator/cvs-pharmacy-locations/Ohio/Beavercreek
Ohio,Bellefontaine,https://www.cvs.com/store-locator/cvs-pharmacy-locations/Ohio/Bellefontaine
Ohio,Bellevue,https://www.cvs.com/store-locator/cvs-pharmacy-locations/Ohio/Bellevue
Ohio,Belpre,https://www.cvs.com/store-locator/cvs-pharmacy-locations/Ohio/Belpre
Ohio,Berea,https://www.cvs.com/store-locator/cvs-pharmacy-locations/Ohio/Berea
Ohio,Bethel,https://www.cvs.com/store-locator/cvs-pharmacy-locations/Ohio/Bethel
Ohio,Blanchester,https://www.cvs.com/store-locator/cvs-pharmacy-locations/Ohio/Blanchester
Ohio,Blue-Ash,https://www.cvs.com/store-locator/cvs-pharmacy-locations/Ohio/Blue-Ash
Ohio,Bluffton,https://www.cvs.com/store-locator/cvs-pharmacy-locations/Ohio/Bluffton
Ohio,Boardman,https://www.cvs.com/store-locator/cvs-pharmacy-locations/Ohio/Boardman
Ohio,Bowling-Green,https://www.cvs.com/store-locator/cvs-pharmacy-locations/Ohio/Bowling-Green
Ohio,Brecksville,https://www.cvs.com/store-locator/cvs-pharmacy-locations/Ohio/Brecksville
Ohio,Brookpark,https://www.cvs.com/store-locator/cvs-pharmacy-locations/Ohio/Brookpark
Ohio,Brunswick,https://www.cvs.com/store-locator/cvs-pharmacy-locations/Ohio/Brunswick
Ohio,Bryan,https://www.cvs.com/store-locator/cvs-pharmacy-locations/Ohio/Bryan
Ohio,Bucyrus,https://www.cvs.com/store-locator/cvs-pharmacy-locations/Ohio/Bucyrus
Ohio,Cambridge,https://www.cvs.com/store-locator/cvs-pharmacy-locations/Ohio/Cambridge
Ohio,Canal-Winchester,https://www.cvs.com/store-locator/cvs-pharmacy-locations/Ohio/Canal-Winchester
Ohio,Canfield,https://www.cvs.com/store-locator/cvs-pharmacy-locations/Ohio/Canfield
Ohio,Canton,https://www.cvs.com/store-locator/cvs-pharmacy-locations/Ohio/Canton
Ohio,Celina,https://www.cvs.com/store-locator/cvs-pharmacy-locations/Ohio/Celina
Ohio,Centerville,https://www.cvs.com/store-locator/cvs-pharmacy-locations/Ohio/Centerville
Ohio,Chagrin-Falls,https://www.cvs.com/store-locator/cvs-pharmacy-locations/Ohio/Chagrin-Falls
Ohio,Chardon,https://www.cvs.com/store-locator/cvs-pharmacy-locations/Ohio/Chardon
Ohio,Chesapeake,https://www.cvs.com/store-locator/cvs-pharmacy-locations/Ohio/Chesapeake
Ohio,Chesterland,https://www.cvs.com/store-locator/cvs-pharmacy-locations/Ohio/Chesterland
Ohio,Cheviot,https://www.cvs.com/store-locator/cvs-pharmacy-locations/Ohio/Cheviot
Ohio,Chillicothe,https://www.cvs.com/store-locator/cvs-pharmacy-locations/Ohio/Chillicothe
Ohio,Cincinnati,https://www.cvs.com/store-locator/cvs-pharmacy-locations/Ohio/Cincinnati
Ohio,Circleville,https://www.cvs.com/store-locator/cvs-pharmacy-locations/Ohio/Circleville
Ohio,Cleveland,https://www.cvs.com/store-locator/cvs-pharmacy-locations/Ohio/Cleveland
Ohio,Cleveland-Heights,https://www.cvs.com/store-locator/cvs-pharmacy-locations/Ohio/Cleveland-Heights
Ohio,Columbus,https://www.cvs.com/store-locator/cvs-pharmacy-locations/Ohio/Columbus
Ohio,Conneaut,https://www.cvs.com/store-locator/cvs-pharmacy-locations/Ohio/Conneaut
Ohio,Copley,https://www.cvs.com/store-locator/cvs-pharmacy-locations/Ohio/Copley
Ohio,Coshocton,https://www.cvs.com/store-locator/cvs-pharmacy-locations/Ohio/Coshocton
Ohio,Cuyahoga-Falls,https://www.cvs.com/store-locator/cvs-pharmacy-locations/Ohio/Cuyahoga-Falls
Ohio,Dayton,https://www.cvs.com/store-locator/cvs-pharmacy-locations/Ohio/Dayton
Ohio,Delaware,https://www.cvs.com/store-locator/cvs-pharmacy-locations/Ohio/Delaware
Ohio,Dennison,https://www.cvs.com/store-locator/cvs-pharmacy-locations/Ohio/Dennison
Ohio,Dover,https://www.cvs.com/store-locator/cvs-pharmacy-locations/Ohio/Dover
Ohio,Dublin,https://www.cvs.com/store-locator/cvs-pharmacy-locations/Ohio/Dublin
Ohio,Eaton,https://www.cvs.com/store-locator/cvs-pharmacy-locations/Ohio/Eaton
Ohio,Elyria,https://www.cvs.com/store-locator/cvs-pharmacy-locations/Ohio/Elyria
Ohio,Euclid,https://www.cvs.com/store-locator/cvs-pharmacy-locations/Ohio/Euclid
Ohio,Fairborn,https://www.cvs.com/store-locator/cvs-pharmacy-locations/Ohio/Fairborn
Ohio,Fairfield,https://www.cvs.com/store-locator/cvs-pharmacy-locations/Ohio/Fairfield
Ohio,Fairlawn,https://www.cvs.com/store-locator/cvs-pharmacy-locations/Ohio/Fairlawn
Ohio,Fairview-Park,https://www.cvs.com/store-locator/cvs-pharmacy-locations/Ohio/Fairview-Park
Ohio,Findlay,https://www.cvs.com/store-locator/cvs-pharmacy-locations/Ohio/Findlay
Ohio,Fremont,https://www.cvs.com/store-locator/cvs-pharmacy-locations/Ohio/Fremont
Ohio,Gahanna,https://www.cvs.com/store-locator/cvs-pharmacy-locations/Ohio/Gahanna
Ohio,Gallipolis,https://www.cvs.com/store-locator/cvs-pharmacy-locations/Ohio/Gallipolis
Ohio,Galloway,https://www.cvs.com/store-locator/cvs-pharmacy-locations/Ohio/Galloway
Ohio,Garfield-Heights,https://www.cvs.com/store-locator/cvs-pharmacy-locations/Ohio/Garfield-Heights
Ohio,Geneva,https://www.cvs.com/store-locator/cvs-pharmacy-locations/Ohio/Geneva
Ohio,Georgetown,https://www.cvs.com/store-locator/cvs-pharmacy-locations/Ohio/Georgetown
Ohio,Germantown,https://www.cvs.com/store-locator/cvs-pharmacy-locations/Ohio/Germantown
Ohio,Granville,https://www.cvs.com/store-locator/cvs-pharmacy-locations/Ohio/Granville
Ohio,Greenville,https://www.cvs.com/store-locator/cvs-pharmacy-locations/Ohio/Greenville
Ohio,Grove-City,https://www.cvs.com/store-locator/cvs-pharmacy-locations/Ohio/Grove-City
Ohio,Hamilton,https://www.cvs.com/store-locator/cvs-pharmacy-locations/Ohio/Hamilton
Ohio,Harrison,https://www.cvs.com/store-locator/cvs-pharmacy-locations/Ohio/Harrison
Ohio,Hartville,https://www.cvs.com/store-locator/cvs-pharmacy-locations/Ohio/Hartville
Ohio,Heath,https://www.cvs.com/store-locator/cvs-pharmacy-locations/Ohio/Heath
Ohio,Hilliard,https://www.cvs.com/store-locator/cvs-pharmacy-locations/Ohio/Hilliard
Ohio,Hillsboro,https://www.cvs.com/store-locator/cvs-pharmacy-locations/Ohio/Hillsboro
Ohio,Hinckley,https://www.cvs.com/store-locator/cvs-pharmacy-locations/Ohio/Hinckley
Ohio,Hubbard,https://www.cvs.com/store-locator/cvs-pharmacy-locations/Ohio/Hubbard
Ohio,Huber-Heights,https://www.cvs.com/store-locator/cvs-pharmacy-locations/Ohio/Huber-Heights
Ohio,Hudson,https://www.cvs.com/store-locator/cvs-pharmacy-locations/Ohio/Hudson
Ohio,Ironton,https://www.cvs.com/store-locator/cvs-pharmacy-locations/Ohio/Ironton
Ohio,Jackson,https://www.cvs.com/store-locator/cvs-pharmacy-locations/Ohio/Jackson
Ohio,Johnstown,https://www.cvs.com/store-locator/cvs-pharmacy-locations/Ohio/Johnstown
Ohio,Kent,https://www.cvs.com/store-locator/cvs-pharmacy-locations/Ohio/Kent
Ohio,Kenton,https://www.cvs.com/store-locator/cvs-pharmacy-locations/Ohio/Kenton
Ohio,Lakewood,https://www.cvs.com/store-locator/cvs-pharmacy-locations/Ohio/Lakewood
Ohio,Lancaster,https://www.cvs.com/store-locator/cvs-pharmacy-locations/Ohio/Lancaster
Ohio,Lebanon,https://www.cvs.com/store-locator/cvs-pharmacy-locations/Ohio/Lebanon
Ohio,Lewis-Center,https://www.cvs.com/store-locator/cvs-pharmacy-locations/Ohio/Lewis-Center
Ohio,Lima,https://www.cvs.com/store-locator/cvs-pharmacy-locations/Ohio/Lima
Ohio,Logan,https://www.cvs.com/store-locator/cvs-pharmacy-locations/Ohio/Logan
Ohio,London,https://www.cvs.com/store-locator/cvs-pharmacy-locations/Ohio/London
Ohio,Lorain,https://www.cvs.com/store-locator/cvs-pharmacy-locations/Ohio/Lorain
Ohio,Lyndhurst,https://www.cvs.com/store-locator/cvs-pharmacy-locations/Ohio/Lyndhurst
Ohio,Maineville,https://www.cvs.com/store-locator/cvs-pharmacy-locations/Ohio/Maineville
Ohio,Mansfield,https://www.cvs.com/store-locator/cvs-pharmacy-locations/Ohio/Mansfield
Ohio,Marietta,https://www.cvs.com/store-locator/cvs-pharmacy-locations/Ohio/Marietta
Ohio,Marion,https://www.cvs.com/store-locator/cvs-pharmacy-locations/Ohio/Marion
Ohio,Martins-Ferry,https://www.cvs.com/store-locator/cvs-pharmacy-locations/Ohio/Martins-Ferry
Ohio,Marysville,https://www.cvs.com/store-locator/cvs-pharmacy-locations/Ohio/Marysville
Ohio,Mason,https://www.cvs.com/store-locator/cvs-pharmacy-locations/Ohio/Mason
Ohio,Massillon,https://www.cvs.com/store-locator/cvs-pharmacy-locations/Ohio/Massillon
Ohio,Mayfield-Heights,https://www.cvs.com/store-locator/cvs-pharmacy-locations/Ohio/Mayfield-Heights
Ohio,Medina,https://www.cvs.com/store-locator/cvs-pharmacy-locations/Ohio/Medina
Ohio,Mentor,https://www.cvs.com/store-locator/cvs-pharmacy-locations/Ohio/Mentor
Ohio,Miamisburg,https://www.cvs.com/store-locator/cvs-pharmacy-locations/Ohio/Miamisburg
Ohio,Middlefield,https://www.cvs.com/store-locator/cvs-pharmacy-locations/Ohio/Middlefield
Ohio,Middletown,https://www.cvs.com/store-locator/cvs-pharmacy-locations/Ohio/Middletown
Ohio,Milford,https://www.cvs.com/store-locator/cvs-pharmacy-locations/Ohio/Milford
Ohio,Mogadore,https://www.cvs.com/store-locator/cvs-pharmacy-locations/Ohio/Mogadore
Ohio,Montgomery,https://www.cvs.com/store-locator/cvs-pharmacy-locations/Ohio/Montgomery
Ohio,Mount-Vernon,https://www.cvs.com/store-locator/cvs-pharmacy-locations/Ohio/Mount-Vernon
Ohio,New-Albany,https://www.cvs.com/store-locator/cvs-pharmacy-locations/Ohio/New-Albany
Ohio,New-Boston,https://www.cvs.com/store-locator/cvs-pharmacy-locations/Ohio/New-Boston
Ohio,New-Carlisle,https://www.cvs.com/store-locator/cvs-pharmacy-locations/Ohio/New-Carlisle
Ohio,New-Lexington,https://www.cvs.com/store-locator/cvs-pharmacy-locations/Ohio/New-Lexington
Ohio,Newark,https://www.cvs.com/store-locator/cvs-pharmacy-locations/Ohio/Newark
Ohio,Niles,https://www.cvs.com/store-locator/cvs-pharmacy-locations/Ohio/Niles
Ohio,North-Canton,https://www.cvs.com/store-locator/cvs-pharmacy-locations/Ohio/North-Canton
Ohio,North-Olmsted,https://www.cvs.com/store-locator/cvs-pharmacy-locations/Ohio/North-Olmsted
Ohio,North-Ridgeville,https://www.cvs.com/store-locator/cvs-pharmacy-locations/Ohio/North-Ridgeville
Ohio,North-Royalton,https://www.cvs.com/store-locator/cvs-pharmacy-locations/Ohio/North-Royalton
Ohio,Northfield,https://www.cvs.com/store-locator/cvs-pharmacy-locations/Ohio/Northfield
Ohio,Norton,https://www.cvs.com/store-locator/cvs-pharmacy-locations/Ohio/Norton
Ohio,Norwalk,https://www.cvs.com/store-locator/cvs-pharmacy-locations/Ohio/Norwalk
Ohio,Norwood,https://www.cvs.com/store-locator/cvs-pharmacy-locations/Ohio/Norwood
Ohio,Oak-Hill,https://www.cvs.com/store-locator/cvs-pharmacy-locations/Ohio/Oak-Hill
Ohio,Oakwood,https://www.cvs.com/store-locator/cvs-pharmacy-locations/Ohio/Oakwood
Ohio,Oberlin,https://www.cvs.com/store-locator/cvs-pharmacy-locations/Ohio/Oberlin
Ohio,Olmsted-Twp,https://www.cvs.com/store-locator/cvs-pharmacy-locations/Ohio/Olmsted-Twp
Ohio,Orrville,https://www.cvs.com/store-locator/cvs-pharmacy-locations/Ohio/Orrville
Ohio,Oxford,https://www.cvs.com/store-locator/cvs-pharmacy-locations/Ohio/Oxford
Ohio,Painesville,https://www.cvs.com/store-locator/cvs-pharmacy-locations/Ohio/Painesville
Ohio,Parma,https://www.cvs.com/store-locator/cvs-pharmacy-locations/Ohio/Parma
Ohio,Pataskala,https://www.cvs.com/store-locator/cvs-pharmacy-locations/Ohio/Pataskala
Ohio,Pickerington,https://www.cvs.com/store-locator/cvs-pharmacy-locations/Ohio/Pickerington
Ohio,Piqua,https://www.cvs.com/store-locator/cvs-pharmacy-locations/Ohio/Piqua
Ohio,Portsmouth,https://www.cvs.com/store-locator/cvs-pharmacy-locations/Ohio/Portsmouth
Ohio,Powell,https://www.cvs.com/store-locator/cvs-pharmacy-locations/Ohio/Powell
Ohio,Ravenna,https://www.cvs.com/store-locator/cvs-pharmacy-locations/Ohio/Ravenna
Ohio,Reynoldsburg,https://www.cvs.com/store-locator/cvs-pharmacy-locations/Ohio/Reynoldsburg
Ohio,Richmond-Heights,https://www.cvs.com/store-locator/cvs-pharmacy-locations/Ohio/Richmond-Heights
Ohio,Rocky-River,https://www.cvs.com/store-locator/cvs-pharmacy-locations/Ohio/Rocky-River
Ohio,Rossford,https://www.cvs.com/store-locator/cvs-pharmacy-locations/Ohio/Rossford
Ohio,Saint-Clairsville,https://www.cvs.com/store-locator/cvs-pharmacy-locations/Ohio/Saint-Clairsville
Ohio,Sandusky,https://www.cvs.com/store-locator/cvs-pharmacy-locations/Ohio/Sandusky
Ohio,Shaker-Heights,https://www.cvs.com/store-locator/cvs-pharmacy-locations/Ohio/Shaker-Heights
Ohio,Sharonville,https://www.cvs.com/store-locator/cvs-pharmacy-locations/Ohio/Sharonville
Ohio,Shreve,https://www.cvs.com/store-locator/cvs-pharmacy-locations/Ohio/Shreve
Ohio,Sidney,https://www.cvs.com/store-locator/cvs-pharmacy-locations/Ohio/Sidney
Ohio,Solon,https://www.cvs.com/store-locator/cvs-pharmacy-locations/Ohio/Solon
Ohio,South-Lebanon,https://www.cvs.com/store-locator/cvs-pharmacy-locations/Ohio/South-Lebanon
Ohio,Springboro,https://www.cvs.com/store-locator/cvs-pharmacy-locations/Ohio/Springboro
Ohio,Springdale,https://www.cvs.com/store-locator/cvs-pharmacy-locations/Ohio/Springdale
Ohio,Springfield,https://www.cvs.com/store-locator/cvs-pharmacy-locations/Ohio/Springfield
Ohio,Steubenville,https://www.cvs.com/store-locator/cvs-pharmacy-locations/Ohio/Steubenville
Ohio,Stow,https://www.cvs.com/store-locator/cvs-pharmacy-locations/Ohio/Stow
Ohio,Streetsboro,https://www.cvs.com/store-locator/cvs-pharmacy-locations/Ohio/Streetsboro
Ohio,Strongsville,https://www.cvs.com/store-locator/cvs-pharmacy-locations/Ohio/Strongsville
Ohio,Struthers,https://www.cvs.com/store-locator/cvs-pharmacy-locations/Ohio/Struthers
Ohio,Sunbury,https://www.cvs.com/store-locator/cvs-pharmacy-locations/Ohio/Sunbury
Ohio,Sylvania,https://www.cvs.com/store-locator/cvs-pharmacy-locations/Ohio/Sylvania
Ohio,Tiffin,https://www.cvs.com/store-locator/cvs-pharmacy-locations/Ohio/Tiffin
Ohio,Tipp-City,https://www.cvs.com/store-locator/cvs-pharmacy-locations/Ohio/Tipp-City
Ohio,Toledo,https://www.cvs.com/store-locator/cvs-pharmacy-locations/Ohio/Toledo
Ohio,Trotwood,https://www.cvs.com/store-locator/cvs-pharmacy-locations/Ohio/Trotwood
Ohio,Troy,https://www.cvs.com/store-locator/cvs-pharmacy-locations/Ohio/Troy
Ohio,Twinsburg,https://www.cvs.com/store-locator/cvs-pharmacy-locations/Ohio/Twinsburg
Ohio,Union,https://www.cvs.com/store-locator/cvs-pharmacy-locations/Ohio/Union
Ohio,Uniontown,https://www.cvs.com/store-locator/cvs-pharmacy-locations/Ohio/Uniontown
Ohio,University-Heights,https://www.cvs.com/store-locator/cvs-pharmacy-locations/Ohio/University-Heights
Ohio,Upper-Arlington,https://www.cvs.com/store-locator/cvs-pharmacy-locations/Ohio/Upper-Arlington
Ohio,Urbana,https://www.cvs.com/store-locator/cvs-pharmacy-locations/Ohio/Urbana
Ohio,Van-Wert,https://www.cvs.com/store-locator/cvs-pharmacy-locations/Ohio/Van-Wert
Ohio,Wadsworth,https://www.cvs.com/store-locator/cvs-pharmacy-locations/Ohio/Wadsworth
Ohio,Wapakoneta,https://www.cvs.com/store-locator/cvs-pharmacy-locations/Ohio/Wapakoneta
Ohio,Warren,https://www.cvs.com/store-locator/cvs-pharmacy-locations/Ohio/Warren
Ohio,Warrensville-Heights,https://www.cvs.com/store-locator/cvs-pharmacy-locations/Ohio/Warrensville-Heights
Ohio,Washington-Court-House,https://www.cvs.com/store-locator/cvs-pharmacy-locations/Ohio/Washington-Court-House
Ohio,Waverly,https://www.cvs.com/store-locator/cvs-pharmacy-locations/Ohio/Waverly
Ohio,West-Chester,https://www.cvs.com/store-locator/cvs-pharmacy-locations/Ohio/West-Chester
Ohio,Westerville,https://www.cvs.com/store-locator/cvs-pharmacy-locations/Ohio/Westerville
Ohio,Westlake,https://www.cvs.com/store-locator/cvs-pharmacy-locations/Ohio/Westlake
Ohio,Whitehall,https://www.cvs.com/store-locator/cvs-pharmacy-locations/Ohio/Whitehall
Ohio,Willoughby,https://www.cvs.com/store-locator/cvs-pharmacy-locations/Ohio/Willoughby
Ohio,Wilmington,https://www.cvs.com/store-locator/cvs-pharmacy-locations/Ohio/Wilmington
Ohio,Woodmere,https://www.cvs.com/store-locator/cvs-pharmacy-locations/Ohio/Woodmere
Ohio,Wooster,https://www.cvs.com/store-locator/cvs-pharmacy-locations/Ohio/Wooster
Ohio,Worthington,https://www.cvs.com/store-locator/cvs-pharmacy-locations/Ohio/Worthington
Ohio,Xenia,https://www.cvs.com/store-locator/cvs-pharmacy-locations/Ohio/Xenia
Ohio,Youngstown,https://www.cvs.com/store-locator/cvs-pharmacy-locations/Ohio/Youngstown
Ohio,Zanesville,https://www.cvs.com/store-locator/cvs-pharmacy-locations/Ohio/Zanesville
Oklahoma,Ardmore,https://www.cvs.com/store-locator/cvs-pharmacy-locations/Oklahoma/Ardmore
Oklahoma,Bartlesville,https://www.cvs.com/store-locator/cvs-pharmacy-locations/Oklahoma/Bartlesville
Oklahoma,Broken-Arrow,https://www.cvs.com/store-locator/cvs-pharmacy-locations/Oklahoma/Broken-Arrow
Oklahoma,Chickasha,https://www.cvs.com/store-locator/cvs-pharmacy-locations/Oklahoma/Chickasha
Oklahoma,Choctaw,https://www.cvs.com/store-locator/cvs-pharmacy-locations/Oklahoma/Choctaw
Oklahoma,Claremore,https://www.cvs.com/store-locator/cvs-pharmacy-locations/Oklahoma/Claremore
Oklahoma,Duncan,https://www.cvs.com/store-locator/cvs-pharmacy-locations/Oklahoma/Duncan
Oklahoma,Durant,https://www.cvs.com/store-locator/cvs-pharmacy-locations/Oklahoma/Durant
Oklahoma,Edmond,https://www.cvs.com/store-locator/cvs-pharmacy-locations/Oklahoma/Edmond
Oklahoma,Enid,https://www.cvs.com/store-locator/cvs-pharmacy-locations/Oklahoma/Enid
Oklahoma,Jenks,https://www.cvs.com/store-locator/cvs-pharmacy-locations/Oklahoma/Jenks
Oklahoma,Lawton,https://www.cvs.com/store-locator/cvs-pharmacy-locations/Oklahoma/Lawton
Oklahoma,Mcalester,https://www.cvs.com/store-locator/cvs-pharmacy-locations/Oklahoma/Mcalester
Oklahoma,Midwest-City,https://www.cvs.com/store-locator/cvs-pharmacy-locations/Oklahoma/Midwest-City
Oklahoma,Moore,https://www.cvs.com/store-locator/cvs-pharmacy-locations/Oklahoma/Moore
Oklahoma,Muskogee,https://www.cvs.com/store-locator/cvs-pharmacy-locations/Oklahoma/Muskogee
Oklahoma,Mustang,https://www.cvs.com/store-locator/cvs-pharmacy-locations/Oklahoma/Mustang
Oklahoma,Norman,https://www.cvs.com/store-locator/cvs-pharmacy-locations/Oklahoma/Norman
Oklahoma,Oklahoma-City,https://www.cvs.com/store-locator/cvs-pharmacy-locations/Oklahoma/Oklahoma-City
Oklahoma,Owasso,https://www.cvs.com/store-locator/cvs-pharmacy-locations/Oklahoma/Owasso
Oklahoma,Sand-Springs,https://www.cvs.com/store-locator/cvs-pharmacy-locations/Oklahoma/Sand-Springs
Oklahoma,Shawnee,https://www.cvs.com/store-locator/cvs-pharmacy-locations/Oklahoma/Shawnee
Oklahoma,Stillwater,https://www.cvs.com/store-locator/cvs-pharmacy-locations/Oklahoma/Stillwater
Oklahoma,Tulsa,https://www.cvs.com/store-locator/cvs-pharmacy-locations/Oklahoma/Tulsa
Oklahoma,Warr-Acres,https://www.cvs.com/store-locator/cvs-pharmacy-locations/Oklahoma/Warr-Acres
Oklahoma,Yukon,https://www.cvs.com/store-locator/cvs-pharmacy-locations/Oklahoma/Yukon
Oregon,Albany,https://www.cvs.com/store-locator/cvs-pharmacy-locations/Oregon/Albany
Oregon,Aloha,https://www.cvs.com/store-locator/cvs-pharmacy-locations/Oregon/Aloha
Oregon,Ashland,https://www.cvs.com/store-locator/cvs-pharmacy-locations/Oregon/Ashland
Oregon,Beaverton,https://www.cvs.com/store-locator/cvs-pharmacy-locations/Oregon/Beaverton
Oregon,Bend,https://www.cvs.com/store-locator/cvs-pharmacy-locations/Oregon/Bend
Oregon,Clackamas,https://www.cvs.com/store-locator/cvs-pharmacy-locations/Oregon/Clackamas
Oregon,Corvallis,https://www.cvs.com/store-locator/cvs-pharmacy-locations/Oregon/Corvallis
Oregon,Eugene,https://www.cvs.com/store-locator/cvs-pharmacy-locations/Oregon/Eugene
Oregon,Fairview,https://www.cvs.com/store-locator/cvs-pharmacy-locations/Oregon/Fairview
Oregon,Grants-Pass,https://www.cvs.com/store-locator/cvs-pharmacy-locations/Oregon/Grants-Pass
Oregon,Hillsboro,https://www.cvs.com/store-locator/cvs-pharmacy-locations/Oregon/Hillsboro
Oregon,Keizer,https://www.cvs.com/store-locator/cvs-pharmacy-locations/Oregon/Keizer
Oregon,Lake-Oswego,https://www.cvs.com/store-locator/cvs-pharmacy-locations/Oregon/Lake-Oswego
Oregon,Medford,https://www.cvs.com/store-locator/cvs-pharmacy-locations/Oregon/Medford
Oregon,Portland,https://www.cvs.com/store-locator/cvs-pharmacy-locations/Oregon/Portland
Oregon,Prineville,https://www.cvs.com/store-locator/cvs-pharmacy-locations/Oregon/Prineville
Oregon,Redmond,https://www.cvs.com/store-locator/cvs-pharmacy-locations/Oregon/Redmond
Oregon,Salem,https://www.cvs.com/store-locator/cvs-pharmacy-locations/Oregon/Salem
Oregon,Sherwood,https://www.cvs.com/store-locator/cvs-pharmacy-locations/Oregon/Sherwood
Oregon,Springfield,https://www.cvs.com/store-locator/cvs-pharmacy-locations/Oregon/Springfield
Oregon,Tigard,https://www.cvs.com/store-locator/cvs-pharmacy-locations/Oregon/Tigard
Oregon,Wilsonville,https://www.cvs.com/store-locator/cvs-pharmacy-locations/Oregon/Wilsonville
Pennsylvania,Abington,https://www.cvs.com/store-locator/cvs-pharmacy-locations/Pennsylvania/Abington
Pennsylvania,Aliquippa,https://www.cvs.com/store-locator/cvs-pharmacy-locations/Pennsylvania/Aliquippa
Pennsylvania,Allentown,https://www.cvs.com/store-locator/cvs-pharmacy-locations/Pennsylvania/Allentown
Pennsylvania,Allison-Park,https://www.cvs.com/store-locator/cvs-pharmacy-locations/Pennsylvania/Allison-Park
Pennsylvania,Altoona,https://www.cvs.com/store-locator/cvs-pharmacy-locations/Pennsylvania/Altoona
Pennsylvania,Ambler,https://www.cvs.com/store-locator/cvs-pharmacy-locations/Pennsylvania/Ambler
Pennsylvania,Ambridge,https://www.cvs.com/store-locator/cvs-pharmacy-locations/Pennsylvania/Ambridge
Pennsylvania,Ardmore,https://www.cvs.com/store-locator/cvs-pharmacy-locations/Pennsylvania/Ardmore
Pennsylvania,Aston,https://www.cvs.com/store-locator/cvs-pharmacy-locations/Pennsylvania/Aston
Pennsylvania,Audubon,https://www.cvs.com/store-locator/cvs-pharmacy-locations/Pennsylvania/Audubon
Pennsylvania,Bala-Cynwyd,https://www.cvs.com/store-locator/cvs-pharmacy-locations/Pennsylvania/Bala-Cynwyd
Pennsylvania,Bangor,https://www.cvs.com/store-locator/cvs-pharmacy-locations/Pennsylvania/Bangor
Pennsylvania,Beaver-Falls,https://www.cvs.com/store-locator/cvs-pharmacy-locations/Pennsylvania/Beaver-Falls
Pennsylvania,Bedford,https://www.cvs.com/store-locator/cvs-pharmacy-locations/Pennsylvania/Bedford
Pennsylvania,Belle-Vernon,https://www.cvs.com/store-locator/cvs-pharmacy-locations/Pennsylvania/Belle-Vernon
Pennsylvania,Bellefonte,https://www.cvs.com/store-locator/cvs-pharmacy-locations/Pennsylvania/Bellefonte
Pennsylvania,Bellevue,https://www.cvs.com/store-locator/cvs-pharmacy-locations/Pennsylvania/Bellevue
Pennsylvania,Bensalem,https://www.cvs.com/store-locator/cvs-pharmacy-locations/Pennsylvania/Bensalem
Pennsylvania,Berwick,https://www.cvs.com/store-locator/cvs-pharmacy-locations/Pennsylvania/Berwick
Pennsylvania,Bethel-Park,https://www.cvs.com/store-locator/cvs-pharmacy-locations/Pennsylvania/Bethel-Park
Pennsylvania,Bethlehem,https://www.cvs.com/store-locator/cvs-pharmacy-locations/Pennsylvania/Bethlehem
Pennsylvania,Blakeslee,https://www.cvs.com/store-locator/cvs-pharmacy-locations/Pennsylvania/Blakeslee
Pennsylvania,Blandon,https://www.cvs.com/store-locator/cvs-pharmacy-locations/Pennsylvania/Blandon
Pennsylvania,Bloomsburg,https://www.cvs.com/store-locator/cvs-pharmacy-locations/Pennsylvania/Bloomsburg
Pennsylvania,Blue-Bell,https://www.cvs.com/store-locator/cvs-pharmacy-locations/Pennsylvania/Blue-Bell
Pennsylvania,Boothwyn,https://www.cvs.com/store-locator/cvs-pharmacy-locations/Pennsylvania/Boothwyn
Pennsylvania,Boyertown,https://www.cvs.com/store-locator/cvs-pharmacy-locations/Pennsylvania/Boyertown
Pennsylvania,Bradford,https://www.cvs.com/store-locator/cvs-pharmacy-locations/Pennsylvania/Bradford
Pennsylvania,Bridgeville,https://www.cvs.com/store-locator/cvs-pharmacy-locations/Pennsylvania/Bridgeville
Pennsylvania,Brodheadsville,https://www.cvs.com/store-locator/cvs-pharmacy-locations/Pennsylvania/Brodheadsville
Pennsylvania,Brookhaven,https://www.cvs.com/store-locator/cvs-pharmacy-locations/Pennsylvania/Brookhaven
Pennsylvania,Broomall,https://www.cvs.com/store-locator/cvs-pharmacy-locations/Pennsylvania/Broomall
Pennsylvania,Bryn-Mawr,https://www.cvs.com/store-locator/cvs-pharmacy-locations/Pennsylvania/Bryn-Mawr
Pennsylvania,Burnham,https://www.cvs.com/store-locator/cvs-pharmacy-locations/Pennsylvania/Burnham
Pennsylvania,Butler,https://www.cvs.com/store-locator/cvs-pharmacy-locations/Pennsylvania/Butler
Pennsylvania,Camp-Hill,https://www.cvs.com/store-locator/cvs-pharmacy-locations/Pennsylvania/Camp-Hill
Pennsylvania,Carbondale,https://www.cvs.com/store-locator/cvs-pharmacy-locations/Pennsylvania/Carbondale
Pennsylvania,Carlisle,https://www.cvs.com/store-locator/cvs-pharmacy-locations/Pennsylvania/Carlisle
Pennsylvania,Carnegie,https://www.cvs.com/store-locator/cvs-pharmacy-locations/Pennsylvania/Carnegie
Pennsylvania,Chalfont,https://www.cvs.com/store-locator/cvs-pharmacy-locations/Pennsylvania/Chalfont
Pennsylvania,Chambersburg,https://www.cvs.com/store-locator/cvs-pharmacy-locations/Pennsylvania/Chambersburg
Pennsylvania,Chester-Springs,https://www.cvs.com/store-locator/cvs-pharmacy-locations/Pennsylvania/Chester-Springs
Pennsylvania,Clarion,https://www.cvs.com/store-locator/cvs-pharmacy-locations/Pennsylvania/Clarion
Pennsylvania,Clarks-Summit,https://www.cvs.com/store-locator/cvs-pharmacy-locations/Pennsylvania/Clarks-Summit
Pennsylvania,Clearfield,https://www.cvs.com/store-locator/cvs-pharmacy-locations/Pennsylvania/Clearfield
Pennsylvania,Coatesville,https://www.cvs.com/store-locator/cvs-pharmacy-locations/Pennsylvania/Coatesville
Pennsylvania,Collegeville,https://www.cvs.com/store-locator/cvs-pharmacy-locations/Pennsylvania/Collegeville
Pennsylvania,Columbia,https://www.cvs.com/store-locator/cvs-pharmacy-locations/Pennsylvania/Columbia
Pennsylvania,Conshohocken,https://www.cvs.com/store-locator/cvs-pharmacy-locations/Pennsylvania/Conshohocken
Pennsylvania,Coopersburg,https://www.cvs.com/store-locator/cvs-pharmacy-locations/Pennsylvania/Coopersburg
Pennsylvania,Corry,https://www.cvs.com/store-locator/cvs-pharmacy-locations/Pennsylvania/Corry
Pennsylvania,Cranberry-Township,https://www.cvs.com/store-locator/cvs-pharmacy-locations/Pennsylvania/Cranberry-Township
Pennsylvania,Cresco,https://www.cvs.com/store-locator/cvs-pharmacy-locations/Pennsylvania/Cresco
Pennsylvania,Croydon,https://www.cvs.com/store-locator/cvs-pharmacy-locations/Pennsylvania/Croydon
Pennsylvania,Dallas,https://www.cvs.com/store-locator/cvs-pharmacy-locations/Pennsylvania/Dallas
Pennsylvania,Danville,https://www.cvs.com/store-locator/cvs-pharmacy-locations/Pennsylvania/Danville
Pennsylvania,Dickson-City,https://www.cvs.com/store-locator/cvs-pharmacy-locations/Pennsylvania/Dickson-City
Pennsylvania,Douglassville,https://www.cvs.com/store-locator/cvs-pharmacy-locations/Pennsylvania/Douglassville
Pennsylvania,Dover,https://www.cvs.com/store-locator/cvs-pharmacy-locations/Pennsylvania/Dover
Pennsylvania,Downingtown,https://www.cvs.com/store-locator/cvs-pharmacy-locations/Pennsylvania/Downingtown
Pennsylvania,Doylestown,https://www.cvs.com/store-locator/cvs-pharmacy-locations/Pennsylvania/Doylestown
Pennsylvania,Dresher,https://www.cvs.com/store-locator/cvs-pharmacy-locations/Pennsylvania/Dresher
Pennsylvania,Drexel-Hill,https://www.cvs.com/store-locator/cvs-pharmacy-locations/Pennsylvania/Drexel-Hill
Pennsylvania,Dubois,https://www.cvs.com/store-locator/cvs-pharmacy-locations/Pennsylvania/Dubois
Pennsylvania,Dunmore,https://www.cvs.com/store-locator/cvs-pharmacy-locations/Pennsylvania/Dunmore
Pennsylvania,East-Stroudsburg,https://www.cvs.com/store-locator/cvs-pharmacy-locations/Pennsylvania/East-Stroudsburg
Pennsylvania,Easton,https://www.cvs.com/store-locator/cvs-pharmacy-locations/Pennsylvania/Easton
Pennsylvania,Edinboro,https://www.cvs.com/store-locator/cvs-pharmacy-locations/Pennsylvania/Edinboro
Pennsylvania,Effort,https://www.cvs.com/store-locator/cvs-pharmacy-locations/Pennsylvania/Effort
Pennsylvania,Elizabethtown,https://www.cvs.com/store-locator/cvs-pharmacy-locations/Pennsylvania/Elizabethtown
Pennsylvania,Elizabethville,https://www.cvs.com/store-locator/cvs-pharmacy-locations/Pennsylvania/Elizabethville
Pennsylvania,Ellwood-City,https://www.cvs.com/store-locator/cvs-pharmacy-locations/Pennsylvania/Ellwood-City
Pennsylvania,Emmaus,https://www.cvs.com/store-locator/cvs-pharmacy-locations/Pennsylvania/Emmaus
Pennsylvania,Enola,https://www.cvs.com/store-locator/cvs-pharmacy-locations/Pennsylvania/Enola
Pennsylvania,Ephrata,https://www.cvs.com/store-locator/cvs-pharmacy-locations/Pennsylvania/Ephrata
Pennsylvania,Erdenheim,https://www.cvs.com/store-locator/cvs-pharmacy-locations/Pennsylvania/Erdenheim
Pennsylvania,Erie,https://www.cvs.com/store-locator/cvs-pharmacy-locations/Pennsylvania/Erie
Pennsylvania,Exeter,https://www.cvs.com/store-locator/cvs-pharmacy-locations/Pennsylvania/Exeter
Pennsylvania,Exton,https://www.cvs.com/store-locator/cvs-pharmacy-locations/Pennsylvania/Exton
Pennsylvania,Fairless-Hills,https://www.cvs.com/store-locator/cvs-pharmacy-locations/Pennsylvania/Fairless-Hills
Pennsylvania,Feasterville,https://www.cvs.com/store-locator/cvs-pharmacy-locations/Pennsylvania/Feasterville
Pennsylvania,Folsom,https://www.cvs.com/store-locator/cvs-pharmacy-locations/Pennsylvania/Folsom
Pennsylvania,Frazer,https://www.cvs.com/store-locator/cvs-pharmacy-locations/Pennsylvania/Frazer
Pennsylvania,Freeland,https://www.cvs.com/store-locator/cvs-pharmacy-locations/Pennsylvania/Freeland
Pennsylvania,Gettysburg,https://www.cvs.com/store-locator/cvs-pharmacy-locations/Pennsylvania/Gettysburg
Pennsylvania,Gibsonia,https://www.cvs.com/store-locator/cvs-pharmacy-locations/Pennsylvania/Gibsonia
Pennsylvania,Gilbertsville,https://www.cvs.com/store-locator/cvs-pharmacy-locations/Pennsylvania/Gilbertsville
Pennsylvania,Glen-Mills,https://www.cvs.com/store-locator/cvs-pharmacy-locations/Pennsylvania/Glen-Mills
Pennsylvania,Glenolden,https://www.cvs.com/store-locator/cvs-pharmacy-locations/Pennsylvania/Glenolden
Pennsylvania,Glenside,https://www.cvs.com/store-locator/cvs-pharmacy-locations/Pennsylvania/Glenside
Pennsylvania,Greencastle,https://www.cvs.com/store-locator/cvs-pharmacy-locations/Pennsylvania/Greencastle
Pennsylvania,Greensburg,https://www.cvs.com/store-locator/cvs-pharmacy-locations/Pennsylvania/Greensburg
Pennsylvania,Hanover,https://www.cvs.com/store-locator/cvs-pharmacy-locations/Pennsylvania/Hanover
Pennsylvania,Harrisburg,https://www.cvs.com/store-locator/cvs-pharmacy-locations/Pennsylvania/Harrisburg
Pennsylvania,Hatfield,https://www.cvs.com/store-locator/cvs-pharmacy-locations/Pennsylvania/Hatfield
Pennsylvania,Havertown,https://www.cvs.com/store-locator/cvs-pharmacy-locations/Pennsylvania/Havertown
Pennsylvania,Hawley,https://www.cvs.com/store-locator/cvs-pharmacy-locations/Pennsylvania/Hawley
Pennsylvania,Hazle-Township,https://www.cvs.com/store-locator/cvs-pharmacy-locations/Pennsylvania/Hazle-Township
Pennsylvania,Hazleton,https://www.cvs.com/store-locator/cvs-pharmacy-locations/Pennsylvania/Hazleton
Pennsylvania,Hellertown,https://www.cvs.com/store-locator/cvs-pharmacy-locations/Pennsylvania/Hellertown
Pennsylvania,Hershey,https://www.cvs.com/store-locator/cvs-pharmacy-locations/Pennsylvania/Hershey
Pennsylvania,Homestead,https://www.cvs.com/store-locator/cvs-pharmacy-locations/Pennsylvania/Homestead
Pennsylvania,Honesdale,https://www.cvs.com/store-locator/cvs-pharmacy-locations/Pennsylvania/Honesdale
Pennsylvania,Horsham,https://www.cvs.com/store-locator/cvs-pharmacy-locations/Pennsylvania/Horsham
Pennsylvania,Hummelstown,https://www.cvs.com/store-locator/cvs-pharmacy-locations/Pennsylvania/Hummelstown
Pennsylvania,Huntingdon-Valley,https://www.cvs.com/store-locator/cvs-pharmacy-locations/Pennsylvania/Huntingdon-Valley
Pennsylvania,Indiana,https://www.cvs.com/store-locator/cvs-pharmacy-locations/Pennsylvania/Indiana
Pennsylvania,Jamison,https://www.cvs.com/store-locator/cvs-pharmacy-locations/Pennsylvania/Jamison
Pennsylvania,Jenkintown,https://www.cvs.com/store-locator/cvs-pharmacy-locations/Pennsylvania/Jenkintown
Pennsylvania,Jersey-Shore,https://www.cvs.com/store-locator/cvs-pharmacy-locations/Pennsylvania/Jersey-Shore
Pennsylvania,Johnsonburg,https://www.cvs.com/store-locator/cvs-pharmacy-locations/Pennsylvania/Johnsonburg
Pennsylvania,Johnstown,https://www.cvs.com/store-locator/cvs-pharmacy-locations/Pennsylvania/Johnstown
Pennsylvania,Kennett-Square,https://www.cvs.com/store-locator/cvs-pharmacy-locations/Pennsylvania/Kennett-Square
Pennsylvania,King-Of-Prussia,https://www.cvs.com/store-locator/cvs-pharmacy-locations/Pennsylvania/King-Of-Prussia
Pennsylvania,Kingston,https://www.cvs.com/store-locator/cvs-pharmacy-locations/Pennsylvania/Kingston
Pennsylvania,Kutztown,https://www.cvs.com/store-locator/cvs-pharmacy-locations/Pennsylvania/Kutztown
Pennsylvania,Lake-Ariel,https://www.cvs.com/store-locator/cvs-pharmacy-locations/Pennsylvania/Lake-Ariel
Pennsylvania,Lancaster,https://www.cvs.com/store-locator/cvs-pharmacy-locations/Pennsylvania/Lancaster
Pennsylvania,Landenberg,https://www.cvs.com/store-locator/cvs-pharmacy-locations/Pennsylvania/Landenberg
Pennsylvania,Landisville,https://www.cvs.com/store-locator/cvs-pharmacy-locations/Pennsylvania/Landisville
Pennsylvania,Langhorne,https://www.cvs.com/store-locator/cvs-pharmacy-locations/Pennsylvania/Langhorne
Pennsylvania,Lansdale,https://www.cvs.com/store-locator/cvs-pharmacy-locations/Pennsylvania/Lansdale
Pennsylvania,Lansdowne,https://www.cvs.com/store-locator/cvs-pharmacy-locations/Pennsylvania/Lansdowne
Pennsylvania,Latrobe,https://www.cvs.com/store-locator/cvs-pharmacy-locations/Pennsylvania/Latrobe
Pennsylvania,Lebanon,https://www.cvs.com/store-locator/cvs-pharmacy-locations/Pennsylvania/Lebanon
Pennsylvania,Leesport,https://www.cvs.com/store-locator/cvs-pharmacy-locations/Pennsylvania/Leesport
Pennsylvania,Lemoyne,https://www.cvs.com/store-locator/cvs-pharmacy-locations/Pennsylvania/Lemoyne
Pennsylvania,Levittown,https://www.cvs.com/store-locator/cvs-pharmacy-locations/Pennsylvania/Levittown
Pennsylvania,Lewisburg,https://www.cvs.com/store-locator/cvs-pharmacy-locations/Pennsylvania/Lewisburg
Pennsylvania,Lewistown,https://www.cvs.com/store-locator/cvs-pharmacy-locations/Pennsylvania/Lewistown
Pennsylvania,Limerick,https://www.cvs.com/store-locator/cvs-pharmacy-locations/Pennsylvania/Limerick
Pennsylvania,Lititz,https://www.cvs.com/store-locator/cvs-pharmacy-locations/Pennsylvania/Lititz
Pennsylvania,Lock-Haven,https://www.cvs.com/store-locator/cvs-pharmacy-locations/Pennsylvania/Lock-Haven
Pennsylvania,Macungie,https://www.cvs.com/store-locator/cvs-pharmacy-locations/Pennsylvania/Macungie
Pennsylvania,Malvern,https://www.cvs.com/store-locator/cvs-pharmacy-locations/Pennsylvania/Malvern
Pennsylvania,Manchester,https://www.cvs.com/store-locator/cvs-pharmacy-locations/Pennsylvania/Manchester
Pennsylvania,Manheim,https://www.cvs.com/store-locator/cvs-pharmacy-locations/Pennsylvania/Manheim
Pennsylvania,Mansfield,https://www.cvs.com/store-locator/cvs-pharmacy-locations/Pennsylvania/Mansfield
Pennsylvania,Maple-Glen,https://www.cvs.com/store-locator/cvs-pharmacy-locations/Pennsylvania/Maple-Glen
Pennsylvania,Mars,https://www.cvs.com/store-locator/cvs-pharmacy-locations/Pennsylvania/Mars
Pennsylvania,Masontown,https://www.cvs.com/store-locator/cvs-pharmacy-locations/Pennsylvania/Masontown
Pennsylvania,Mckees-Rocks,https://www.cvs.com/store-locator/cvs-pharmacy-locations/Pennsylvania/Mckees-Rocks
Pennsylvania,Mcmurray,https://www.cvs.com/store-locator/cvs-pharmacy-locations/Pennsylvania/Mcmurray
Pennsylvania,Meadville,https://www.cvs.com/store-locator/cvs-pharmacy-locations/Pennsylvania/Meadville
Pennsylvania,Mechanicsburg,https://www.cvs.com/store-locator/cvs-pharmacy-locations/Pennsylvania/Mechanicsburg
Pennsylvania,Media,https://www.cvs.com/store-locator/cvs-pharmacy-locations/Pennsylvania/Media
Pennsylvania,Middletown,https://www.cvs.com/store-locator/cvs-pharmacy-locations/Pennsylvania/Middletown
Pennsylvania,Mifflinburg,https://www.cvs.com/store-locator/cvs-pharmacy-locations/Pennsylvania/Mifflinburg
Pennsylvania,Millersburg,https://www.cvs.com/store-locator/cvs-pharmacy-locations/Pennsylvania/Millersburg
Pennsylvania,Milton,https://www.cvs.com/store-locator/cvs-pharmacy-locations/Pennsylvania/Milton
Pennsylvania,Monaca,https://www.cvs.com/store-locator/cvs-pharmacy-locations/Pennsylvania/Monaca
Pennsylvania,Monroeville,https://www.cvs.com/store-locator/cvs-pharmacy-locations/Pennsylvania/Monroeville
Pennsylvania,Morrisville,https://www.cvs.com/store-locator/cvs-pharmacy-locations/Pennsylvania/Morrisville
Pennsylvania,Mount-Carmel,https://www.cvs.com/store-locator/cvs-pharmacy-locations/Pennsylvania/Mount-Carmel
Pennsylvania,Mount-Joy,https://www.cvs.com/store-locator/cvs-pharmacy-locations/Pennsylvania/Mount-Joy
Pennsylvania,Mount-Lebanon,https://www.cvs.com/store-locator/cvs-pharmacy-locations/Pennsylvania/Mount-Lebanon
Pennsylvania,Mount-Pleasant,https://www.cvs.com/store-locator/cvs-pharmacy-locations/Pennsylvania/Mount-Pleasant
Pennsylvania,Muncy,https://www.cvs.com/store-locator/cvs-pharmacy-locations/Pennsylvania/Muncy
Pennsylvania,Nanticoke,https://www.cvs.com/store-locator/cvs-pharmacy-locations/Pennsylvania/Nanticoke
Pennsylvania,Natrona-Heights,https://www.cvs.com/store-locator/cvs-pharmacy-locations/Pennsylvania/Natrona-Heights
Pennsylvania,Nazareth,https://www.cvs.com/store-locator/cvs-pharmacy-locations/Pennsylvania/Nazareth
Pennsylvania,Nesquehoning,https://www.cvs.com/store-locator/cvs-pharmacy-locations/Pennsylvania/Nesquehoning
Pennsylvania,New-Castle,https://www.cvs.com/store-locator/cvs-pharmacy-locations/Pennsylvania/New-Castle
Pennsylvania,New-Cumberland,https://www.cvs.com/store-locator/cvs-pharmacy-locations/Pennsylvania/New-Cumberland
Pennsylvania,New-Holland,https://www.cvs.com/store-locator/cvs-pharmacy-locations/Pennsylvania/New-Holland
Pennsylvania,New-Hope,https://www.cvs.com/store-locator/cvs-pharmacy-locations/Pennsylvania/New-Hope
Pennsylvania,New-Kensington,https://www.cvs.com/store-locator/cvs-pharmacy-locations/Pennsylvania/New-Kensington
Pennsylvania,Newtown,https://www.cvs.com/store-locator/cvs-pharmacy-locations/Pennsylvania/Newtown
Pennsylvania,Newtown-Square,https://www.cvs.com/store-locator/cvs-pharmacy-locations/Pennsylvania/Newtown-Square
Pennsylvania,Norristown,https://www.cvs.com/store-locator/cvs-pharmacy-locations/Pennsylvania/Norristown
Pennsylvania,North-East,https://www.cvs.com/store-locator/cvs-pharmacy-locations/Pennsylvania/North-East
Pennsylvania,North-Huntingdon,https://www.cvs.com/store-locator/cvs-pharmacy-locations/Pennsylvania/North-Huntingdon
Pennsylvania,North-Wales,https://www.cvs.com/store-locator/cvs-pharmacy-locations/Pennsylvania/North-Wales
Pennsylvania,Northampton,https://www.cvs.com/store-locator/cvs-pharmacy-locations/Pennsylvania/Northampton
Pennsylvania,Northumberland,https://www.cvs.com/store-locator/cvs-pharmacy-locations/Pennsylvania/Northumberland
Pennsylvania,Nottingham,https://www.cvs.com/store-locator/cvs-pharmacy-locations/Pennsylvania/Nottingham
Pennsylvania,Oil-City,https://www.cvs.com/store-locator/cvs-pharmacy-locations/Pennsylvania/Oil-City
Pennsylvania,Old-Forge,https://www.cvs.com/store-locator/cvs-pharmacy-locations/Pennsylvania/Old-Forge
Pennsylvania,Ottsville,https://www.cvs.com/store-locator/cvs-pharmacy-locations/Pennsylvania/Ottsville
Pennsylvania,Palmyra,https://www.cvs.com/store-locator/cvs-pharmacy-locations/Pennsylvania/Palmyra
Pennsylvania,Paoli,https://www.cvs.com/store-locator/cvs-pharmacy-locations/Pennsylvania/Paoli
Pennsylvania,Parkesburg,https://www.cvs.com/store-locator/cvs-pharmacy-locations/Pennsylvania/Parkesburg
Pennsylvania,Pennsburg,https://www.cvs.com/store-locator/cvs-pharmacy-locations/Pennsylvania/Pennsburg
Pennsylvania,Perkasie,https://www.cvs.com/store-locator/cvs-pharmacy-locations/Pennsylvania/Perkasie
Pennsylvania,Philadelphia,https://www.cvs.com/store-locator/cvs-pharmacy-locations/Pennsylvania/Philadelphia
Pennsylvania,Philipsburg,https://www.cvs.com/store-locator/cvs-pharmacy-locations/Pennsylvania/Philipsburg
Pennsylvania,Phoenixville,https://www.cvs.com/store-locator/cvs-pharmacy-locations/Pennsylvania/Phoenixville
Pennsylvania,Pittsburgh,https://www.cvs.com/store-locator/cvs-pharmacy-locations/Pennsylvania/Pittsburgh
Pennsylvania,Pittston,https://www.cvs.com/store-locator/cvs-pharmacy-locations/Pennsylvania/Pittston
Pennsylvania,Plymouth-Meeting,https://www.cvs.com/store-locator/cvs-pharmacy-locations/Pennsylvania/Plymouth-Meeting
Pennsylvania,Pocono-Summit,https://www.cvs.com/store-locator/cvs-pharmacy-locations/Pennsylvania/Pocono-Summit
Pennsylvania,Pottstown,https://www.cvs.com/store-locator/cvs-pharmacy-locations/Pennsylvania/Pottstown
Pennsylvania,Pottsville,https://www.cvs.com/store-locator/cvs-pharmacy-locations/Pennsylvania/Pottsville
Pennsylvania,Quakertown,https://www.cvs.com/store-locator/cvs-pharmacy-locations/Pennsylvania/Quakertown
Pennsylvania,Reading,https://www.cvs.com/store-locator/cvs-pharmacy-locations/Pennsylvania/Reading
Pennsylvania,Red-Lion,https://www.cvs.com/store-locator/cvs-pharmacy-locations/Pennsylvania/Red-Lion
Pennsylvania,Richboro,https://www.cvs.com/store-locator/cvs-pharmacy-locations/Pennsylvania/Richboro
Pennsylvania,Richeyville,https://www.cvs.com/store-locator/cvs-pharmacy-locations/Pennsylvania/Richeyville
Pennsylvania,Ridley-Park,https://www.cvs.com/store-locator/cvs-pharmacy-locations/Pennsylvania/Ridley-Park
Pennsylvania,Royersford,https://www.cvs.com/store-locator/cvs-pharmacy-locations/Pennsylvania/Royersford
Pennsylvania,Sayre,https://www.cvs.com/store-locator/cvs-pharmacy-locations/Pennsylvania/Sayre
Pennsylvania,Schnecksville,https://www.cvs.com/store-locator/cvs-pharmacy-locations/Pennsylvania/Schnecksville
Pennsylvania,Schwenksville,https://www.cvs.com/store-locator/cvs-pharmacy-locations/Pennsylvania/Schwenksville
Pennsylvania,Scranton,https://www.cvs.com/store-locator/cvs-pharmacy-locations/Pennsylvania/Scranton
Pennsylvania,Secane,https://www.cvs.com/store-locator/cvs-pharmacy-locations/Pennsylvania/Secane
Pennsylvania,Selinsgrove,https://www.cvs.com/store-locator/cvs-pharmacy-locations/Pennsylvania/Selinsgrove
Pennsylvania,Shamokin,https://www.cvs.com/store-locator/cvs-pharmacy-locations/Pennsylvania/Shamokin
Pennsylvania,Shickshinny,https://www.cvs.com/store-locator/cvs-pharmacy-locations/Pennsylvania/Shickshinny
Pennsylvania,Shippensburg,https://www.cvs.com/store-locator/cvs-pharmacy-locations/Pennsylvania/Shippensburg
Pennsylvania,Shoemakersville,https://www.cvs.com/store-locator/cvs-pharmacy-locations/Pennsylvania/Shoemakersville
Pennsylvania,Shrewsbury,https://www.cvs.com/store-locator/cvs-pharmacy-locations/Pennsylvania/Shrewsbury
Pennsylvania,Sinking-Spring,https://www.cvs.com/store-locator/cvs-pharmacy-locations/Pennsylvania/Sinking-Spring
Pennsylvania,Somerset,https://www.cvs.com/store-locator/cvs-pharmacy-locations/Pennsylvania/Somerset
Pennsylvania,Souderton,https://www.cvs.com/store-locator/cvs-pharmacy-locations/Pennsylvania/Souderton
Pennsylvania,South-Williamsport,https://www.cvs.com/store-locator/cvs-pharmacy-locations/Pennsylvania/South-Williamsport
Pennsylvania,Spring-City,https://www.cvs.com/store-locator/cvs-pharmacy-locations/Pennsylvania/Spring-City
Pennsylvania,Spring-House,https://www.cvs.com/store-locator/cvs-pharmacy-locations/Pennsylvania/Spring-House
Pennsylvania,Springfield,https://www.cvs.com/store-locator/cvs-pharmacy-locations/Pennsylvania/Springfield
Pennsylvania,State-College,https://www.cvs.com/store-locator/cvs-pharmacy-locations/Pennsylvania/State-College
Pennsylvania,Stroudsburg,https://www.cvs.com/store-locator/cvs-pharmacy-locations/Pennsylvania/Stroudsburg
Pennsylvania,Sunbury,https://www.cvs.com/store-locator/cvs-pharmacy-locations/Pennsylvania/Sunbury
Pennsylvania,Swarthmore,https://www.cvs.com/store-locator/cvs-pharmacy-locations/Pennsylvania/Swarthmore
Pennsylvania,Swissvale,https://www.cvs.com/store-locator/cvs-pharmacy-locations/Pennsylvania/Swissvale
Pennsylvania,Tannersville,https://www.cvs.com/store-locator/cvs-pharmacy-locations/Pennsylvania/Tannersville
Pennsylvania,Temple,https://www.cvs.com/store-locator/cvs-pharmacy-locations/Pennsylvania/Temple
Pennsylvania,Thorndale,https://www.cvs.com/store-locator/cvs-pharmacy-locations/Pennsylvania/Thorndale
Pennsylvania,Titusville,https://www.cvs.com/store-locator/cvs-pharmacy-locations/Pennsylvania/Titusville
Pennsylvania,Towanda,https://www.cvs.com/store-locator/cvs-pharmacy-locations/Pennsylvania/Towanda
Pennsylvania,Tunkhannock,https://www.cvs.com/store-locator/cvs-pharmacy-locations/Pennsylvania/Tunkhannock
Pennsylvania,Turtle-Creek,https://www.cvs.com/store-locator/cvs-pharmacy-locations/Pennsylvania/Turtle-Creek
Pennsylvania,Uniontown,https://www.cvs.com/store-locator/cvs-pharmacy-locations/Pennsylvania/Uniontown
Pennsylvania,Warminster,https://www.cvs.com/store-locator/cvs-pharmacy-locations/Pennsylvania/Warminster
Pennsylvania,Warren,https://www.cvs.com/store-locator/cvs-pharmacy-locations/Pennsylvania/Warren
Pennsylvania,Warrington,https://www.cvs.com/store-locator/cvs-pharmacy-locations/Pennsylvania/Warrington
Pennsylvania,Washington,https://www.cvs.com/store-locator/cvs-pharmacy-locations/Pennsylvania/Washington
Pennsylvania,Wayne,https://www.cvs.com/store-locator/cvs-pharmacy-locations/Pennsylvania/Wayne
Pennsylvania,Waynesboro,https://www.cvs.com/store-locator/cvs-pharmacy-locations/Pennsylvania/Waynesboro
Pennsylvania,Waynesburg,https://www.cvs.com/store-locator/cvs-pharmacy-locations/Pennsylvania/Waynesburg
Pennsylvania,Wellsboro,https://www.cvs.com/store-locator/cvs-pharmacy-locations/Pennsylvania/Wellsboro
Pennsylvania,West-Chester,https://www.cvs.com/store-locator/cvs-pharmacy-locations/Pennsylvania/West-Chester
Pennsylvania,West-Grove,https://www.cvs.com/store-locator/cvs-pharmacy-locations/Pennsylvania/West-Grove
Pennsylvania,Wexford,https://www.cvs.com/store-locator/cvs-pharmacy-locations/Pennsylvania/Wexford
Pennsylvania,Whitehall,https://www.cvs.com/store-locator/cvs-pharmacy-locations/Pennsylvania/Whitehall
Pennsylvania,Wilkes-Barre,https://www.cvs.com/store-locator/cvs-pharmacy-locations/Pennsylvania/Wilkes-Barre
Pennsylvania,Williamsport,https://www.cvs.com/store-locator/cvs-pharmacy-locations/Pennsylvania/Williamsport
Pennsylvania,Willow-Grove,https://www.cvs.com/store-locator/cvs-pharmacy-locations/Pennsylvania/Willow-Grove
Pennsylvania,Wind-Gap,https://www.cvs.com/store-locator/cvs-pharmacy-locations/Pennsylvania/Wind-Gap
Pennsylvania,Womelsdorf,https://www.cvs.com/store-locator/cvs-pharmacy-locations/Pennsylvania/Womelsdorf
Pennsylvania,Wyncote,https://www.cvs.com/store-locator/cvs-pharmacy-locations/Pennsylvania/Wyncote
Pennsylvania,Wynnewood,https://www.cvs.com/store-locator/cvs-pharmacy-locations/Pennsylvania/Wynnewood
Pennsylvania,Wyoming,https://www.cvs.com/store-locator/cvs-pharmacy-locations/Pennsylvania/Wyoming
Pennsylvania,Wyomissing,https://www.cvs.com/store-locator/cvs-pharmacy-locations/Pennsylvania/Wyomissing
Pennsylvania,Yardley,https://www.cvs.com/store-locator/cvs-pharmacy-locations/Pennsylvania/Yardley
Pennsylvania,Yeadon,https://www.cvs.com/store-locator/cvs-pharmacy-locations/Pennsylvania/Yeadon
Pennsylvania,York,https://www.cvs.com/store-locator/cvs-pharmacy-locations/Pennsylvania/York
Pennsylvania,Zieglersville,https://www.cvs.com/store-locator/cvs-pharmacy-locations/Pennsylvania/Zieglersville
Rhode-Island,Barrington,https://www.cvs.com/store-locator/cvs-pharmacy-locations/Rhode-Island/Barrington
Rhode-Island,Bristol,https://www.cvs.com/store-locator/cvs-pharmacy-locations/Rhode-Island/Bristol
Rhode-Island,Central-Falls,https://www.cvs.com/store-locator/cvs-pharmacy-locations/Rhode-Island/Central-Falls
Rhode-Island,Charlestown,https://www.cvs.com/store-locator/cvs-pharmacy-locations/Rhode-Island/Charlestown
Rhode-Island,Coventry,https://www.cvs.com/store-locator/cvs-pharmacy-locations/Rhode-Island/Coventry
Rhode-Island,Cranston,https://www.cvs.com/store-locator/cvs-pharmacy-locations/Rhode-Island/Cranston
Rhode-Island,Cumberland,https://www.cvs.com/store-locator/cvs-pharmacy-locations/Rhode-Island/Cumberland
Rhode-Island,East-Greenwich,https://www.cvs.com/store-locator/cvs-pharmacy-locations/Rhode-Island/East-Greenwich
Rhode-Island,East-Providence,https://www.cvs.com/store-locator/cvs-pharmacy-locations/Rhode-Island/East-Providence
Rhode-Island,Glocester,https://www.cvs.com/store-locator/cvs-pharmacy-locations/Rhode-Island/Glocester
Rhode-Island,Greenville,https://www.cvs.com/store-locator/cvs-pharmacy-locations/Rhode-Island/Greenville
Rhode-Island,Johnston,https://www.cvs.com/store-locator/cvs-pharmacy-locations/Rhode-Island/Johnston
Rhode-Island,Kingston,https://www.cvs.com/store-locator/cvs-pharmacy-locations/Rhode-Island/Kingston
Rhode-Island,Lincoln,https://www.cvs.com/store-locator/cvs-pharmacy-locations/Rhode-Island/Lincoln
Rhode-Island,Middletown,https://www.cvs.com/store-locator/cvs-pharmacy-locations/Rhode-Island/Middletown
Rhode-Island,Narragansett,https://www.cvs.com/store-locator/cvs-pharmacy-locations/Rhode-Island/Narragansett
Rhode-Island,Newport,https://www.cvs.com/store-locator/cvs-pharmacy-locations/Rhode-Island/Newport
Rhode-Island,North-Kingstown,https://www.cvs.com/store-locator/cvs-pharmacy-locations/Rhode-Island/North-Kingstown
Rhode-Island,North-Providence,https://www.cvs.com/store-locator/cvs-pharmacy-locations/Rhode-Island/North-Providence
Rhode-Island,North-Smithfield,https://www.cvs.com/store-locator/cvs-pharmacy-locations/Rhode-Island/North-Smithfield
Rhode-Island,Pascoag,https://www.cvs.com/store-locator/cvs-pharmacy-locations/Rhode-Island/Pascoag
Rhode-Island,Pawtucket,https://www.cvs.com/store-locator/cvs-pharmacy-locations/Rhode-Island/Pawtucket
Rhode-Island,Portsmouth,https://www.cvs.com/store-locator/cvs-pharmacy-locations/Rhode-Island/Portsmouth
Rhode-Island,Providence,https://www.cvs.com/store-locator/cvs-pharmacy-locations/Rhode-Island/Providence
Rhode-Island,Riverside,https://www.cvs.com/store-locator/cvs-pharmacy-locations/Rhode-Island/Riverside
Rhode-Island,Rumford,https://www.cvs.com/store-locator/cvs-pharmacy-locations/Rhode-Island/Rumford
Rhode-Island,Smithfield,https://www.cvs.com/store-locator/cvs-pharmacy-locations/Rhode-Island/Smithfield
Rhode-Island,Tiverton,https://www.cvs.com/store-locator/cvs-pharmacy-locations/Rhode-Island/Tiverton
Rhode-Island,Wakefield,https://www.cvs.com/store-locator/cvs-pharmacy-locations/Rhode-Island/Wakefield
Rhode-Island,Warren,https://www.cvs.com/store-locator/cvs-pharmacy-locations/Rhode-Island/Warren
Rhode-Island,Warwick,https://www.cvs.com/store-locator/cvs-pharmacy-locations/Rhode-Island/Warwick
Rhode-Island,West-Warwick,https://www.cvs.com/store-locator/cvs-pharmacy-locations/Rhode-Island/West-Warwick
Rhode-Island,Westerly,https://www.cvs.com/store-locator/cvs-pharmacy-locations/Rhode-Island/Westerly
Rhode-Island,Woonsocket,https://www.cvs.com/store-locator/cvs-pharmacy-locations/Rhode-Island/Woonsocket
Rhode-Island,Wyoming,https://www.cvs.com/store-locator/cvs-pharmacy-locations/Rhode-Island/Wyoming
South-Carolina,Abbeville,https://www.cvs.com/store-locator/cvs-pharmacy-locations/South-Carolina/Abbeville
South-Carolina,Aiken,https://www.cvs.com/store-locator/cvs-pharmacy-locations/South-Carolina/Aiken
South-Carolina,Anderson,https://www.cvs.com/store-locator/cvs-pharmacy-locations/South-Carolina/Anderson
South-Carolina,Barnwell,https://www.cvs.com/store-locator/cvs-pharmacy-locations/South-Carolina/Barnwell
South-Carolina,Batesburg,https://www.cvs.com/store-locator/cvs-pharmacy-locations/South-Carolina/Batesburg
South-Carolina,Beech-Island,https://www.cvs.com/store-locator/cvs-pharmacy-locations/South-Carolina/Beech-Island
South-Carolina,Belton,https://www.cvs.com/store-locator/cvs-pharmacy-locations/South-Carolina/Belton
South-Carolina,Bennettsville,https://www.cvs.com/store-locator/cvs-pharmacy-locations/South-Carolina/Bennettsville
South-Carolina,Bishopville,https://www.cvs.com/store-locator/cvs-pharmacy-locations/South-Carolina/Bishopville
South-Carolina,Bluffton,https://www.cvs.com/store-locator/cvs-pharmacy-locations/South-Carolina/Bluffton
South-Carolina,Boiling-Springs,https://www.cvs.com/store-locator/cvs-pharmacy-locations/South-Carolina/Boiling-Springs
South-Carolina,Camden,https://www.cvs.com/store-locator/cvs-pharmacy-locations/South-Carolina/Camden
South-Carolina,Cayce,https://www.cvs.com/store-locator/cvs-pharmacy-locations/South-Carolina/Cayce
South-Carolina,Charleston,https://www.cvs.com/store-locator/cvs-pharmacy-locations/South-Carolina/Charleston
South-Carolina,Cheraw,https://www.cvs.com/store-locator/cvs-pharmacy-locations/South-Carolina/Cheraw
South-Carolina,Chesnee,https://www.cvs.com/store-locator/cvs-pharmacy-locations/South-Carolina/Chesnee
South-Carolina,Chester,https://www.cvs.com/store-locator/cvs-pharmacy-locations/South-Carolina/Chester
South-Carolina,Clemson,https://www.cvs.com/store-locator/cvs-pharmacy-locations/South-Carolina/Clemson
South-Carolina,Clinton,https://www.cvs.com/store-locator/cvs-pharmacy-locations/South-Carolina/Clinton
South-Carolina,Clover,https://www.cvs.com/store-locator/cvs-pharmacy-locations/South-Carolina/Clover
South-Carolina,Columbia,https://www.cvs.com/store-locator/cvs-pharmacy-locations/South-Carolina/Columbia
South-Carolina,Conway,https://www.cvs.com/store-locator/cvs-pharmacy-locations/South-Carolina/Conway
South-Carolina,Darlington,https://www.cvs.com/store-locator/cvs-pharmacy-locations/South-Carolina/Darlington
South-Carolina,Denmark,https://www.cvs.com/store-locator/cvs-pharmacy-locations/South-Carolina/Denmark
South-Carolina,Dillon,https://www.cvs.com/store-locator/cvs-pharmacy-locations/South-Carolina/Dillon
South-Carolina,Easley,https://www.cvs.com/store-locator/cvs-pharmacy-locations/South-Carolina/Easley
South-Carolina,Edgefield,https://www.cvs.com/store-locator/cvs-pharmacy-locations/South-Carolina/Edgefield
South-Carolina,Florence,https://www.cvs.com/store-locator/cvs-pharmacy-locations/South-Carolina/Florence
South-Carolina,Fort-Mill,https://www.cvs.com/store-locator/cvs-pharmacy-locations/South-Carolina/Fort-Mill
South-Carolina,Fountain-Inn,https://www.cvs.com/store-locator/cvs-pharmacy-locations/South-Carolina/Fountain-Inn
South-Carolina,Gaffney,https://www.cvs.com/store-locator/cvs-pharmacy-locations/South-Carolina/Gaffney
South-Carolina,Georgetown,https://www.cvs.com/store-locator/cvs-pharmacy-locations/South-Carolina/Georgetown
South-Carolina,Goose-Creek,https://www.cvs.com/store-locator/cvs-pharmacy-locations/South-Carolina/Goose-Creek
South-Carolina,Greenville,https://www.cvs.com/store-locator/cvs-pharmacy-locations/South-Carolina/Greenville
South-Carolina,Greenwood,https://www.cvs.com/store-locator/cvs-pharmacy-locations/South-Carolina/Greenwood
South-Carolina,Greer,https://www.cvs.com/store-locator/cvs-pharmacy-locations/South-Carolina/Greer
South-Carolina,Hampton,https://www.cvs.com/store-locator/cvs-pharmacy-locations/South-Carolina/Hampton
South-Carolina,Hardeeville,https://www.cvs.com/store-locator/cvs-pharmacy-locations/South-Carolina/Hardeeville
South-Carolina,Hartsville,https://www.cvs.com/store-locator/cvs-pharmacy-locations/South-Carolina/Hartsville
South-Carolina,Hemingway,https://www.cvs.com/store-locator/cvs-pharmacy-locations/South-Carolina/Hemingway
South-Carolina,Hilton-Head-Island,https://www.cvs.com/store-locator/cvs-pharmacy-locations/South-Carolina/Hilton-Head-Island
South-Carolina,Holly-Hill,https://www.cvs.com/store-locator/cvs-pharmacy-locations/South-Carolina/Holly-Hill
South-Carolina,Honea-Path,https://www.cvs.com/store-locator/cvs-pharmacy-locations/South-Carolina/Honea-Path
South-Carolina,Indian-Land,https://www.cvs.com/store-locator/cvs-pharmacy-locations/South-Carolina/Indian-Land
South-Carolina,Inman,https://www.cvs.com/store-locator/cvs-pharmacy-locations/South-Carolina/Inman
South-Carolina,Irmo,https://www.cvs.com/store-locator/cvs-pharmacy-locations/South-Carolina/Irmo
South-Carolina,Johns-Island,https://www.cvs.com/store-locator/cvs-pharmacy-locations/South-Carolina/Johns-Island
South-Carolina,Kingstree,https://www.cvs.com/store-locator/cvs-pharmacy-locations/South-Carolina/Kingstree
South-Carolina,Lake-City,https://www.cvs.com/store-locator/cvs-pharmacy-locations/South-Carolina/Lake-City
South-Carolina,Lancaster,https://www.cvs.com/store-locator/cvs-pharmacy-locations/South-Carolina/Lancaster
South-Carolina,Landrum,https://www.cvs.com/store-locator/cvs-pharmacy-locations/South-Carolina/Landrum
South-Carolina,Lexington,https://www.cvs.com/store-locator/cvs-pharmacy-locations/South-Carolina/Lexington
South-Carolina,Liberty,https://www.cvs.com/store-locator/cvs-pharmacy-locations/South-Carolina/Liberty
South-Carolina,Little-River,https://www.cvs.com/store-locator/cvs-pharmacy-locations/South-Carolina/Little-River
South-Carolina,Loris,https://www.cvs.com/store-locator/cvs-pharmacy-locations/South-Carolina/Loris
South-Carolina,Lyman,https://www.cvs.com/store-locator/cvs-pharmacy-locations/South-Carolina/Lyman
South-Carolina,Manning,https://www.cvs.com/store-locator/cvs-pharmacy-locations/South-Carolina/Manning
South-Carolina,Marion,https://www.cvs.com/store-locator/cvs-pharmacy-locations/South-Carolina/Marion
South-Carolina,Mauldin,https://www.cvs.com/store-locator/cvs-pharmacy-locations/South-Carolina/Mauldin
South-Carolina,Moncks-Corner,https://www.cvs.com/store-locator/cvs-pharmacy-locations/South-Carolina/Moncks-Corner
South-Carolina,Moore,https://www.cvs.com/store-locator/cvs-pharmacy-locations/South-Carolina/Moore
South-Carolina,Mount-Pleasant,https://www.cvs.com/store-locator/cvs-pharmacy-locations/South-Carolina/Mount-Pleasant
South-Carolina,Mullins,https://www.cvs.com/store-locator/cvs-pharmacy-locations/South-Carolina/Mullins
South-Carolina,Murrells-Inlet,https://www.cvs.com/store-locator/cvs-pharmacy-locations/South-Carolina/Murrells-Inlet
South-Carolina,Myrtle-Beach,https://www.cvs.com/store-locator/cvs-pharmacy-locations/South-Carolina/Myrtle-Beach
South-Carolina,Newberry,https://www.cvs.com/store-locator/cvs-pharmacy-locations/South-Carolina/Newberry
South-Carolina,North-Augusta,https://www.cvs.com/store-locator/cvs-pharmacy-locations/South-Carolina/North-Augusta
South-Carolina,North-Charleston,https://www.cvs.com/store-locator/cvs-pharmacy-locations/South-Carolina/North-Charleston
South-Carolina,North-Myrtle-Beach,https://www.cvs.com/store-locator/cvs-pharmacy-locations/South-Carolina/North-Myrtle-Beach
South-Carolina,Orangeburg,https://www.cvs.com/store-locator/cvs-pharmacy-locations/South-Carolina/Orangeburg
South-Carolina,Pageland,https://www.cvs.com/store-locator/cvs-pharmacy-locations/South-Carolina/Pageland
South-Carolina,Pawleys-Island,https://www.cvs.com/store-locator/cvs-pharmacy-locations/South-Carolina/Pawleys-Island
South-Carolina,Pelzer,https://www.cvs.com/store-locator/cvs-pharmacy-locations/South-Carolina/Pelzer
South-Carolina,Pendleton,https://www.cvs.com/store-locator/cvs-pharmacy-locations/South-Carolina/Pendleton
South-Carolina,Pickens,https://www.cvs.com/store-locator/cvs-pharmacy-locations/South-Carolina/Pickens
South-Carolina,Piedmont,https://www.cvs.com/store-locator/cvs-pharmacy-locations/South-Carolina/Piedmont
South-Carolina,Port-Royal,https://www.cvs.com/store-locator/cvs-pharmacy-locations/South-Carolina/Port-Royal
South-Carolina,Ravenel,https://www.cvs.com/store-locator/cvs-pharmacy-locations/South-Carolina/Ravenel
South-Carolina,Rock-Hill,https://www.cvs.com/store-locator/cvs-pharmacy-locations/South-Carolina/Rock-Hill
South-Carolina,Saint-George,https://www.cvs.com/store-locator/cvs-pharmacy-locations/South-Carolina/Saint-George
South-Carolina,Saluda,https://www.cvs.com/store-locator/cvs-pharmacy-locations/South-Carolina/Saluda
South-Carolina,Santee,https://www.cvs.com/store-locator/cvs-pharmacy-locations/South-Carolina/Santee
South-Carolina,Seneca,https://www.cvs.com/store-locator/cvs-pharmacy-locations/South-Carolina/Seneca
South-Carolina,Simpsonville,https://www.cvs.com/store-locator/cvs-pharmacy-locations/South-Carolina/Simpsonville
South-Carolina,Spartanburg,https://www.cvs.com/store-locator/cvs-pharmacy-locations/South-Carolina/Spartanburg
South-Carolina,Summerville,https://www.cvs.com/store-locator/cvs-pharmacy-locations/South-Carolina/Summerville
South-Carolina,Sumter,https://www.cvs.com/store-locator/cvs-pharmacy-locations/South-Carolina/Sumter
South-Carolina,Surfside-Beach,https://www.cvs.com/store-locator/cvs-pharmacy-locations/South-Carolina/Surfside-Beach
South-Carolina,Taylors,https://www.cvs.com/store-locator/cvs-pharmacy-locations/South-Carolina/Taylors
South-Carolina,Travelers-Rest,https://www.cvs.com/store-locator/cvs-pharmacy-locations/South-Carolina/Travelers-Rest
South-Carolina,Union,https://www.cvs.com/store-locator/cvs-pharmacy-locations/South-Carolina/Union
South-Carolina,Walterboro,https://www.cvs.com/store-locator/cvs-pharmacy-locations/South-Carolina/Walterboro
South-Carolina,West-Columbia,https://www.cvs.com/store-locator/cvs-pharmacy-locations/South-Carolina/West-Columbia
South-Carolina,West-Union,https://www.cvs.com/store-locator/cvs-pharmacy-locations/South-Carolina/West-Union
South-Carolina,Winnsboro,https://www.cvs.com/store-locator/cvs-pharmacy-locations/South-Carolina/Winnsboro
South-Carolina,Woodruff,https://www.cvs.com/store-locator/cvs-pharmacy-locations/South-Carolina/Woodruff
South-Dakota,Brookings,https://www.cvs.com/store-locator/cvs-pharmacy-locations/South-Dakota/Brookings
South-Dakota,Rapid-City,https://www.cvs.com/store-locator/cvs-pharmacy-locations/South-Dakota/Rapid-City
South-Dakota,Sioux-Falls,https://www.cvs.com/store-locator/cvs-pharmacy-locations/South-Dakota/Sioux-Falls
Tennessee,Alcoa,https://www.cvs.com/store-locator/cvs-pharmacy-locations/Tennessee/Alcoa
Tennessee,Arlington,https://www.cvs.com/store-locator/cvs-pharmacy-locations/Tennessee/Arlington
Tennessee,Athens,https://www.cvs.com/store-locator/cvs-pharmacy-locations/Tennessee/Athens
Tennessee,Bartlett,https://www.cvs.com/store-locator/cvs-pharmacy-locations/Tennessee/Bartlett
Tennessee,Brentwood,https://www.cvs.com/store-locator/cvs-pharmacy-locations/Tennessee/Brentwood
Tennessee,Bristol,https://www.cvs.com/store-locator/cvs-pharmacy-locations/Tennessee/Bristol
Tennessee,Chattanooga,https://www.cvs.com/store-locator/cvs-pharmacy-locations/Tennessee/Chattanooga
Tennessee,Cleveland,https://www.cvs.com/store-locator/cvs-pharmacy-locations/Tennessee/Cleveland
Tennessee,Clinton,https://www.cvs.com/store-locator/cvs-pharmacy-locations/Tennessee/Clinton
Tennessee,Collierville,https://www.cvs.com/store-locator/cvs-pharmacy-locations/Tennessee/Collierville
Tennessee,Columbia,https://www.cvs.com/store-locator/cvs-pharmacy-locations/Tennessee/Columbia
Tennessee,Cookeville,https://www.cvs.com/store-locator/cvs-pharmacy-locations/Tennessee/Cookeville
Tennessee,Cordova,https://www.cvs.com/store-locator/cvs-pharmacy-locations/Tennessee/Cordova
Tennessee,Crossville,https://www.cvs.com/store-locator/cvs-pharmacy-locations/Tennessee/Crossville
Tennessee,Decherd,https://www.cvs.com/store-locator/cvs-pharmacy-locations/Tennessee/Decherd
Tennessee,Dickson,https://www.cvs.com/store-locator/cvs-pharmacy-locations/Tennessee/Dickson
Tennessee,Dresden,https://www.cvs.com/store-locator/cvs-pharmacy-locations/Tennessee/Dresden
Tennessee,Dyersburg,https://www.cvs.com/store-locator/cvs-pharmacy-locations/Tennessee/Dyersburg
Tennessee,Elizabethton,https://www.cvs.com/store-locator/cvs-pharmacy-locations/Tennessee/Elizabethton
Tennessee,Farragut,https://www.cvs.com/store-locator/cvs-pharmacy-locations/Tennessee/Farragut
Tennessee,Franklin,https://www.cvs.com/store-locator/cvs-pharmacy-locations/Tennessee/Franklin
Tennessee,Gallatin,https://www.cvs.com/store-locator/cvs-pharmacy-locations/Tennessee/Gallatin
Tennessee,Germantown,https://www.cvs.com/store-locator/cvs-pharmacy-locations/Tennessee/Germantown
Tennessee,Greeneville,https://www.cvs.com/store-locator/cvs-pharmacy-locations/Tennessee/Greeneville
Tennessee,Harriman,https://www.cvs.com/store-locator/cvs-pharmacy-locations/Tennessee/Harriman
Tennessee,Hendersonville,https://www.cvs.com/store-locator/cvs-pharmacy-locations/Tennessee/Hendersonville
Tennessee,Hermitage,https://www.cvs.com/store-locator/cvs-pharmacy-locations/Tennessee/Hermitage
Tennessee,Hixson,https://www.cvs.com/store-locator/cvs-pharmacy-locations/Tennessee/Hixson
Tennessee,Jackson,https://www.cvs.com/store-locator/cvs-pharmacy-locations/Tennessee/Jackson
Tennessee,Jasper,https://www.cvs.com/store-locator/cvs-pharmacy-locations/Tennessee/Jasper
Tennessee,Jefferson-City,https://www.cvs.com/store-locator/cvs-pharmacy-locations/Tennessee/Jefferson-City
Tennessee,Johnson-City,https://www.cvs.com/store-locator/cvs-pharmacy-locations/Tennessee/Johnson-City
Tennessee,Kingsport,https://www.cvs.com/store-locator/cvs-pharmacy-locations/Tennessee/Kingsport
Tennessee,Knoxville,https://www.cvs.com/store-locator/cvs-pharmacy-locations/Tennessee/Knoxville
Tennessee,La-Follette,https://www.cvs.com/store-locator/cvs-pharmacy-locations/Tennessee/La-Follette
Tennessee,Lawrenceburg,https://www.cvs.com/store-locator/cvs-pharmacy-locations/Tennessee/Lawrenceburg
Tennessee,Lebanon,https://www.cvs.com/store-locator/cvs-pharmacy-locations/Tennessee/Lebanon
Tennessee,Lenoir-City,https://www.cvs.com/store-locator/cvs-pharmacy-locations/Tennessee/Lenoir-City
Tennessee,Madison,https://www.cvs.com/store-locator/cvs-pharmacy-locations/Tennessee/Madison
Tennessee,Madisonville,https://www.cvs.com/store-locator/cvs-pharmacy-locations/Tennessee/Madisonville
Tennessee,Martin,https://www.cvs.com/store-locator/cvs-pharmacy-locations/Tennessee/Martin
Tennessee,Maryville,https://www.cvs.com/store-locator/cvs-pharmacy-locations/Tennessee/Maryville
Tennessee,Memphis,https://www.cvs.com/store-locator/cvs-pharmacy-locations/Tennessee/Memphis
Tennessee,Monteagle,https://www.cvs.com/store-locator/cvs-pharmacy-locations/Tennessee/Monteagle
Tennessee,Morristown,https://www.cvs.com/store-locator/cvs-pharmacy-locations/Tennessee/Morristown
Tennessee,Mount-Juliet,https://www.cvs.com/store-locator/cvs-pharmacy-locations/Tennessee/Mount-Juliet
Tennessee,Murfreesboro,https://www.cvs.com/store-locator/cvs-pharmacy-locations/Tennessee/Murfreesboro
Tennessee,Nashville,https://www.cvs.com/store-locator/cvs-pharmacy-locations/Tennessee/Nashville
Tennessee,Newport,https://www.cvs.com/store-locator/cvs-pharmacy-locations/Tennessee/Newport
Tennessee,Oak-Ridge,https://www.cvs.com/store-locator/cvs-pharmacy-locations/Tennessee/Oak-Ridge
Tennessee,Paris,https://www.cvs.com/store-locator/cvs-pharmacy-locations/Tennessee/Paris
Tennessee,Pigeon-Forge,https://www.cvs.com/store-locator/cvs-pharmacy-locations/Tennessee/Pigeon-Forge
Tennessee,Portland,https://www.cvs.com/store-locator/cvs-pharmacy-locations/Tennessee/Portland
Tennessee,Powell,https://www.cvs.com/store-locator/cvs-pharmacy-locations/Tennessee/Powell
Tennessee,Pulaski,https://www.cvs.com/store-locator/cvs-pharmacy-locations/Tennessee/Pulaski
Tennessee,Rogersville,https://www.cvs.com/store-locator/cvs-pharmacy-locations/Tennessee/Rogersville
Tennessee,Savannah,https://www.cvs.com/store-locator/cvs-pharmacy-locations/Tennessee/Savannah
Tennessee,Sevierville,https://www.cvs.com/store-locator/cvs-pharmacy-locations/Tennessee/Sevierville
Tennessee,Shelbyville,https://www.cvs.com/store-locator/cvs-pharmacy-locations/Tennessee/Shelbyville
Tennessee,Signal-Mountain,https://www.cvs.com/store-locator/cvs-pharmacy-locations/Tennessee/Signal-Mountain
Tennessee,Smyrna,https://www.cvs.com/store-locator/cvs-pharmacy-locations/Tennessee/Smyrna
Tennessee,Soddy-Daisy,https://www.cvs.com/store-locator/cvs-pharmacy-locations/Tennessee/Soddy-Daisy
Tennessee,Spring-Hill,https://www.cvs.com/store-locator/cvs-pharmacy-locations/Tennessee/Spring-Hill
Tennessee,Springfield,https://www.cvs.com/store-locator/cvs-pharmacy-locations/Tennessee/Springfield
Tennessee,Tellico-Plains,https://www.cvs.com/store-locator/cvs-pharmacy-locations/Tennessee/Tellico-Plains
Tennessee,Thompsons-Station,https://www.cvs.com/store-locator/cvs-pharmacy-locations/Tennessee/Thompsons-Station
Tennessee,Trenton,https://www.cvs.com/store-locator/cvs-pharmacy-locations/Tennessee/Trenton
Tennessee,Tullahoma,https://www.cvs.com/store-locator/cvs-pharmacy-locations/Tennessee/Tullahoma
Tennessee,Waverly,https://www.cvs.com/store-locator/cvs-pharmacy-locations/Tennessee/Waverly
Texas,Abilene,https://www.cvs.com/store-locator/cvs-pharmacy-locations/Texas/Abilene
Texas,Addison,https://www.cvs.com/store-locator/cvs-pharmacy-locations/Texas/Addison
Texas,Alamo-Heights,https://www.cvs.com/store-locator/cvs-pharmacy-locations/Texas/Alamo-Heights
Texas,Aledo,https://www.cvs.com/store-locator/cvs-pharmacy-locations/Texas/Aledo
Texas,Allen,https://www.cvs.com/store-locator/cvs-pharmacy-locations/Texas/Allen
Texas,Alvarado,https://www.cvs.com/store-locator/cvs-pharmacy-locations/Texas/Alvarado
Texas,Alvin,https://www.cvs.com/store-locator/cvs-pharmacy-locations/Texas/Alvin
Texas,Amarillo,https://www.cvs.com/store-locator/cvs-pharmacy-locations/Texas/Amarillo
Texas,Angleton,https://www.cvs.com/store-locator/cvs-pharmacy-locations/Texas/Angleton
Texas,Anna,https://www.cvs.com/store-locator/cvs-pharmacy-locations/Texas/Anna
Texas,Argyle,https://www.cvs.com/store-locator/cvs-pharmacy-locations/Texas/Argyle
Texas,Arlington,https://www.cvs.com/store-locator/cvs-pharmacy-locations/Texas/Arlington
Texas,Athens,https://www.cvs.com/store-locator/cvs-pharmacy-locations/Texas/Athens
Texas,Atlanta,https://www.cvs.com/store-locator/cvs-pharmacy-locations/Texas/Atlanta
Texas,Aubrey,https://www.cvs.com/store-locator/cvs-pharmacy-locations/Texas/Aubrey
Texas,Austin,https://www.cvs.com/store-locator/cvs-pharmacy-locations/Texas/Austin
Texas,Azle,https://www.cvs.com/store-locator/cvs-pharmacy-locations/Texas/Azle
Texas,Balch-Springs,https://www.cvs.com/store-locator/cvs-pharmacy-locations/Texas/Balch-Springs
Texas,Balcones-Heights,https://www.cvs.com/store-locator/cvs-pharmacy-locations/Texas/Balcones-Heights
Texas,Bandera,https://www.cvs.com/store-locator/cvs-pharmacy-locations/Texas/Bandera
Texas,Bastrop,https://www.cvs.com/store-locator/cvs-pharmacy-locations/Texas/Bastrop
Texas,Bay-City,https://www.cvs.com/store-locator/cvs-pharmacy-locations/Texas/Bay-City
Texas,Baytown,https://www.cvs.com/store-locator/cvs-pharmacy-locations/Texas/Baytown
Texas,Beaumont,https://www.cvs.com/store-locator/cvs-pharmacy-locations/Texas/Beaumont
Texas,Bedford,https://www.cvs.com/store-locator/cvs-pharmacy-locations/Texas/Bedford
Texas,Bee-Cave,https://www.cvs.com/store-locator/cvs-pharmacy-locations/Texas/Bee-Cave
Texas,Belton,https://www.cvs.com/store-locator/cvs-pharmacy-locations/Texas/Belton
Texas,Benbrook,https://www.cvs.com/store-locator/cvs-pharmacy-locations/Texas/Benbrook
Texas,Borger,https://www.cvs.com/store-locator/cvs-pharmacy-locations/Texas/Borger
Texas,Bowie,https://www.cvs.com/store-locator/cvs-pharmacy-locations/Texas/Bowie
Texas,Brownsville,https://www.cvs.com/store-locator/cvs-pharmacy-locations/Texas/Brownsville
Texas,Brownwood,https://www.cvs.com/store-locator/cvs-pharmacy-locations/Texas/Brownwood
Texas,Bryan,https://www.cvs.com/store-locator/cvs-pharmacy-locations/Texas/Bryan
Texas,Buda,https://www.cvs.com/store-locator/cvs-pharmacy-locations/Texas/Buda
Texas,Burleson,https://www.cvs.com/store-locator/cvs-pharmacy-locations/Texas/Burleson
Texas,Cameron,https://www.cvs.com/store-locator/cvs-pharmacy-locations/Texas/Cameron
Texas,Canton,https://www.cvs.com/store-locator/cvs-pharmacy-locations/Texas/Canton
Texas,Canyon-Lake,https://www.cvs.com/store-locator/cvs-pharmacy-locations/Texas/Canyon-Lake
Texas,Carrollton,https://www.cvs.com/store-locator/cvs-pharmacy-locations/Texas/Carrollton
Texas,Carthage,https://www.cvs.com/store-locator/cvs-pharmacy-locations/Texas/Carthage
Texas,Castle-Hills,https://www.cvs.com/store-locator/cvs-pharmacy-locations/Texas/Castle-Hills
Texas,Cedar-Hill,https://www.cvs.com/store-locator/cvs-pharmacy-locations/Texas/Cedar-Hill
Texas,Cedar-Park,https://www.cvs.com/store-locator/cvs-pharmacy-locations/Texas/Cedar-Park
Texas,Celina,https://www.cvs.com/store-locator/cvs-pharmacy-locations/Texas/Celina
Texas,Center,https://www.cvs.com/store-locator/cvs-pharmacy-locations/Texas/Center
Texas,Channelview,https://www.cvs.com/store-locator/cvs-pharmacy-locations/Texas/Channelview
Texas,Cibolo,https://www.cvs.com/store-locator/cvs-pharmacy-locations/Texas/Cibolo
Texas,Clarksville,https://www.cvs.com/store-locator/cvs-pharmacy-locations/Texas/Clarksville
Texas,Clear-Lake-Shores,https://www.cvs.com/store-locator/cvs-pharmacy-locations/Texas/Clear-Lake-Shores
Texas,Cleburne,https://www.cvs.com/store-locator/cvs-pharmacy-locations/Texas/Cleburne
Texas,College-Station,https://www.cvs.com/store-locator/cvs-pharmacy-locations/Texas/College-Station
Texas,Commerce,https://www.cvs.com/store-locator/cvs-pharmacy-locations/Texas/Commerce
Texas,Conroe,https://www.cvs.com/store-locator/cvs-pharmacy-locations/Texas/Conroe
Texas,Converse,https://www.cvs.com/store-locator/cvs-pharmacy-locations/Texas/Converse
Texas,Coppell,https://www.cvs.com/store-locator/cvs-pharmacy-locations/Texas/Coppell
Texas,Corinth,https://www.cvs.com/store-locator/cvs-pharmacy-locations/Texas/Corinth
Texas,Corpus-Christi,https://www.cvs.com/store-locator/cvs-pharmacy-locations/Texas/Corpus-Christi
Texas,Corsicana,https://www.cvs.com/store-locator/cvs-pharmacy-locations/Texas/Corsicana
Texas,Crosby,https://www.cvs.com/store-locator/cvs-pharmacy-locations/Texas/Crosby
Texas,Crossroads,https://www.cvs.com/store-locator/cvs-pharmacy-locations/Texas/Crossroads
Texas,Crowley,https://www.cvs.com/store-locator/cvs-pharmacy-locations/Texas/Crowley
Texas,Cypress,https://www.cvs.com/store-locator/cvs-pharmacy-locations/Texas/Cypress
Texas,Dallas,https://www.cvs.com/store-locator/cvs-pharmacy-locations/Texas/Dallas
Texas,Decatur,https://www.cvs.com/store-locator/cvs-pharmacy-locations/Texas/Decatur
Texas,Deer-Park,https://www.cvs.com/store-locator/cvs-pharmacy-locations/Texas/Deer-Park
Texas,Del-Rio,https://www.cvs.com/store-locator/cvs-pharmacy-locations/Texas/Del-Rio
Texas,Del-Valle,https://www.cvs.com/store-locator/cvs-pharmacy-locations/Texas/Del-Valle
Texas,Denison,https://www.cvs.com/store-locator/cvs-pharmacy-locations/Texas/Denison
Texas,Denton,https://www.cvs.com/store-locator/cvs-pharmacy-locations/Texas/Denton
Texas,Desoto,https://www.cvs.com/store-locator/cvs-pharmacy-locations/Texas/Desoto
Texas,Dickinson,https://www.cvs.com/store-locator/cvs-pharmacy-locations/Texas/Dickinson
Texas,Donna,https://www.cvs.com/store-locator/cvs-pharmacy-locations/Texas/Donna
Texas,Dumas,https://www.cvs.com/store-locator/cvs-pharmacy-locations/Texas/Dumas
Texas,Duncanville,https://www.cvs.com/store-locator/cvs-pharmacy-locations/Texas/Duncanville
Texas,Edinburg,https://www.cvs.com/store-locator/cvs-pharmacy-locations/Texas/Edinburg
Texas,El-Paso,https://www.cvs.com/store-locator/cvs-pharmacy-locations/Texas/El-Paso
Texas,Elgin,https://www.cvs.com/store-locator/cvs-pharmacy-locations/Texas/Elgin
Texas,Elsa,https://www.cvs.com/store-locator/cvs-pharmacy-locations/Texas/Elsa
Texas,Ennis,https://www.cvs.com/store-locator/cvs-pharmacy-locations/Texas/Ennis
Texas,Euless,https://www.cvs.com/store-locator/cvs-pharmacy-locations/Texas/Euless
Texas,Fair-Oaks-Ranch,https://www.cvs.com/store-locator/cvs-pharmacy-locations/Texas/Fair-Oaks-Ranch
Texas,Farmers-Branch,https://www.cvs.com/store-locator/cvs-pharmacy-locations/Texas/Farmers-Branch
Texas,Floresville,https://www.cvs.com/store-locator/cvs-pharmacy-locations/Texas/Floresville
Texas,Flower-Mound,https://www.cvs.com/store-locator/cvs-pharmacy-locations/Texas/Flower-Mound
Texas,Forest-Hill,https://www.cvs.com/store-locator/cvs-pharmacy-locations/Texas/Forest-Hill
Texas,Forney,https://www.cvs.com/store-locator/cvs-pharmacy-locations/Texas/Forney
Texas,Fort-Worth,https://www.cvs.com/store-locator/cvs-pharmacy-locations/Texas/Fort-Worth
Texas,Freeport,https://www.cvs.com/store-locator/cvs-pharmacy-locations/Texas/Freeport
Texas,Frisco,https://www.cvs.com/store-locator/cvs-pharmacy-locations/Texas/Frisco
Texas,Fulshear,https://www.cvs.com/store-locator/cvs-pharmacy-locations/Texas/Fulshear
Texas,Gainesville,https://www.cvs.com/store-locator/cvs-pharmacy-locations/Texas/Gainesville
Texas,Galveston,https://www.cvs.com/store-locator/cvs-pharmacy-locations/Texas/Galveston
Texas,Garland,https://www.cvs.com/store-locator/cvs-pharmacy-locations/Texas/Garland
Texas,Georgetown,https://www.cvs.com/store-locator/cvs-pharmacy-locations/Texas/Georgetown
Texas,Gladewater,https://www.cvs.com/store-locator/cvs-pharmacy-locations/Texas/Gladewater
Texas,Granbury,https://www.cvs.com/store-locator/cvs-pharmacy-locations/Texas/Granbury
Texas,Grand-Prairie,https://www.cvs.com/store-locator/cvs-pharmacy-locations/Texas/Grand-Prairie
Texas,Grapevine,https://www.cvs.com/store-locator/cvs-pharmacy-locations/Texas/Grapevine
Texas,Greenville,https://www.cvs.com/store-locator/cvs-pharmacy-locations/Texas/Greenville
Texas,Gun-Barrel-City,https://www.cvs.com/store-locator/cvs-pharmacy-locations/Texas/Gun-Barrel-City
Texas,Harker-Heights,https://www.cvs.com/store-locator/cvs-pharmacy-locations/Texas/Harker-Heights
Texas,Harlingen,https://www.cvs.com/store-locator/cvs-pharmacy-locations/Texas/Harlingen
Texas,Haslet,https://www.cvs.com/store-locator/cvs-pharmacy-locations/Texas/Haslet
Texas,Heath,https://www.cvs.com/store-locator/cvs-pharmacy-locations/Texas/Heath
Texas,Helotes,https://www.cvs.com/store-locator/cvs-pharmacy-locations/Texas/Helotes
Texas,Henderson,https://www.cvs.com/store-locator/cvs-pharmacy-locations/Texas/Henderson
Texas,Hereford,https://www.cvs.com/store-locator/cvs-pharmacy-locations/Texas/Hereford
Texas,Houston,https://www.cvs.com/store-locator/cvs-pharmacy-locations/Texas/Houston
Texas,Humble,https://www.cvs.com/store-locator/cvs-pharmacy-locations/Texas/Humble
Texas,Huntsville,https://www.cvs.com/store-locator/cvs-pharmacy-locations/Texas/Huntsville
Texas,Hurst,https://www.cvs.com/store-locator/cvs-pharmacy-locations/Texas/Hurst
Texas,Hutto,https://www.cvs.com/store-locator/cvs-pharmacy-locations/Texas/Hutto
Texas,Irving,https://www.cvs.com/store-locator/cvs-pharmacy-locations/Texas/Irving
Texas,Jacinto-City,https://www.cvs.com/store-locator/cvs-pharmacy-locations/Texas/Jacinto-City
Texas,Jacksonville,https://www.cvs.com/store-locator/cvs-pharmacy-locations/Texas/Jacksonville
Texas,Katy,https://www.cvs.com/store-locator/cvs-pharmacy-locations/Texas/Katy
Texas,Kaufman,https://www.cvs.com/store-locator/cvs-pharmacy-locations/Texas/Kaufman
Texas,Keller,https://www.cvs.com/store-locator/cvs-pharmacy-locations/Texas/Keller
Texas,Kerrville,https://www.cvs.com/store-locator/cvs-pharmacy-locations/Texas/Kerrville
Texas,Kilgore,https://www.cvs.com/store-locator/cvs-pharmacy-locations/Texas/Kilgore
Texas,Killeen,https://www.cvs.com/store-locator/cvs-pharmacy-locations/Texas/Killeen
Texas,Kingsville,https://www.cvs.com/store-locator/cvs-pharmacy-locations/Texas/Kingsville
Texas,Kingwood,https://www.cvs.com/store-locator/cvs-pharmacy-locations/Texas/Kingwood
Texas,Kyle,https://www.cvs.com/store-locator/cvs-pharmacy-locations/Texas/Kyle
Texas,La-Feria,https://www.cvs.com/store-locator/cvs-pharmacy-locations/Texas/La-Feria
Texas,La-Marque,https://www.cvs.com/store-locator/cvs-pharmacy-locations/Texas/La-Marque
Texas,La-Porte,https://www.cvs.com/store-locator/cvs-pharmacy-locations/Texas/La-Porte
Texas,Lago-Vista,https://www.cvs.com/store-locator/cvs-pharmacy-locations/Texas/Lago-Vista
Texas,Lake-Jackson,https://www.cvs.com/store-locator/cvs-pharmacy-locations/Texas/Lake-Jackson
Texas,Lake-Worth,https://www.cvs.com/store-locator/cvs-pharmacy-locations/Texas/Lake-Worth
Texas,Lakeway,https://www.cvs.com/store-locator/cvs-pharmacy-locations/Texas/Lakeway
Texas,Lamesa,https://www.cvs.com/store-locator/cvs-pharmacy-locations/Texas/Lamesa
Texas,Lancaster,https://www.cvs.com/store-locator/cvs-pharmacy-locations/Texas/Lancaster
Texas,Lantana,https://www.cvs.com/store-locator/cvs-pharmacy-locations/Texas/Lantana
Texas,Laredo,https://www.cvs.com/store-locator/cvs-pharmacy-locations/Texas/Laredo
Texas,League-City,https://www.cvs.com/store-locator/cvs-pharmacy-locations/Texas/League-City
Texas,Leander,https://www.cvs.com/store-locator/cvs-pharmacy-locations/Texas/Leander
Texas,Levelland,https://www.cvs.com/store-locator/cvs-pharmacy-locations/Texas/Levelland
Texas,Lewisville,https://www.cvs.com/store-locator/cvs-pharmacy-locations/Texas/Lewisville
Texas,Liberty,https://www.cvs.com/store-locator/cvs-pharmacy-locations/Texas/Liberty
Texas,Lindale,https://www.cvs.com/store-locator/cvs-pharmacy-locations/Texas/Lindale
Texas,Little-Elm,https://www.cvs.com/store-locator/cvs-pharmacy-locations/Texas/Little-Elm
Texas,Livingston,https://www.cvs.com/store-locator/cvs-pharmacy-locations/Texas/Livingston
Texas,Longview,https://www.cvs.com/store-locator/cvs-pharmacy-locations/Texas/Longview
Texas,Lubbock,https://www.cvs.com/store-locator/cvs-pharmacy-locations/Texas/Lubbock
Texas,Lufkin,https://www.cvs.com/store-locator/cvs-pharmacy-locations/Texas/Lufkin
Texas,Lumberton,https://www.cvs.com/store-locator/cvs-pharmacy-locations/Texas/Lumberton
Texas,Lytle,https://www.cvs.com/store-locator/cvs-pharmacy-locations/Texas/Lytle
Texas,Magnolia,https://www.cvs.com/store-locator/cvs-pharmacy-locations/Texas/Magnolia
Texas,Mansfield,https://www.cvs.com/store-locator/cvs-pharmacy-locations/Texas/Mansfield
Texas,Manvel,https://www.cvs.com/store-locator/cvs-pharmacy-locations/Texas/Manvel
Texas,Marble-Falls,https://www.cvs.com/store-locator/cvs-pharmacy-locations/Texas/Marble-Falls
Texas,Marshall,https://www.cvs.com/store-locator/cvs-pharmacy-locations/Texas/Marshall
Texas,Mathis,https://www.cvs.com/store-locator/cvs-pharmacy-locations/Texas/Mathis
Texas,Mcallen,https://www.cvs.com/store-locator/cvs-pharmacy-locations/Texas/Mcallen
Texas,Mckinney,https://www.cvs.com/store-locator/cvs-pharmacy-locations/Texas/Mckinney
Texas,Meadows-Place,https://www.cvs.com/store-locator/cvs-pharmacy-locations/Texas/Meadows-Place
Texas,Melissa,https://www.cvs.com/store-locator/cvs-pharmacy-locations/Texas/Melissa
Texas,Mesquite,https://www.cvs.com/store-locator/cvs-pharmacy-locations/Texas/Mesquite
Texas,Mexia,https://www.cvs.com/store-locator/cvs-pharmacy-locations/Texas/Mexia
Texas,Midland,https://www.cvs.com/store-locator/cvs-pharmacy-locations/Texas/Midland
Texas,Midlothian,https://www.cvs.com/store-locator/cvs-pharmacy-locations/Texas/Midlothian
Texas,Mineola,https://www.cvs.com/store-locator/cvs-pharmacy-locations/Texas/Mineola
Texas,Mineral-Wells,https://www.cvs.com/store-locator/cvs-pharmacy-locations/Texas/Mineral-Wells
Texas,Mission,https://www.cvs.com/store-locator/cvs-pharmacy-locations/Texas/Mission
Texas,Missouri-City,https://www.cvs.com/store-locator/cvs-pharmacy-locations/Texas/Missouri-City
Texas,Montgomery,https://www.cvs.com/store-locator/cvs-pharmacy-locations/Texas/Montgomery
Texas,Mount-Pleasant,https://www.cvs.com/store-locator/cvs-pharmacy-locations/Texas/Mount-Pleasant
Texas,Murphy,https://www.cvs.com/store-locator/cvs-pharmacy-locations/Texas/Murphy
Texas,Nacogdoches,https://www.cvs.com/store-locator/cvs-pharmacy-locations/Texas/Nacogdoches
Texas,Nassau-Bay,https://www.cvs.com/store-locator/cvs-pharmacy-locations/Texas/Nassau-Bay
Texas,Nederland,https://www.cvs.com/store-locator/cvs-pharmacy-locations/Texas/Nederland
Texas,New-Braunfels,https://www.cvs.com/store-locator/cvs-pharmacy-locations/Texas/New-Braunfels
Texas,New-Caney,https://www.cvs.com/store-locator/cvs-pharmacy-locations/Texas/New-Caney
Texas,North-Richland-Hills,https://www.cvs.com/store-locator/cvs-pharmacy-locations/Texas/North-Richland-Hills
Texas,Oak-Point,https://www.cvs.com/store-locator/cvs-pharmacy-locations/Texas/Oak-Point
Texas,Odessa,https://www.cvs.com/store-locator/cvs-pharmacy-locations/Texas/Odessa
Texas,Orange,https://www.cvs.com/store-locator/cvs-pharmacy-locations/Texas/Orange
Texas,Palestine,https://www.cvs.com/store-locator/cvs-pharmacy-locations/Texas/Palestine
Texas,Pampa,https://www.cvs.com/store-locator/cvs-pharmacy-locations/Texas/Pampa
Texas,Pantego,https://www.cvs.com/store-locator/cvs-pharmacy-locations/Texas/Pantego
Texas,Paris,https://www.cvs.com/store-locator/cvs-pharmacy-locations/Texas/Paris
Texas,Pasadena,https://www.cvs.com/store-locator/cvs-pharmacy-locations/Texas/Pasadena
Texas,Pearland,https://www.cvs.com/store-locator/cvs-pharmacy-locations/Texas/Pearland
Texas,Pflugerville,https://www.cvs.com/store-locator/cvs-pharmacy-locations/Texas/Pflugerville
Texas,Pharr,https://www.cvs.com/store-locator/cvs-pharmacy-locations/Texas/Pharr
Texas,Pittsburg,https://www.cvs.com/store-locator/cvs-pharmacy-locations/Texas/Pittsburg
Texas,Plainview,https://www.cvs.com/store-locator/cvs-pharmacy-locations/Texas/Plainview
Texas,Plano,https://www.cvs.com/store-locator/cvs-pharmacy-locations/Texas/Plano
Texas,Port-Aransas,https://www.cvs.com/store-locator/cvs-pharmacy-locations/Texas/Port-Aransas
Texas,Port-Arthur,https://www.cvs.com/store-locator/cvs-pharmacy-locations/Texas/Port-Arthur
Texas,Porter,https://www.cvs.com/store-locator/cvs-pharmacy-locations/Texas/Porter
Texas,Portland,https://www.cvs.com/store-locator/cvs-pharmacy-locations/Texas/Portland
Texas,Princeton,https://www.cvs.com/store-locator/cvs-pharmacy-locations/Texas/Princeton
Texas,Prosper,https://www.cvs.com/store-locator/cvs-pharmacy-locations/Texas/Prosper
Texas,Raymondville,https://www.cvs.com/store-locator/cvs-pharmacy-locations/Texas/Raymondville
Texas,Red-Oak,https://www.cvs.com/store-locator/cvs-pharmacy-locations/Texas/Red-Oak
Texas,Richardson,https://www.cvs.com/store-locator/cvs-pharmacy-locations/Texas/Richardson
Texas,Richland-Hills,https://www.cvs.com/store-locator/cvs-pharmacy-locations/Texas/Richland-Hills
Texas,Richmond,https://www.cvs.com/store-locator/cvs-pharmacy-locations/Texas/Richmond
Texas,River-Oaks,https://www.cvs.com/store-locator/cvs-pharmacy-locations/Texas/River-Oaks
Texas,Roanoke,https://www.cvs.com/store-locator/cvs-pharmacy-locations/Texas/Roanoke
Texas,Robstown,https://www.cvs.com/store-locator/cvs-pharmacy-locations/Texas/Robstown
Texas,Rockwall,https://www.cvs.com/store-locator/cvs-pharmacy-locations/Texas/Rockwall
Texas,Rosenberg,https://www.cvs.com/store-locator/cvs-pharmacy-locations/Texas/Rosenberg
Texas,Rosharon,https://www.cvs.com/store-locator/cvs-pharmacy-locations/Texas/Rosharon
Texas,Round-Rock,https://www.cvs.com/store-locator/cvs-pharmacy-locations/Texas/Round-Rock
Texas,Rowlett,https://www.cvs.com/store-locator/cvs-pharmacy-locations/Texas/Rowlett
Texas,Royse-City,https://www.cvs.com/store-locator/cvs-pharmacy-locations/Texas/Royse-City
Texas,Saginaw,https://www.cvs.com/store-locator/cvs-pharmacy-locations/Texas/Saginaw
Texas,San-Angelo,https://www.cvs.com/store-locator/cvs-pharmacy-locations/Texas/San-Angelo
Texas,San-Antonio,https://www.cvs.com/store-locator/cvs-pharmacy-locations/Texas/San-Antonio
Texas,San-Marcos,https://www.cvs.com/store-locator/cvs-pharmacy-locations/Texas/San-Marcos
Texas,Santa-Fe,https://www.cvs.com/store-locator/cvs-pharmacy-locations/Texas/Santa-Fe
Texas,Schertz,https://www.cvs.com/store-locator/cvs-pharmacy-locations/Texas/Schertz
Texas,Seabrook,https://www.cvs.com/store-locator/cvs-pharmacy-locations/Texas/Seabrook
Texas,Sealy,https://www.cvs.com/store-locator/cvs-pharmacy-locations/Texas/Sealy
Texas,Seguin,https://www.cvs.com/store-locator/cvs-pharmacy-locations/Texas/Seguin
Texas,Selma,https://www.cvs.com/store-locator/cvs-pharmacy-locations/Texas/Selma
Texas,Sherman,https://www.cvs.com/store-locator/cvs-pharmacy-locations/Texas/Sherman
Texas,Silsbee,https://www.cvs.com/store-locator/cvs-pharmacy-locations/Texas/Silsbee
Texas,Snyder,https://www.cvs.com/store-locator/cvs-pharmacy-locations/Texas/Snyder
Texas,South-Padre-Island,https://www.cvs.com/store-locator/cvs-pharmacy-locations/Texas/South-Padre-Island
Texas,Southlake,https://www.cvs.com/store-locator/cvs-pharmacy-locations/Texas/Southlake
Texas,Spring,https://www.cvs.com/store-locator/cvs-pharmacy-locations/Texas/Spring
Texas,Spring-Branch,https://www.cvs.com/store-locator/cvs-pharmacy-locations/Texas/Spring-Branch
Texas,Stafford,https://www.cvs.com/store-locator/cvs-pharmacy-locations/Texas/Stafford
Texas,Stephenville,https://www.cvs.com/store-locator/cvs-pharmacy-locations/Texas/Stephenville
Texas,Sugar-Land,https://www.cvs.com/store-locator/cvs-pharmacy-locations/Texas/Sugar-Land
Texas,Sulphur-Springs,https://www.cvs.com/store-locator/cvs-pharmacy-locations/Texas/Sulphur-Springs
Texas,Sunnyvale,https://www.cvs.com/store-locator/cvs-pharmacy-locations/Texas/Sunnyvale
Texas,Taylor,https://www.cvs.com/store-locator/cvs-pharmacy-locations/Texas/Taylor
Texas,Temple,https://www.cvs.com/store-locator/cvs-pharmacy-locations/Texas/Temple
Texas,Terrell,https://www.cvs.com/store-locator/cvs-pharmacy-locations/Texas/Terrell
Texas,Texarkana,https://www.cvs.com/store-locator/cvs-pharmacy-locations/Texas/Texarkana
Texas,Texas-City,https://www.cvs.com/store-locator/cvs-pharmacy-locations/Texas/Texas-City
Texas,The-Colony,https://www.cvs.com/store-locator/cvs-pharmacy-locations/Texas/The-Colony
Texas,The-Woodlands,https://www.cvs.com/store-locator/cvs-pharmacy-locations/Texas/The-Woodlands
Texas,Tomball,https://www.cvs.com/store-locator/cvs-pharmacy-locations/Texas/Tomball
Texas,Tyler,https://www.cvs.com/store-locator/cvs-pharmacy-locations/Texas/Tyler
Texas,Universal-City,https://www.cvs.com/store-locator/cvs-pharmacy-locations/Texas/Universal-City
Texas,Victoria,https://www.cvs.com/store-locator/cvs-pharmacy-locations/Texas/Victoria
Texas,Vidor,https://www.cvs.com/store-locator/cvs-pharmacy-locations/Texas/Vidor
Texas,Waco,https://www.cvs.com/store-locator/cvs-pharmacy-locations/Texas/Waco
Texas,Waller,https://www.cvs.com/store-locator/cvs-pharmacy-locations/Texas/Waller
Texas,Watauga,https://www.cvs.com/store-locator/cvs-pharmacy-locations/Texas/Watauga
Texas,Waxahachie,https://www.cvs.com/store-locator/cvs-pharmacy-locations/Texas/Waxahachie
Texas,Weatherford,https://www.cvs.com/store-locator/cvs-pharmacy-locations/Texas/Weatherford
Texas,Webster,https://www.cvs.com/store-locator/cvs-pharmacy-locations/Texas/Webster
Texas,Weslaco,https://www.cvs.com/store-locator/cvs-pharmacy-locations/Texas/Weslaco
Texas,West-Columbia,https://www.cvs.com/store-locator/cvs-pharmacy-locations/Texas/West-Columbia
Texas,Westlake,https://www.cvs.com/store-locator/cvs-pharmacy-locations/Texas/Westlake
Texas,Wharton,https://www.cvs.com/store-locator/cvs-pharmacy-locations/Texas/Wharton
Texas,Whitehouse,https://www.cvs.com/store-locator/cvs-pharmacy-locations/Texas/Whitehouse
Texas,Wichita-Falls,https://www.cvs.com/store-locator/cvs-pharmacy-locations/Texas/Wichita-Falls
Texas,Willis,https://www.cvs.com/store-locator/cvs-pharmacy-locations/Texas/Willis
Texas,Winnsboro,https://www.cvs.com/store-locator/cvs-pharmacy-locations/Texas/Winnsboro
Texas,Woodway,https://www.cvs.com/store-locator/cvs-pharmacy-locations/Texas/Woodway
Texas,Wylie,https://www.cvs.com/store-locator/cvs-pharmacy-locations/Texas/Wylie
Texas,Zapata,https://www.cvs.com/store-locator/cvs-pharmacy-locations/Texas/Zapata
Utah,American-Fork,https://www.cvs.com/store-locator/cvs-pharmacy-locations/Utah/American-Fork
Utah,Centerville,https://www.cvs.com/store-locator/cvs-pharmacy-locations/Utah/Centerville
Utah,Herriman,https://www.cvs.com/store-locator/cvs-pharmacy-locations/Utah/Herriman
Utah,Highland,https://www.cvs.com/store-locator/cvs-pharmacy-locations/Utah/Highland
Utah,Layton,https://www.cvs.com/store-locator/cvs-pharmacy-locations/Utah/Layton
Utah,Logan,https://www.cvs.com/store-locator/cvs-pharmacy-locations/Utah/Logan
Utah,Ogden,https://www.cvs.com/store-locator/cvs-pharmacy-locations/Utah/Ogden
Utah,Orem,https://www.cvs.com/store-locator/cvs-pharmacy-locations/Utah/Orem
Utah,Provo,https://www.cvs.com/store-locator/cvs-pharmacy-locations/Utah/Provo
Utah,Riverdale,https://www.cvs.com/store-locator/cvs-pharmacy-locations/Utah/Riverdale
Utah,Roy,https://www.cvs.com/store-locator/cvs-pharmacy-locations/Utah/Roy
Utah,Saint-George,https://www.cvs.com/store-locator/cvs-pharmacy-locations/Utah/Saint-George
Utah,Salt-Lake-City,https://www.cvs.com/store-locator/cvs-pharmacy-locations/Utah/Salt-Lake-City
Utah,Sandy,https://www.cvs.com/store-locator/cvs-pharmacy-locations/Utah/Sandy
Utah,South-Jordan,https://www.cvs.com/store-locator/cvs-pharmacy-locations/Utah/South-Jordan
Utah,Spanish-Fork,https://www.cvs.com/store-locator/cvs-pharmacy-locations/Utah/Spanish-Fork
Utah,Syracuse,https://www.cvs.com/store-locator/cvs-pharmacy-locations/Utah/Syracuse
Utah,Taylorsville,https://www.cvs.com/store-locator/cvs-pharmacy-locations/Utah/Taylorsville
Utah,West-Jordan,https://www.cvs.com/store-locator/cvs-pharmacy-locations/Utah/West-Jordan
Utah,West-Valley-City,https://www.cvs.com/store-locator/cvs-pharmacy-locations/Utah/West-Valley-City
Vermont,Barre,https://www.cvs.com/store-locator/cvs-pharmacy-locations/Vermont/Barre
Vermont,Bennington,https://www.cvs.com/store-locator/cvs-pharmacy-locations/Vermont/Bennington
Vermont,Burlington,https://www.cvs.com/store-locator/cvs-pharmacy-locations/Vermont/Burlington
Vermont,Colchester,https://www.cvs.com/store-locator/cvs-pharmacy-locations/Vermont/Colchester
Vermont,Essex,https://www.cvs.com/store-locator/cvs-pharmacy-locations/Vermont/Essex
Vermont,Morrisville,https://www.cvs.com/store-locator/cvs-pharmacy-locations/Vermont/Morrisville
Vermont,Rutland,https://www.cvs.com/store-locator/cvs-pharmacy-locations/Vermont/Rutland
Vermont,South-Burlington,https://www.cvs.com/store-locator/cvs-pharmacy-locations/Vermont/South-Burlington
Vermont,Williston,https://www.cvs.com/store-locator/cvs-pharmacy-locations/Vermont/Williston
Virginia,Abingdon,https://www.cvs.com/store-locator/cvs-pharmacy-locations/Virginia/Abingdon
Virginia,Alexandria,https://www.cvs.com/store-locator/cvs-pharmacy-locations/Virginia/Alexandria
Virginia,Altavista,https://www.cvs.com/store-locator/cvs-pharmacy-locations/Virginia/Altavista
Virginia,Amherst,https://www.cvs.com/store-locator/cvs-pharmacy-locations/Virginia/Amherst
Virginia,Annandale,https://www.cvs.com/store-locator/cvs-pharmacy-locations/Virginia/Annandale
Virginia,Appomattox,https://www.cvs.com/store-locator/cvs-pharmacy-locations/Virginia/Appomattox
Virginia,Arlington,https://www.cvs.com/store-locator/cvs-pharmacy-locations/Virginia/Arlington
Virginia,Ashburn,https://www.cvs.com/store-locator/cvs-pharmacy-locations/Virginia/Ashburn
Virginia,Ashland,https://www.cvs.com/store-locator/cvs-pharmacy-locations/Virginia/Ashland
Virginia,Baileys-Crossroads,https://www.cvs.com/store-locator/cvs-pharmacy-locations/Virginia/Baileys-Crossroads
Virginia,Bassett,https://www.cvs.com/store-locator/cvs-pharmacy-locations/Virginia/Bassett
Virginia,Bedford,https://www.cvs.com/store-locator/cvs-pharmacy-locations/Virginia/Bedford
Virginia,Big-Stone-Gap,https://www.cvs.com/store-locator/cvs-pharmacy-locations/Virginia/Big-Stone-Gap
Virginia,Blacksburg,https://www.cvs.com/store-locator/cvs-pharmacy-locations/Virginia/Blacksburg
Virginia,Bristol,https://www.cvs.com/store-locator/cvs-pharmacy-locations/Virginia/Bristol
Virginia,Bristow,https://www.cvs.com/store-locator/cvs-pharmacy-locations/Virginia/Bristow
Virginia,Brookneal,https://www.cvs.com/store-locator/cvs-pharmacy-locations/Virginia/Brookneal
Virginia,Buena-Vista,https://www.cvs.com/store-locator/cvs-pharmacy-locations/Virginia/Buena-Vista
Virginia,Burke,https://www.cvs.com/store-locator/cvs-pharmacy-locations/Virginia/Burke
Virginia,Centreville,https://www.cvs.com/store-locator/cvs-pharmacy-locations/Virginia/Centreville
Virginia,Chantilly,https://www.cvs.com/store-locator/cvs-pharmacy-locations/Virginia/Chantilly
Virginia,Charlottesville,https://www.cvs.com/store-locator/cvs-pharmacy-locations/Virginia/Charlottesville
Virginia,Chase-City,https://www.cvs.com/store-locator/cvs-pharmacy-locations/Virginia/Chase-City
Virginia,Chatham,https://www.cvs.com/store-locator/cvs-pharmacy-locations/Virginia/Chatham
Virginia,Chesapeake,https://www.cvs.com/store-locator/cvs-pharmacy-locations/Virginia/Chesapeake
Virginia,Chester,https://www.cvs.com/store-locator/cvs-pharmacy-locations/Virginia/Chester
Virginia,Chesterfield,https://www.cvs.com/store-locator/cvs-pharmacy-locations/Virginia/Chesterfield
Virginia,Christiansburg,https://www.cvs.com/store-locator/cvs-pharmacy-locations/Virginia/Christiansburg
Virginia,Clarksville,https://www.cvs.com/store-locator/cvs-pharmacy-locations/Virginia/Clarksville
Virginia,Clifton-Forge,https://www.cvs.com/store-locator/cvs-pharmacy-locations/Virginia/Clifton-Forge
Virginia,Collinsville,https://www.cvs.com/store-locator/cvs-pharmacy-locations/Virginia/Collinsville
Virginia,Colonial-Heights,https://www.cvs.com/store-locator/cvs-pharmacy-locations/Virginia/Colonial-Heights
Virginia,Covington,https://www.cvs.com/store-locator/cvs-pharmacy-locations/Virginia/Covington
Virginia,Culpeper,https://www.cvs.com/store-locator/cvs-pharmacy-locations/Virginia/Culpeper
Virginia,Dale-City,https://www.cvs.com/store-locator/cvs-pharmacy-locations/Virginia/Dale-City
Virginia,Daleville,https://www.cvs.com/store-locator/cvs-pharmacy-locations/Virginia/Daleville
Virginia,Danville,https://www.cvs.com/store-locator/cvs-pharmacy-locations/Virginia/Danville
Virginia,Dumfries,https://www.cvs.com/store-locator/cvs-pharmacy-locations/Virginia/Dumfries
Virginia,Emporia,https://www.cvs.com/store-locator/cvs-pharmacy-locations/Virginia/Emporia
Virginia,Fairfax,https://www.cvs.com/store-locator/cvs-pharmacy-locations/Virginia/Fairfax
Virginia,Fairfax-Station,https://www.cvs.com/store-locator/cvs-pharmacy-locations/Virginia/Fairfax-Station
Virginia,Falls-Church,https://www.cvs.com/store-locator/cvs-pharmacy-locations/Virginia/Falls-Church
Virginia,Farmville,https://www.cvs.com/store-locator/cvs-pharmacy-locations/Virginia/Farmville
Virginia,Floyd,https://www.cvs.com/store-locator/cvs-pharmacy-locations/Virginia/Floyd
Virginia,Forest,https://www.cvs.com/store-locator/cvs-pharmacy-locations/Virginia/Forest
Virginia,Fredericksburg,https://www.cvs.com/store-locator/cvs-pharmacy-locations/Virginia/Fredericksburg
Virginia,Front-Royal,https://www.cvs.com/store-locator/cvs-pharmacy-locations/Virginia/Front-Royal
Virginia,Gainesville,https://www.cvs.com/store-locator/cvs-pharmacy-locations/Virginia/Gainesville
Virginia,Galax,https://www.cvs.com/store-locator/cvs-pharmacy-locations/Virginia/Galax
Virginia,Gate-City,https://www.cvs.com/store-locator/cvs-pharmacy-locations/Virginia/Gate-City
Virginia,Glen-Allen,https://www.cvs.com/store-locator/cvs-pharmacy-locations/Virginia/Glen-Allen
Virginia,Great-Falls,https://www.cvs.com/store-locator/cvs-pharmacy-locations/Virginia/Great-Falls
Virginia,Hampton,https://www.cvs.com/store-locator/cvs-pharmacy-locations/Virginia/Hampton
Virginia,Hardy,https://www.cvs.com/store-locator/cvs-pharmacy-locations/Virginia/Hardy
Virginia,Harrisonburg,https://www.cvs.com/store-locator/cvs-pharmacy-locations/Virginia/Harrisonburg
Virginia,Haymarket,https://www.cvs.com/store-locator/cvs-pharmacy-locations/Virginia/Haymarket
Virginia,Henrico,https://www.cvs.com/store-locator/cvs-pharmacy-locations/Virginia/Henrico
Virginia,Herndon,https://www.cvs.com/store-locator/cvs-pharmacy-locations/Virginia/Herndon
Virginia,Highland-Springs,https://www.cvs.com/store-locator/cvs-pharmacy-locations/Virginia/Highland-Springs
Virginia,Hillsville,https://www.cvs.com/store-locator/cvs-pharmacy-locations/Virginia/Hillsville
Virginia,Hopewell,https://www.cvs.com/store-locator/cvs-pharmacy-locations/Virginia/Hopewell
Virginia,Kilmarnock,https://www.cvs.com/store-locator/cvs-pharmacy-locations/Virginia/Kilmarnock
Virginia,King-George,https://www.cvs.com/store-locator/cvs-pharmacy-locations/Virginia/King-George
Virginia,Leesburg,https://www.cvs.com/store-locator/cvs-pharmacy-locations/Virginia/Leesburg
Virginia,Lexington,https://www.cvs.com/store-locator/cvs-pharmacy-locations/Virginia/Lexington
Virginia,Locust-Grove,https://www.cvs.com/store-locator/cvs-pharmacy-locations/Virginia/Locust-Grove
Virginia,Louisa,https://www.cvs.com/store-locator/cvs-pharmacy-locations/Virginia/Louisa
Virginia,Luray,https://www.cvs.com/store-locator/cvs-pharmacy-locations/Virginia/Luray
Virginia,Lynchburg,https://www.cvs.com/store-locator/cvs-pharmacy-locations/Virginia/Lynchburg
Virginia,Madison-Heights,https://www.cvs.com/store-locator/cvs-pharmacy-locations/Virginia/Madison-Heights
Virginia,Manassas,https://www.cvs.com/store-locator/cvs-pharmacy-locations/Virginia/Manassas
Virginia,Manassas-Park,https://www.cvs.com/store-locator/cvs-pharmacy-locations/Virginia/Manassas-Park
Virginia,Marion,https://www.cvs.com/store-locator/cvs-pharmacy-locations/Virginia/Marion
Virginia,Martinsville,https://www.cvs.com/store-locator/cvs-pharmacy-locations/Virginia/Martinsville
Virginia,Mclean,https://www.cvs.com/store-locator/cvs-pharmacy-locations/Virginia/Mclean
Virginia,Mechanicsville,https://www.cvs.com/store-locator/cvs-pharmacy-locations/Virginia/Mechanicsville
Virginia,Midlothian,https://www.cvs.com/store-locator/cvs-pharmacy-locations/Virginia/Midlothian
Virginia,Montpelier,https://www.cvs.com/store-locator/cvs-pharmacy-locations/Virginia/Montpelier
Virginia,Moseley,https://www.cvs.com/store-locator/cvs-pharmacy-locations/Virginia/Moseley
Virginia,Newport-News,https://www.cvs.com/store-locator/cvs-pharmacy-locations/Virginia/Newport-News
Virginia,Norfolk,https://www.cvs.com/store-locator/cvs-pharmacy-locations/Virginia/Norfolk
Virginia,North-Chesterfield,https://www.cvs.com/store-locator/cvs-pharmacy-locations/Virginia/North-Chesterfield
Virginia,North-Tazewell,https://www.cvs.com/store-locator/cvs-pharmacy-locations/Virginia/North-Tazewell
Virginia,Norton,https://www.cvs.com/store-locator/cvs-pharmacy-locations/Virginia/Norton
Virginia,Oakton,https://www.cvs.com/store-locator/cvs-pharmacy-locations/Virginia/Oakton
Virginia,Onley,https://www.cvs.com/store-locator/cvs-pharmacy-locations/Virginia/Onley
Virginia,Orange,https://www.cvs.com/store-locator/cvs-pharmacy-locations/Virginia/Orange
Virginia,Palmyra,https://www.cvs.com/store-locator/cvs-pharmacy-locations/Virginia/Palmyra
Virginia,Petersburg,https://www.cvs.com/store-locator/cvs-pharmacy-locations/Virginia/Petersburg
Virginia,Poquoson,https://www.cvs.com/store-locator/cvs-pharmacy-locations/Virginia/Poquoson
Virginia,Portsmouth,https://www.cvs.com/store-locator/cvs-pharmacy-locations/Virginia/Portsmouth
Virginia,Powhatan,https://www.cvs.com/store-locator/cvs-pharmacy-locations/Virginia/Powhatan
Virginia,Pulaski,https://www.cvs.com/store-locator/cvs-pharmacy-locations/Virginia/Pulaski
Virginia,Radford,https://www.cvs.com/store-locator/cvs-pharmacy-locations/Virginia/Radford
Virginia,Reston,https://www.cvs.com/store-locator/cvs-pharmacy-locations/Virginia/Reston
Virginia,Richlands,https://www.cvs.com/store-locator/cvs-pharmacy-locations/Virginia/Richlands
Virginia,Richmond,https://www.cvs.com/store-locator/cvs-pharmacy-locations/Virginia/Richmond
Virginia,Roanoke,https://www.cvs.com/store-locator/cvs-pharmacy-locations/Virginia/Roanoke
Virginia,Rocky-Mount,https://www.cvs.com/store-locator/cvs-pharmacy-locations/Virginia/Rocky-Mount
Virginia,Rosslyn,https://www.cvs.com/store-locator/cvs-pharmacy-locations/Virginia/Rosslyn
Virginia,Ruckersville,https://www.cvs.com/store-locator/cvs-pharmacy-locations/Virginia/Ruckersville
Virginia,Ruther-Glen,https://www.cvs.com/store-locator/cvs-pharmacy-locations/Virginia/Ruther-Glen
Virginia,Salem,https://www.cvs.com/store-locator/cvs-pharmacy-locations/Virginia/Salem
Virginia,Smithfield,https://www.cvs.com/store-locator/cvs-pharmacy-locations/Virginia/Smithfield
Virginia,South-Boston,https://www.cvs.com/store-locator/cvs-pharmacy-locations/Virginia/South-Boston
Virginia,South-Hill,https://www.cvs.com/store-locator/cvs-pharmacy-locations/Virginia/South-Hill
Virginia,South-Riding,https://www.cvs.com/store-locator/cvs-pharmacy-locations/Virginia/South-Riding
Virginia,Spotsylvania,https://www.cvs.com/store-locator/cvs-pharmacy-locations/Virginia/Spotsylvania
Virginia,Springfield,https://www.cvs.com/store-locator/cvs-pharmacy-locations/Virginia/Springfield
Virginia,Stafford,https://www.cvs.com/store-locator/cvs-pharmacy-locations/Virginia/Stafford
Virginia,Staunton,https://www.cvs.com/store-locator/cvs-pharmacy-locations/Virginia/Staunton
Virginia,Stephens-City,https://www.cvs.com/store-locator/cvs-pharmacy-locations/Virginia/Stephens-City
Virginia,Sterling,https://www.cvs.com/store-locator/cvs-pharmacy-locations/Virginia/Sterling
Virginia,Stuart,https://www.cvs.com/store-locator/cvs-pharmacy-locations/Virginia/Stuart
Virginia,Suffolk,https://www.cvs.com/store-locator/cvs-pharmacy-locations/Virginia/Suffolk
Virginia,Vienna,https://www.cvs.com/store-locator/cvs-pharmacy-locations/Virginia/Vienna
Virginia,Vinton,https://www.cvs.com/store-locator/cvs-pharmacy-locations/Virginia/Vinton
Virginia,Virginia-Beach,https://www.cvs.com/store-locator/cvs-pharmacy-locations/Virginia/Virginia-Beach
Virginia,Warrenton,https://www.cvs.com/store-locator/cvs-pharmacy-locations/Virginia/Warrenton
Virginia,Waynesboro,https://www.cvs.com/store-locator/cvs-pharmacy-locations/Virginia/Waynesboro
Virginia,Williamsburg,https://www.cvs.com/store-locator/cvs-pharmacy-locations/Virginia/Williamsburg
Virginia,Winchester,https://www.cvs.com/store-locator/cvs-pharmacy-locations/Virginia/Winchester
Virginia,Windsor,https://www.cvs.com/store-locator/cvs-pharmacy-locations/Virginia/Windsor
Virginia,Woodbridge,https://www.cvs.com/store-locator/cvs-pharmacy-locations/Virginia/Woodbridge
Virginia,Woodstock,https://www.cvs.com/store-locator/cvs-pharmacy-locations/Virginia/Woodstock
Virginia,Wytheville,https://www.cvs.com/store-locator/cvs-pharmacy-locations/Virginia/Wytheville
Virginia,Yorktown,https://www.cvs.com/store-locator/cvs-pharmacy-locations/Virginia/Yorktown
Washington,Arlington,https://www.cvs.com/store-locator/cvs-pharmacy-locations/Washington/Arlington
Washington,Bainbridge-Island,https://www.cvs.com/store-locator/cvs-pharmacy-locations/Washington/Bainbridge-Island
Washington,Bellevue,https://www.cvs.com/store-locator/cvs-pharmacy-locations/Washington/Bellevue
Washington,Bellingham,https://www.cvs.com/store-locator/cvs-pharmacy-locations/Washington/Bellingham
Washington,Blaine,https://www.cvs.com/store-locator/cvs-pharmacy-locations/Washington/Blaine
Washington,Bonney-Lake,https://www.cvs.com/store-locator/cvs-pharmacy-locations/Washington/Bonney-Lake
Washington,Bothell,https://www.cvs.com/store-locator/cvs-pharmacy-locations/Washington/Bothell
Washington,Burien,https://www.cvs.com/store-locator/cvs-pharmacy-locations/Washington/Burien
Washington,Centralia,https://www.cvs.com/store-locator/cvs-pharmacy-locations/Washington/Centralia
Washington,Chehalis,https://www.cvs.com/store-locator/cvs-pharmacy-locations/Washington/Chehalis
Washington,Edmonds,https://www.cvs.com/store-locator/cvs-pharmacy-locations/Washington/Edmonds
Washington,Ellensburg,https://www.cvs.com/store-locator/cvs-pharmacy-locations/Washington/Ellensburg
Washington,Everett,https://www.cvs.com/store-locator/cvs-pharmacy-locations/Washington/Everett
Washington,Federal-Way,https://www.cvs.com/store-locator/cvs-pharmacy-locations/Washington/Federal-Way
Washington,Ferndale,https://www.cvs.com/store-locator/cvs-pharmacy-locations/Washington/Ferndale
Washington,Freeland,https://www.cvs.com/store-locator/cvs-pharmacy-locations/Washington/Freeland
Washington,Gig-Harbor,https://www.cvs.com/store-locator/cvs-pharmacy-locations/Washington/Gig-Harbor
Washington,Hoquiam,https://www.cvs.com/store-locator/cvs-pharmacy-locations/Washington/Hoquiam
Washington,Issaquah,https://www.cvs.com/store-locator/cvs-pharmacy-locations/Washington/Issaquah
Washington,Kelso,https://www.cvs.com/store-locator/cvs-pharmacy-locations/Washington/Kelso
Washington,Kenmore,https://www.cvs.com/store-locator/cvs-pharmacy-locations/Washington/Kenmore
Washington,Kennewick,https://www.cvs.com/store-locator/cvs-pharmacy-locations/Washington/Kennewick
Washington,Kent,https://www.cvs.com/store-locator/cvs-pharmacy-locations/Washington/Kent
Washington,Kirkland,https://www.cvs.com/store-locator/cvs-pharmacy-locations/Washington/Kirkland
Washington,Lacey,https://www.cvs.com/store-locator/cvs-pharmacy-locations/Washington/Lacey
Washington,Lake-Stevens,https://www.cvs.com/store-locator/cvs-pharmacy-locations/Washington/Lake-Stevens
Washington,Lakewood,https://www.cvs.com/store-locator/cvs-pharmacy-locations/Washington/Lakewood
Washington,Lynden,https://www.cvs.com/store-locator/cvs-pharmacy-locations/Washington/Lynden
Washington,Lynnwood,https://www.cvs.com/store-locator/cvs-pharmacy-locations/Washington/Lynnwood
Washington,Marysville,https://www.cvs.com/store-locator/cvs-pharmacy-locations/Washington/Marysville
Washington,Mercer-Island,https://www.cvs.com/store-locator/cvs-pharmacy-locations/Washington/Mercer-Island
Washington,Mill-Creek,https://www.cvs.com/store-locator/cvs-pharmacy-locations/Washington/Mill-Creek
Washington,Mountlake-Terrace,https://www.cvs.com/store-locator/cvs-pharmacy-locations/Washington/Mountlake-Terrace
Washington,Newcastle,https://www.cvs.com/store-locator/cvs-pharmacy-locations/Washington/Newcastle
Washington,Olympia,https://www.cvs.com/store-locator/cvs-pharmacy-locations/Washington/Olympia
Washington,Poulsbo,https://www.cvs.com/store-locator/cvs-pharmacy-locations/Washington/Poulsbo
Washington,Puyallup,https://www.cvs.com/store-locator/cvs-pharmacy-locations/Washington/Puyallup
Washington,Redmond,https://www.cvs.com/store-locator/cvs-pharmacy-locations/Washington/Redmond
Washington,Renton,https://www.cvs.com/store-locator/cvs-pharmacy-locations/Washington/Renton
Washington,Richland,https://www.cvs.com/store-locator/cvs-pharmacy-locations/Washington/Richland
Washington,Sammamish,https://www.cvs.com/store-locator/cvs-pharmacy-locations/Washington/Sammamish
Washington,Seattle,https://www.cvs.com/store-locator/cvs-pharmacy-locations/Washington/Seattle
Washington,Sedro-Woolley,https://www.cvs.com/store-locator/cvs-pharmacy-locations/Washington/Sedro-Woolley
Washington,Silverdale,https://www.cvs.com/store-locator/cvs-pharmacy-locations/Washington/Silverdale
Washington,Snohomish,https://www.cvs.com/store-locator/cvs-pharmacy-locations/Washington/Snohomish
Washington,Spokane,https://www.cvs.com/store-locator/cvs-pharmacy-locations/Washington/Spokane
Washington,Spokane-Valley,https://www.cvs.com/store-locator/cvs-pharmacy-locations/Washington/Spokane-Valley
Washington,Stanwood,https://www.cvs.com/store-locator/cvs-pharmacy-locations/Washington/Stanwood
Washington,Tacoma,https://www.cvs.com/store-locator/cvs-pharmacy-locations/Washington/Tacoma
Washington,Tukwila,https://www.cvs.com/store-locator/cvs-pharmacy-locations/Washington/Tukwila
Washington,Union-Gap,https://www.cvs.com/store-locator/cvs-pharmacy-locations/Washington/Union-Gap
Washington,Vancouver,https://www.cvs.com/store-locator/cvs-pharmacy-locations/Washington/Vancouver
Washington,Woodinville,https://www.cvs.com/store-locator/cvs-pharmacy-locations/Washington/Woodinville
West-Virginia,Athens,https://www.cvs.com/store-locator/cvs-pharmacy-locations/West-Virginia/Athens
West-Virginia,Barboursville,https://www.cvs.com/store-locator/cvs-pharmacy-locations/West-Virginia/Barboursville
West-Virginia,Beaver,https://www.cvs.com/store-locator/cvs-pharmacy-locations/West-Virginia/Beaver
West-Virginia,Beckley,https://www.cvs.com/store-locator/cvs-pharmacy-locations/West-Virginia/Beckley
West-Virginia,Bluefield,https://www.cvs.com/store-locator/cvs-pharmacy-locations/West-Virginia/Bluefield
West-Virginia,Bridgeport,https://www.cvs.com/store-locator/cvs-pharmacy-locations/West-Virginia/Bridgeport
West-Virginia,Buckhannon,https://www.cvs.com/store-locator/cvs-pharmacy-locations/West-Virginia/Buckhannon
West-Virginia,Charles-Town,https://www.cvs.com/store-locator/cvs-pharmacy-locations/West-Virginia/Charles-Town
West-Virginia,Charleston,https://www.cvs.com/store-locator/cvs-pharmacy-locations/West-Virginia/Charleston
West-Virginia,Clarksburg,https://www.cvs.com/store-locator/cvs-pharmacy-locations/West-Virginia/Clarksburg
West-Virginia,Dunbar,https://www.cvs.com/store-locator/cvs-pharmacy-locations/West-Virginia/Dunbar
West-Virginia,Elkins,https://www.cvs.com/store-locator/cvs-pharmacy-locations/West-Virginia/Elkins
West-Virginia,Elkview,https://www.cvs.com/store-locator/cvs-pharmacy-locations/West-Virginia/Elkview
West-Virginia,Fairmont,https://www.cvs.com/store-locator/cvs-pharmacy-locations/West-Virginia/Fairmont
West-Virginia,Fayetteville,https://www.cvs.com/store-locator/cvs-pharmacy-locations/West-Virginia/Fayetteville
West-Virginia,Gassaway,https://www.cvs.com/store-locator/cvs-pharmacy-locations/West-Virginia/Gassaway
West-Virginia,Huntington,https://www.cvs.com/store-locator/cvs-pharmacy-locations/West-Virginia/Huntington
West-Virginia,Hurricane,https://www.cvs.com/store-locator/cvs-pharmacy-locations/West-Virginia/Hurricane
West-Virginia,Inwood,https://www.cvs.com/store-locator/cvs-pharmacy-locations/West-Virginia/Inwood
West-Virginia,Kenova,https://www.cvs.com/store-locator/cvs-pharmacy-locations/West-Virginia/Kenova
West-Virginia,Keyser,https://www.cvs.com/store-locator/cvs-pharmacy-locations/West-Virginia/Keyser
West-Virginia,Lewisburg,https://www.cvs.com/store-locator/cvs-pharmacy-locations/West-Virginia/Lewisburg
West-Virginia,Mannington,https://www.cvs.com/store-locator/cvs-pharmacy-locations/West-Virginia/Mannington
West-Virginia,Martinsburg,https://www.cvs.com/store-locator/cvs-pharmacy-locations/West-Virginia/Martinsburg
West-Virginia,Milton,https://www.cvs.com/store-locator/cvs-pharmacy-locations/West-Virginia/Milton
West-Virginia,Montgomery,https://www.cvs.com/store-locator/cvs-pharmacy-locations/West-Virginia/Montgomery
West-Virginia,Morgantown,https://www.cvs.com/store-locator/cvs-pharmacy-locations/West-Virginia/Morgantown
West-Virginia,Moundsville,https://www.cvs.com/store-locator/cvs-pharmacy-locations/West-Virginia/Moundsville
West-Virginia,Parkersburg,https://www.cvs.com/store-locator/cvs-pharmacy-locations/West-Virginia/Parkersburg
West-Virginia,Princeton,https://www.cvs.com/store-locator/cvs-pharmacy-locations/West-Virginia/Princeton
West-Virginia,Romney,https://www.cvs.com/store-locator/cvs-pharmacy-locations/West-Virginia/Romney
West-Virginia,Saint-Albans,https://www.cvs.com/store-locator/cvs-pharmacy-locations/West-Virginia/Saint-Albans
West-Virginia,South-Charleston,https://www.cvs.com/store-locator/cvs-pharmacy-locations/West-Virginia/South-Charleston
West-Virginia,Star-City,https://www.cvs.com/store-locator/cvs-pharmacy-locations/West-Virginia/Star-City
West-Virginia,Summersville,https://www.cvs.com/store-locator/cvs-pharmacy-locations/West-Virginia/Summersville
West-Virginia,Triadelphia,https://www.cvs.com/store-locator/cvs-pharmacy-locations/West-Virginia/Triadelphia
West-Virginia,Weston,https://www.cvs.com/store-locator/cvs-pharmacy-locations/West-Virginia/Weston
West-Virginia,Wheeling,https://www.cvs.com/store-locator/cvs-pharmacy-locations/West-Virginia/Wheeling
Wisconsin,Appleton,https://www.cvs.com/store-locator/cvs-pharmacy-locations/Wisconsin/Appleton
Wisconsin,Barron,https://www.cvs.com/store-locator/cvs-pharmacy-locations/Wisconsin/Barron
Wisconsin,Beloit,https://www.cvs.com/store-locator/cvs-pharmacy-locations/Wisconsin/Beloit
Wisconsin,Brookfield,https://www.cvs.com/store-locator/cvs-pharmacy-locations/Wisconsin/Brookfield
Wisconsin,Cedarburg,https://www.cvs.com/store-locator/cvs-pharmacy-locations/Wisconsin/Cedarburg
Wisconsin,Cottage-Grove,https://www.cvs.com/store-locator/cvs-pharmacy-locations/Wisconsin/Cottage-Grove
Wisconsin,Cudahy,https://www.cvs.com/store-locator/cvs-pharmacy-locations/Wisconsin/Cudahy
Wisconsin,De-Pere,https://www.cvs.com/store-locator/cvs-pharmacy-locations/Wisconsin/De-Pere
Wisconsin,Delafield,https://www.cvs.com/store-locator/cvs-pharmacy-locations/Wisconsin/Delafield
Wisconsin,Eau-Claire,https://www.cvs.com/store-locator/cvs-pharmacy-locations/Wisconsin/Eau-Claire
Wisconsin,Fitchburg,https://www.cvs.com/store-locator/cvs-pharmacy-locations/Wisconsin/Fitchburg
Wisconsin,Fond-Du-Lac,https://www.cvs.com/store-locator/cvs-pharmacy-locations/Wisconsin/Fond-Du-Lac
Wisconsin,Fox-Point,https://www.cvs.com/store-locator/cvs-pharmacy-locations/Wisconsin/Fox-Point
Wisconsin,Franklin,https://www.cvs.com/store-locator/cvs-pharmacy-locations/Wisconsin/Franklin
Wisconsin,Glendale,https://www.cvs.com/store-locator/cvs-pharmacy-locations/Wisconsin/Glendale
Wisconsin,Grafton,https://www.cvs.com/store-locator/cvs-pharmacy-locations/Wisconsin/Grafton
Wisconsin,Green-Bay,https://www.cvs.com/store-locator/cvs-pharmacy-locations/Wisconsin/Green-Bay
Wisconsin,Hudson,https://www.cvs.com/store-locator/cvs-pharmacy-locations/Wisconsin/Hudson
Wisconsin,Janesville,https://www.cvs.com/store-locator/cvs-pharmacy-locations/Wisconsin/Janesville
Wisconsin,Kenosha,https://www.cvs.com/store-locator/cvs-pharmacy-locations/Wisconsin/Kenosha
Wisconsin,Lake-Geneva,https://www.cvs.com/store-locator/cvs-pharmacy-locations/Wisconsin/Lake-Geneva
Wisconsin,Madison,https://www.cvs.com/store-locator/cvs-pharmacy-locations/Wisconsin/Madison
Wisconsin,Manitowoc,https://www.cvs.com/store-locator/cvs-pharmacy-locations/Wisconsin/Manitowoc
Wisconsin,Menomonee-Falls,https://www.cvs.com/store-locator/cvs-pharmacy-locations/Wisconsin/Menomonee-Falls
Wisconsin,Menomonie,https://www.cvs.com/store-locator/cvs-pharmacy-locations/Wisconsin/Menomonie
Wisconsin,Middleton,https://www.cvs.com/store-locator/cvs-pharmacy-locations/Wisconsin/Middleton
Wisconsin,Milwaukee,https://www.cvs.com/store-locator/cvs-pharmacy-locations/Wisconsin/Milwaukee
Wisconsin,Neenah,https://www.cvs.com/store-locator/cvs-pharmacy-locations/Wisconsin/Neenah
Wisconsin,New-Berlin,https://www.cvs.com/store-locator/cvs-pharmacy-locations/Wisconsin/New-Berlin
Wisconsin,Oak-Creek,https://www.cvs.com/store-locator/cvs-pharmacy-locations/Wisconsin/Oak-Creek
Wisconsin,Onalaska,https://www.cvs.com/store-locator/cvs-pharmacy-locations/Wisconsin/Onalaska
Wisconsin,Oshkosh,https://www.cvs.com/store-locator/cvs-pharmacy-locations/Wisconsin/Oshkosh
Wisconsin,Pewaukee,https://www.cvs.com/store-locator/cvs-pharmacy-locations/Wisconsin/Pewaukee
Wisconsin,Pleasant-Prairie,https://www.cvs.com/store-locator/cvs-pharmacy-locations/Wisconsin/Pleasant-Prairie
Wisconsin,Racine,https://www.cvs.com/store-locator/cvs-pharmacy-locations/Wisconsin/Racine
Wisconsin,Schofield,https://www.cvs.com/store-locator/cvs-pharmacy-locations/Wisconsin/Schofield
Wisconsin,Sheboygan,https://www.cvs.com/store-locator/cvs-pharmacy-locations/Wisconsin/Sheboygan
Wisconsin,Sheboygan-Falls,https://www.cvs.com/store-locator/cvs-pharmacy-locations/Wisconsin/Sheboygan-Falls
Wisconsin,Sturgeon-Bay,https://www.cvs.com/store-locator/cvs-pharmacy-locations/Wisconsin/Sturgeon-Bay
Wisconsin,Sun-Prairie,https://www.cvs.com/store-locator/cvs-pharmacy-locations/Wisconsin/Sun-Prairie
Wisconsin,Superior,https://www.cvs.com/store-locator/cvs-pharmacy-locations/Wisconsin/Superior
Wisconsin,Waukesha,https://www.cvs.com/store-locator/cvs-pharmacy-locations/Wisconsin/Waukesha
Wisconsin,Wausau,https://www.cvs.com/store-locator/cvs-pharmacy-locations/Wisconsin/Wausau
Wisconsin,Wauwatosa,https://www.cvs.com/store-locator/cvs-pharmacy-locations/Wisconsin/Wauwatosa
Wisconsin,West-Allis,https://www.cvs.com/store-locator/cvs-pharmacy-locations/Wisconsin/West-Allis
Wisconsin,West-Milwaukee,https://www.cvs.com/store-locator/cvs-pharmacy-locations/Wisconsin/West-Milwaukee
Wisconsin,Whitefish-Bay,https://www.cvs.com/store-locator/cvs-pharmacy-locations/Wisconsin/Whitefish-Bay
Wisconsin,Wisconsin-Rapids,https://www.cvs.com/store-locator/cvs-pharmacy-locations/Wisconsin/Wisconsin-Rapids
Wyoming,Casper,https://www.cvs.com/store-locator/cvs-pharmacy-locations/Wyoming/Casper
Wyoming,Cheyenne,https://www.cvs.com/store-locator/cvs-pharmacy-locations/Wyoming/Cheyenne
